minute_timestamp,avg_base_fee_gwei
2023-03-10 00:00:00.000000 UTC,29.4510618046
2023-03-10 00:01:00.000000 UTC,30.5857975028
2023-03-10 00:02:00.000000 UTC,30.526772944599998
2023-03-10 00:03:00.000000 UTC,28.4238084386
2023-03-10 00:04:00.000000 UTC,26.156015406799998
2023-03-10 00:05:00.000000 UTC,25.6313080668
2023-03-10 00:06:00.000000 UTC,25.419353479
2023-03-10 00:07:00.000000 UTC,24.595359301200002
2023-03-10 00:08:00.000000 UTC,25.1994856486
2023-03-10 00:09:00.000000 UTC,25.340690294599998
2023-03-10 00:10:00.000000 UTC,27.0758975706
2023-03-10 00:11:00.000000 UTC,27.59953502
2023-03-10 00:12:00.000000 UTC,26.4194223618
2023-03-10 00:13:00.000000 UTC,26.940331140799998
2023-03-10 00:14:00.000000 UTC,25.8271181034
2023-03-10 00:15:00.000000 UTC,30.716399151599997
2023-03-10 00:16:00.000000 UTC,31.2514288614
2023-03-10 00:17:00.000000 UTC,31.374774080599998
2023-03-10 00:18:00.000000 UTC,30.728851204599998
2023-03-10 00:19:00.000000 UTC,30.2540390692
2023-03-10 00:20:00.000000 UTC,31.70546934
2023-03-10 00:21:00.000000 UTC,32.1248545478
2023-03-10 00:22:00.000000 UTC,37.3597714522
2023-03-10 00:23:00.000000 UTC,55.4543236194
2023-03-10 00:24:00.000000 UTC,51.1410539888
2023-03-10 00:25:00.000000 UTC,47.274526331199993
2023-03-10 00:26:00.000000 UTC,45.1700372516
2023-03-10 00:27:00.000000 UTC,44.92669925875
2023-03-10 00:28:00.000000 UTC,41.3289784758
2023-03-10 00:29:00.000000 UTC,35.234747428599995
2023-03-10 00:30:00.000000 UTC,33.642522887
2023-03-10 00:31:00.000000 UTC,34.038968337200004
2023-03-10 00:32:00.000000 UTC,32.5760055292
2023-03-10 00:33:00.000000 UTC,30.8804264576
2023-03-10 00:34:00.000000 UTC,29.4753689746
2023-03-10 00:35:00.000000 UTC,28.8929714992
2023-03-10 00:36:00.000000 UTC,26.859889374799998
2023-03-10 00:37:00.000000 UTC,27.269721393599998
2023-03-10 00:38:00.000000 UTC,29.250278095200002
2023-03-10 00:39:00.000000 UTC,28.444691789
2023-03-10 00:40:00.000000 UTC,27.3494053512
2023-03-10 00:41:00.000000 UTC,26.487334567599998
2023-03-10 00:42:00.000000 UTC,26.904817137
2023-03-10 00:43:00.000000 UTC,26.722244098
2023-03-10 00:44:00.000000 UTC,25.7389580686
2023-03-10 00:45:00.000000 UTC,29.4215143938
2023-03-10 00:46:00.000000 UTC,28.416436613
2023-03-10 00:47:00.000000 UTC,26.5631373802
2023-03-10 00:48:00.000000 UTC,25.498539552
2023-03-10 00:49:00.000000 UTC,26.588577424
2023-03-10 00:50:00.000000 UTC,25.425727909
2023-03-10 00:51:00.000000 UTC,26.9407161682
2023-03-10 00:52:00.000000 UTC,25.4513197588
2023-03-10 00:53:00.000000 UTC,27.747851302599997
2023-03-10 00:54:00.000000 UTC,25.921835882
2023-03-10 00:55:00.000000 UTC,26.060500537
2023-03-10 00:56:00.000000 UTC,28.2622005418
2023-03-10 00:57:00.000000 UTC,27.5351661882
2023-03-10 00:58:00.000000 UTC,29.56256050775
2023-03-10 00:59:00.000000 UTC,31.03738927
2023-03-10 01:00:00.000000 UTC,33.3359197412
2023-03-10 01:01:00.000000 UTC,35.507133455
2023-03-10 01:02:00.000000 UTC,33.383902647
2023-03-10 01:03:00.000000 UTC,30.6330662612
2023-03-10 01:04:00.000000 UTC,29.881689476
2023-03-10 01:05:00.000000 UTC,31.1536840008
2023-03-10 01:06:00.000000 UTC,33.081312287
2023-03-10 01:07:00.000000 UTC,34.6353228675
2023-03-10 01:08:00.000000 UTC,32.7881136698
2023-03-10 01:09:00.000000 UTC,31.466692387400002
2023-03-10 01:10:00.000000 UTC,31.251160027799997
2023-03-10 01:11:00.000000 UTC,30.1908054204
2023-03-10 01:12:00.000000 UTC,28.9701897462
2023-03-10 01:13:00.000000 UTC,27.365807143
2023-03-10 01:14:00.000000 UTC,27.851266211200002
2023-03-10 01:15:00.000000 UTC,27.171240825
2023-03-10 01:16:00.000000 UTC,26.993926727799998
2023-03-10 01:17:00.000000 UTC,26.662310629
2023-03-10 01:18:00.000000 UTC,31.5405812646
2023-03-10 01:19:00.000000 UTC,31.121162528400003
2023-03-10 01:20:00.000000 UTC,30.84432822
2023-03-10 01:21:00.000000 UTC,31.25672271325
2023-03-10 01:22:00.000000 UTC,32.5718475248
2023-03-10 01:23:00.000000 UTC,31.2825749812
2023-03-10 01:24:00.000000 UTC,31.8267735414
2023-03-10 01:25:00.000000 UTC,32.3088221716
2023-03-10 01:26:00.000000 UTC,30.732205635
2023-03-10 01:27:00.000000 UTC,29.8524335938
2023-03-10 01:28:00.000000 UTC,27.9669307486
2023-03-10 01:29:00.000000 UTC,28.455232107599997
2023-03-10 01:30:00.000000 UTC,31.000503557200002
2023-03-10 01:31:00.000000 UTC,31.007040752
2023-03-10 01:32:00.000000 UTC,30.18256420075
2023-03-10 01:33:00.000000 UTC,34.617076151
2023-03-10 01:34:00.000000 UTC,32.6234814174
2023-03-10 01:35:00.000000 UTC,34.448809696199994
2023-03-10 01:36:00.000000 UTC,30.6375424686
2023-03-10 01:37:00.000000 UTC,28.7922272006
2023-03-10 01:38:00.000000 UTC,29.618918134
2023-03-10 01:39:00.000000 UTC,28.6821712498
2023-03-10 01:40:00.000000 UTC,28.56799620075
2023-03-10 01:41:00.000000 UTC,26.9693529084
2023-03-10 01:42:00.000000 UTC,26.8049162546
2023-03-10 01:43:00.000000 UTC,25.978305335
2023-03-10 01:44:00.000000 UTC,25.0891093236
2023-03-10 01:45:00.000000 UTC,25.927774818
2023-03-10 01:46:00.000000 UTC,24.9702330464
2023-03-10 01:47:00.000000 UTC,24.2566410636
2023-03-10 01:48:00.000000 UTC,25.390761305799998
2023-03-10 01:49:00.000000 UTC,26.24409411575
2023-03-10 01:50:00.000000 UTC,25.8171206234
2023-03-10 01:51:00.000000 UTC,26.46497527225
2023-03-10 01:52:00.000000 UTC,25.492004084799998
2023-03-10 01:53:00.000000 UTC,24.236255964
2023-03-10 01:54:00.000000 UTC,24.0916476868
2023-03-10 01:55:00.000000 UTC,24.0589003822
2023-03-10 01:56:00.000000 UTC,22.9869933666
2023-03-10 01:57:00.000000 UTC,22.5367077408
2023-03-10 01:58:00.000000 UTC,27.7808822388
2023-03-10 01:59:00.000000 UTC,29.8822306962
2023-03-10 02:00:00.000000 UTC,28.7393861742
2023-03-10 02:01:00.000000 UTC,25.854520836
2023-03-10 02:02:00.000000 UTC,24.0950366375
2023-03-10 02:03:00.000000 UTC,23.0629948742
2023-03-10 02:04:00.000000 UTC,25.3319531894
2023-03-10 02:05:00.000000 UTC,23.173509883
2023-03-10 02:06:00.000000 UTC,22.0851591628
2023-03-10 02:07:00.000000 UTC,21.9057705518
2023-03-10 02:08:00.000000 UTC,25.3003155554
2023-03-10 02:09:00.000000 UTC,26.1065192464
2023-03-10 02:10:00.000000 UTC,25.1015853256
2023-03-10 02:11:00.000000 UTC,24.9984387022
2023-03-10 02:12:00.000000 UTC,24.8922738282
2023-03-10 02:13:00.000000 UTC,27.129082570599998
2023-03-10 02:14:00.000000 UTC,25.570001001
2023-03-10 02:15:00.000000 UTC,27.161796981200002
2023-03-10 02:16:00.000000 UTC,26.5829271302
2023-03-10 02:17:00.000000 UTC,25.03538619
2023-03-10 02:18:00.000000 UTC,25.071620359
2023-03-10 02:19:00.000000 UTC,23.546094229599998
2023-03-10 02:20:00.000000 UTC,22.745805667400003
2023-03-10 02:21:00.000000 UTC,24.80042001275
2023-03-10 02:22:00.000000 UTC,26.328599589
2023-03-10 02:23:00.000000 UTC,25.316834930400002
2023-03-10 02:24:00.000000 UTC,24.620722457
2023-03-10 02:25:00.000000 UTC,23.4206831116
2023-03-10 02:26:00.000000 UTC,25.086568981
2023-03-10 02:27:00.000000 UTC,25.315563881
2023-03-10 02:28:00.000000 UTC,26.9936416216
2023-03-10 02:29:00.000000 UTC,29.62990693825
2023-03-10 02:30:00.000000 UTC,32.8484538086
2023-03-10 02:31:00.000000 UTC,34.9561794624
2023-03-10 02:32:00.000000 UTC,35.764385423
2023-03-10 02:33:00.000000 UTC,35.171362550400005
2023-03-10 02:34:00.000000 UTC,34.689602507
2023-03-10 02:35:00.000000 UTC,30.9230160166
2023-03-10 02:36:00.000000 UTC,29.564809807
2023-03-10 02:37:00.000000 UTC,29.047665909400003
2023-03-10 02:38:00.000000 UTC,28.177594817400003
2023-03-10 02:39:00.000000 UTC,27.315253962
2023-03-10 02:40:00.000000 UTC,29.2666909454
2023-03-10 02:41:00.000000 UTC,27.3716858332
2023-03-10 02:42:00.000000 UTC,26.8642235822
2023-03-10 02:43:00.000000 UTC,26.0610590458
2023-03-10 02:44:00.000000 UTC,25.811908445599997
2023-03-10 02:45:00.000000 UTC,25.7016690978
2023-03-10 02:46:00.000000 UTC,25.492333777
2023-03-10 02:47:00.000000 UTC,23.4422775142
2023-03-10 02:48:00.000000 UTC,24.2959229772
2023-03-10 02:49:00.000000 UTC,22.951359983
2023-03-10 02:50:00.000000 UTC,23.443650882
2023-03-10 02:51:00.000000 UTC,23.445018402400002
2023-03-10 02:52:00.000000 UTC,26.297225856
2023-03-10 02:53:00.000000 UTC,25.9383205504
2023-03-10 02:54:00.000000 UTC,26.609867998200002
2023-03-10 02:55:00.000000 UTC,27.430872106200002
2023-03-10 02:56:00.000000 UTC,28.672102818
2023-03-10 02:57:00.000000 UTC,28.192338274
2023-03-10 02:58:00.000000 UTC,31.91182003
2023-03-10 02:59:00.000000 UTC,31.430332067200002
2023-03-10 03:00:00.000000 UTC,32.0559164904
2023-03-10 03:01:00.000000 UTC,34.826448626
2023-03-10 03:02:00.000000 UTC,34.5584456364
2023-03-10 03:03:00.000000 UTC,32.7248965145
2023-03-10 03:04:00.000000 UTC,33.3695655318
2023-03-10 03:05:00.000000 UTC,32.063309524400005
2023-03-10 03:06:00.000000 UTC,31.972683865599997
2023-03-10 03:07:00.000000 UTC,30.7958417758
2023-03-10 03:08:00.000000 UTC,27.9840647946
2023-03-10 03:09:00.000000 UTC,26.7058552176
2023-03-10 03:10:00.000000 UTC,26.1170324022
2023-03-10 03:11:00.000000 UTC,24.039127737
2023-03-10 03:12:00.000000 UTC,24.4293430536
2023-03-10 03:13:00.000000 UTC,24.1126222316
2023-03-10 03:14:00.000000 UTC,25.8470402792
2023-03-10 03:15:00.000000 UTC,26.2848724412
2023-03-10 03:16:00.000000 UTC,24.9723751834
2023-03-10 03:17:00.000000 UTC,23.352741447
2023-03-10 03:18:00.000000 UTC,23.1781446838
2023-03-10 03:19:00.000000 UTC,23.880678842
2023-03-10 03:20:00.000000 UTC,23.277116622799998
2023-03-10 03:21:00.000000 UTC,23.6409107244
2023-03-10 03:22:00.000000 UTC,23.1823743095
2023-03-10 03:23:00.000000 UTC,23.12946283325
2023-03-10 03:24:00.000000 UTC,23.9452081488
2023-03-10 03:25:00.000000 UTC,24.630926394400003
2023-03-10 03:26:00.000000 UTC,23.3989844766
2023-03-10 03:27:00.000000 UTC,21.819395498200002
2023-03-10 03:28:00.000000 UTC,22.0343671638
2023-03-10 03:29:00.000000 UTC,22.0092048926
2023-03-10 03:30:00.000000 UTC,20.732940563
2023-03-10 03:31:00.000000 UTC,22.4885316466
2023-03-10 03:32:00.000000 UTC,23.1512736674
2023-03-10 03:33:00.000000 UTC,22.3201394582
2023-03-10 03:34:00.000000 UTC,22.3510457658
2023-03-10 03:35:00.000000 UTC,22.591642602599997
2023-03-10 03:36:00.000000 UTC,22.1903962658
2023-03-10 03:37:00.000000 UTC,23.7257123455
2023-03-10 03:38:00.000000 UTC,25.7841034886
2023-03-10 03:39:00.000000 UTC,24.407264174
2023-03-10 03:40:00.000000 UTC,23.3139767674
2023-03-10 03:41:00.000000 UTC,23.0319468716
2023-03-10 03:42:00.000000 UTC,22.178665975599998
2023-03-10 03:43:00.000000 UTC,22.143193603
2023-03-10 03:44:00.000000 UTC,23.3047989958
2023-03-10 03:45:00.000000 UTC,21.451078576599997
2023-03-10 03:46:00.000000 UTC,21.8269160494
2023-03-10 03:47:00.000000 UTC,20.8984938568
2023-03-10 03:48:00.000000 UTC,21.608876800599997
2023-03-10 03:49:00.000000 UTC,20.8306055784
2023-03-10 03:50:00.000000 UTC,22.7845997308
2023-03-10 03:51:00.000000 UTC,21.6176421034
2023-03-10 03:52:00.000000 UTC,21.8483787708
2023-03-10 03:53:00.000000 UTC,22.404409577400003
2023-03-10 03:54:00.000000 UTC,21.425790321
2023-03-10 03:55:00.000000 UTC,21.3990197614
2023-03-10 03:56:00.000000 UTC,21.5655447404
2023-03-10 03:57:00.000000 UTC,21.3541456878
2023-03-10 03:58:00.000000 UTC,21.47269050075
2023-03-10 03:59:00.000000 UTC,22.3005361144
2023-03-10 04:00:00.000000 UTC,25.512531753
2023-03-10 04:01:00.000000 UTC,24.923081511400003
2023-03-10 04:02:00.000000 UTC,23.536855984
2023-03-10 04:03:00.000000 UTC,24.499248667
2023-03-10 04:04:00.000000 UTC,23.270527911200002
2023-03-10 04:05:00.000000 UTC,23.372897266
2023-03-10 04:06:00.000000 UTC,24.214573450400003
2023-03-10 04:07:00.000000 UTC,24.5694181752
2023-03-10 04:08:00.000000 UTC,24.737374040200002
2023-03-10 04:09:00.000000 UTC,23.779800631
2023-03-10 04:10:00.000000 UTC,23.8652256408
2023-03-10 04:11:00.000000 UTC,23.5128319234
2023-03-10 04:12:00.000000 UTC,25.723358343
2023-03-10 04:13:00.000000 UTC,27.09002927
2023-03-10 04:14:00.000000 UTC,24.494759251599998
2023-03-10 04:15:00.000000 UTC,24.1782111672
2023-03-10 04:16:00.000000 UTC,25.52413314825
2023-03-10 04:17:00.000000 UTC,24.3034525252
2023-03-10 04:18:00.000000 UTC,23.2416653626
2023-03-10 04:19:00.000000 UTC,23.2021398086
2023-03-10 04:20:00.000000 UTC,22.440087243
2023-03-10 04:21:00.000000 UTC,22.821478852200002
2023-03-10 04:22:00.000000 UTC,21.7501743884
2023-03-10 04:23:00.000000 UTC,21.515920067
2023-03-10 04:24:00.000000 UTC,21.830306441799998
2023-03-10 04:25:00.000000 UTC,21.0026949098
2023-03-10 04:26:00.000000 UTC,21.8357112142
2023-03-10 04:27:00.000000 UTC,21.011207623
2023-03-10 04:28:00.000000 UTC,22.9968173336
2023-03-10 04:29:00.000000 UTC,23.5903213634
2023-03-10 04:30:00.000000 UTC,22.284476722
2023-03-10 04:31:00.000000 UTC,22.482357073400003
2023-03-10 04:32:00.000000 UTC,21.545767481400002
2023-03-10 04:33:00.000000 UTC,22.832611272
2023-03-10 04:34:00.000000 UTC,24.0685714904
2023-03-10 04:35:00.000000 UTC,25.9066545412
2023-03-10 04:36:00.000000 UTC,28.7292172732
2023-03-10 04:37:00.000000 UTC,29.6099282032
2023-03-10 04:38:00.000000 UTC,30.2092314776
2023-03-10 04:39:00.000000 UTC,27.6131117606
2023-03-10 04:40:00.000000 UTC,26.3006340106
2023-03-10 04:41:00.000000 UTC,23.4467110902
2023-03-10 04:42:00.000000 UTC,22.9524568326
2023-03-10 04:43:00.000000 UTC,21.3631935118
2023-03-10 04:44:00.000000 UTC,20.013788261
2023-03-10 04:45:00.000000 UTC,21.904906235200002
2023-03-10 04:46:00.000000 UTC,20.8250594306
2023-03-10 04:47:00.000000 UTC,24.764331314400003
2023-03-10 04:48:00.000000 UTC,24.029124036400002
2023-03-10 04:49:00.000000 UTC,23.768044842
2023-03-10 04:50:00.000000 UTC,23.9983080496
2023-03-10 04:51:00.000000 UTC,25.637414590200002
2023-03-10 04:52:00.000000 UTC,22.5868613964
2023-03-10 04:53:00.000000 UTC,23.99904324725
2023-03-10 04:54:00.000000 UTC,22.819421554799998
2023-03-10 04:55:00.000000 UTC,22.786523854
2023-03-10 04:56:00.000000 UTC,21.98040247
2023-03-10 04:57:00.000000 UTC,22.0131078142
2023-03-10 04:58:00.000000 UTC,23.9607636442
2023-03-10 04:59:00.000000 UTC,22.115537949
2023-03-10 05:00:00.000000 UTC,21.8018243922
2023-03-10 05:01:00.000000 UTC,21.412981371
2023-03-10 05:02:00.000000 UTC,20.9368904694
2023-03-10 05:03:00.000000 UTC,21.0617741658
2023-03-10 05:04:00.000000 UTC,20.963474173599998
2023-03-10 05:05:00.000000 UTC,21.0713897722
2023-03-10 05:06:00.000000 UTC,22.5716315292
2023-03-10 05:07:00.000000 UTC,22.789927879
2023-03-10 05:08:00.000000 UTC,22.2338900512
2023-03-10 05:09:00.000000 UTC,21.166588405200002
2023-03-10 05:10:00.000000 UTC,22.220281460400003
2023-03-10 05:11:00.000000 UTC,21.4531919438
2023-03-10 05:12:00.000000 UTC,21.9171301882
2023-03-10 05:13:00.000000 UTC,21.849337231
2023-03-10 05:14:00.000000 UTC,20.849404160400002
2023-03-10 05:15:00.000000 UTC,20.86727269
2023-03-10 05:16:00.000000 UTC,21.005365281400003
2023-03-10 05:17:00.000000 UTC,20.388009231799998
2023-03-10 05:18:00.000000 UTC,20.845123531
2023-03-10 05:19:00.000000 UTC,21.1320800712
2023-03-10 05:20:00.000000 UTC,21.0729422426
2023-03-10 05:21:00.000000 UTC,21.8262122758
2023-03-10 05:22:00.000000 UTC,20.492479240799998
2023-03-10 05:23:00.000000 UTC,23.0046233148
2023-03-10 05:24:00.000000 UTC,21.153111614
2023-03-10 05:25:00.000000 UTC,21.1037805022
2023-03-10 05:26:00.000000 UTC,21.6778623718
2023-03-10 05:27:00.000000 UTC,20.7518078506
2023-03-10 05:28:00.000000 UTC,22.078729682
2023-03-10 05:29:00.000000 UTC,19.8351960408
2023-03-10 05:30:00.000000 UTC,21.532871617599998
2023-03-10 05:31:00.000000 UTC,20.69746696025
2023-03-10 05:32:00.000000 UTC,21.6175788638
2023-03-10 05:33:00.000000 UTC,21.4172068774
2023-03-10 05:34:00.000000 UTC,21.3766334336
2023-03-10 05:35:00.000000 UTC,20.8762835886
2023-03-10 05:36:00.000000 UTC,20.9605910776
2023-03-10 05:37:00.000000 UTC,21.8449959265
2023-03-10 05:38:00.000000 UTC,21.841985403400002
2023-03-10 05:39:00.000000 UTC,21.483475364
2023-03-10 05:40:00.000000 UTC,20.2566934798
2023-03-10 05:41:00.000000 UTC,19.7459681858
2023-03-10 05:42:00.000000 UTC,19.649482030799998
2023-03-10 05:43:00.000000 UTC,19.96536289825
2023-03-10 05:44:00.000000 UTC,19.361941849599997
2023-03-10 05:45:00.000000 UTC,21.1247501456
2023-03-10 05:46:00.000000 UTC,19.969306541
2023-03-10 05:47:00.000000 UTC,19.6182007816
2023-03-10 05:48:00.000000 UTC,19.0939649488
2023-03-10 05:49:00.000000 UTC,19.4464834288
2023-03-10 05:50:00.000000 UTC,21.0471774052
2023-03-10 05:51:00.000000 UTC,21.102276254
2023-03-10 05:52:00.000000 UTC,20.344399251400002
2023-03-10 05:53:00.000000 UTC,20.334648607
2023-03-10 05:54:00.000000 UTC,19.4343079384
2023-03-10 05:55:00.000000 UTC,18.7383840854
2023-03-10 05:56:00.000000 UTC,20.8029062294
2023-03-10 05:57:00.000000 UTC,20.8569413734
2023-03-10 05:58:00.000000 UTC,21.32551502875
2023-03-10 05:59:00.000000 UTC,19.5733238962
2023-03-10 06:00:00.000000 UTC,19.7877870128
2023-03-10 06:01:00.000000 UTC,21.655878310200002
2023-03-10 06:02:00.000000 UTC,22.4010367254
2023-03-10 06:03:00.000000 UTC,22.125161902200002
2023-03-10 06:04:00.000000 UTC,22.6693172866
2023-03-10 06:05:00.000000 UTC,22.29993501
2023-03-10 06:06:00.000000 UTC,22.1440166404
2023-03-10 06:07:00.000000 UTC,21.281743392
2023-03-10 06:08:00.000000 UTC,22.8393401115
2023-03-10 06:09:00.000000 UTC,23.45255299625
2023-03-10 06:10:00.000000 UTC,23.995203195
2023-03-10 06:11:00.000000 UTC,23.5915643278
2023-03-10 06:12:00.000000 UTC,22.713886161799998
2023-03-10 06:13:00.000000 UTC,22.08034741
2023-03-10 06:14:00.000000 UTC,21.7842456528
2023-03-10 06:15:00.000000 UTC,21.685938927400002
2023-03-10 06:16:00.000000 UTC,20.609734876
2023-03-10 06:17:00.000000 UTC,19.486013867
2023-03-10 06:18:00.000000 UTC,20.3079055534
2023-03-10 06:19:00.000000 UTC,19.397401627599997
2023-03-10 06:20:00.000000 UTC,19.1342219352
2023-03-10 06:21:00.000000 UTC,18.8444844638
2023-03-10 06:22:00.000000 UTC,21.073918608
2023-03-10 06:23:00.000000 UTC,22.794366268799997
2023-03-10 06:24:00.000000 UTC,20.321610882
2023-03-10 06:25:00.000000 UTC,22.6085416584
2023-03-10 06:26:00.000000 UTC,21.0756305172
2023-03-10 06:27:00.000000 UTC,20.370174621
2023-03-10 06:28:00.000000 UTC,20.4526327128
2023-03-10 06:29:00.000000 UTC,20.1367476836
2023-03-10 06:30:00.000000 UTC,20.3050994644
2023-03-10 06:31:00.000000 UTC,19.558233933
2023-03-10 06:32:00.000000 UTC,19.988132320200002
2023-03-10 06:33:00.000000 UTC,20.686029297
2023-03-10 06:34:00.000000 UTC,20.729427135799998
2023-03-10 06:35:00.000000 UTC,20.77727135475
2023-03-10 06:36:00.000000 UTC,22.261716531799998
2023-03-10 06:37:00.000000 UTC,20.7418232928
2023-03-10 06:38:00.000000 UTC,20.5346484068
2023-03-10 06:39:00.000000 UTC,21.12893896375
2023-03-10 06:40:00.000000 UTC,22.733268240599998
2023-03-10 06:41:00.000000 UTC,21.3054300754
2023-03-10 06:42:00.000000 UTC,21.016876148
2023-03-10 06:43:00.000000 UTC,19.478382381400003
2023-03-10 06:44:00.000000 UTC,20.7909167884
2023-03-10 06:45:00.000000 UTC,20.9431117128
2023-03-10 06:46:00.000000 UTC,21.4153383876
2023-03-10 06:47:00.000000 UTC,20.888587733
2023-03-10 06:48:00.000000 UTC,21.4359838498
2023-03-10 06:49:00.000000 UTC,21.5013785394
2023-03-10 06:50:00.000000 UTC,20.815615257799998
2023-03-10 06:51:00.000000 UTC,20.183308116
2023-03-10 06:52:00.000000 UTC,20.7391891746
2023-03-10 06:53:00.000000 UTC,21.5836811222
2023-03-10 06:54:00.000000 UTC,21.8841903582
2023-03-10 06:55:00.000000 UTC,20.678211264599998
2023-03-10 06:56:00.000000 UTC,19.5252528738
2023-03-10 06:57:00.000000 UTC,21.3169577286
2023-03-10 06:58:00.000000 UTC,21.5419609224
2023-03-10 06:59:00.000000 UTC,21.036632867599998
2023-03-10 07:00:00.000000 UTC,20.490599308
2023-03-10 07:01:00.000000 UTC,20.9564970088
2023-03-10 07:02:00.000000 UTC,21.169471825400002
2023-03-10 07:03:00.000000 UTC,21.2835928762
2023-03-10 07:04:00.000000 UTC,21.18899815925
2023-03-10 07:05:00.000000 UTC,20.7252238586
2023-03-10 07:06:00.000000 UTC,19.5233669406
2023-03-10 07:07:00.000000 UTC,21.8102407696
2023-03-10 07:08:00.000000 UTC,22.517405518
2023-03-10 07:09:00.000000 UTC,23.634231568
2023-03-10 07:10:00.000000 UTC,23.804864547799998
2023-03-10 07:11:00.000000 UTC,25.443852281
2023-03-10 07:12:00.000000 UTC,23.831016804599997
2023-03-10 07:13:00.000000 UTC,23.065805721599997
2023-03-10 07:14:00.000000 UTC,23.415796388599997
2023-03-10 07:15:00.000000 UTC,24.45110537925
2023-03-10 07:16:00.000000 UTC,24.7911591606
2023-03-10 07:17:00.000000 UTC,23.9637483092
2023-03-10 07:18:00.000000 UTC,24.910484993599997
2023-03-10 07:19:00.000000 UTC,25.140824332599998
2023-03-10 07:20:00.000000 UTC,26.0762669356
2023-03-10 07:21:00.000000 UTC,24.399199684
2023-03-10 07:22:00.000000 UTC,23.439607886599997
2023-03-10 07:23:00.000000 UTC,25.0164949152
2023-03-10 07:24:00.000000 UTC,24.863529186
2023-03-10 07:25:00.000000 UTC,24.582929572799998
2023-03-10 07:26:00.000000 UTC,23.7927580094
2023-03-10 07:27:00.000000 UTC,22.5050808404
2023-03-10 07:28:00.000000 UTC,21.979912319599997
2023-03-10 07:29:00.000000 UTC,22.145365554599998
2023-03-10 07:30:00.000000 UTC,23.6218196992
2023-03-10 07:31:00.000000 UTC,24.1037063098
2023-03-10 07:32:00.000000 UTC,23.0533041488
2023-03-10 07:33:00.000000 UTC,24.928382097
2023-03-10 07:34:00.000000 UTC,27.291406517
2023-03-10 07:35:00.000000 UTC,27.1212421718
2023-03-10 07:36:00.000000 UTC,26.367077264400002
2023-03-10 07:37:00.000000 UTC,24.464424398
2023-03-10 07:38:00.000000 UTC,23.8846601506
2023-03-10 07:39:00.000000 UTC,22.137223856
2023-03-10 07:40:00.000000 UTC,23.1681562976
2023-03-10 07:41:00.000000 UTC,25.859786802400002
2023-03-10 07:42:00.000000 UTC,23.750956009400003
2023-03-10 07:43:00.000000 UTC,21.7223676118
2023-03-10 07:44:00.000000 UTC,22.025731738799998
2023-03-10 07:45:00.000000 UTC,21.4365781204
2023-03-10 07:46:00.000000 UTC,20.5423835944
2023-03-10 07:47:00.000000 UTC,22.5280596168
2023-03-10 07:48:00.000000 UTC,23.8945292975
2023-03-10 07:49:00.000000 UTC,24.2046048212
2023-03-10 07:50:00.000000 UTC,23.716914241
2023-03-10 07:51:00.000000 UTC,24.0975799974
2023-03-10 07:52:00.000000 UTC,21.7906287102
2023-03-10 07:53:00.000000 UTC,20.8308448298
2023-03-10 07:54:00.000000 UTC,20.5860234458
2023-03-10 07:55:00.000000 UTC,20.0310176674
2023-03-10 07:56:00.000000 UTC,19.6734945798
2023-03-10 07:57:00.000000 UTC,19.9497209272
2023-03-10 07:58:00.000000 UTC,19.066795843
2023-03-10 07:59:00.000000 UTC,19.8666490956
2023-03-10 08:00:00.000000 UTC,21.2180681612
2023-03-10 08:01:00.000000 UTC,21.1637341542
2023-03-10 08:02:00.000000 UTC,19.5546179914
2023-03-10 08:03:00.000000 UTC,20.2500473794
2023-03-10 08:04:00.000000 UTC,18.9051091428
2023-03-10 08:05:00.000000 UTC,19.341851297799998
2023-03-10 08:06:00.000000 UTC,18.450635178400002
2023-03-10 08:07:00.000000 UTC,22.7212885072
2023-03-10 08:08:00.000000 UTC,22.2205417752
2023-03-10 08:09:00.000000 UTC,23.4077356132
2023-03-10 08:10:00.000000 UTC,22.019641847
2023-03-10 08:11:00.000000 UTC,22.5604176756
2023-03-10 08:12:00.000000 UTC,22.4780601388
2023-03-10 08:13:00.000000 UTC,21.7342623736
2023-03-10 08:14:00.000000 UTC,21.4479558102
2023-03-10 08:15:00.000000 UTC,20.6885014816
2023-03-10 08:16:00.000000 UTC,20.490122255
2023-03-10 08:17:00.000000 UTC,22.720479415
2023-03-10 08:18:00.000000 UTC,21.4558574338
2023-03-10 08:19:00.000000 UTC,21.1968551366
2023-03-10 08:20:00.000000 UTC,21.0661106628
2023-03-10 08:21:00.000000 UTC,24.796904494
2023-03-10 08:22:00.000000 UTC,22.037830038400003
2023-03-10 08:23:00.000000 UTC,22.0387555114
2023-03-10 08:24:00.000000 UTC,21.3102471654
2023-03-10 08:25:00.000000 UTC,22.055953922599997
2023-03-10 08:26:00.000000 UTC,21.072398168400003
2023-03-10 08:27:00.000000 UTC,20.987271171
2023-03-10 08:28:00.000000 UTC,21.651626112400002
2023-03-10 08:29:00.000000 UTC,19.86269293575
2023-03-10 08:30:00.000000 UTC,22.5250355712
2023-03-10 08:31:00.000000 UTC,21.7554479068
2023-03-10 08:32:00.000000 UTC,20.540215834799998
2023-03-10 08:33:00.000000 UTC,21.580535387799998
2023-03-10 08:34:00.000000 UTC,20.170407867599998
2023-03-10 08:35:00.000000 UTC,19.6239345665
2023-03-10 08:36:00.000000 UTC,20.245981624
2023-03-10 08:37:00.000000 UTC,21.552946945400002
2023-03-10 08:38:00.000000 UTC,21.0575531848
2023-03-10 08:39:00.000000 UTC,21.095646600200002
2023-03-10 08:40:00.000000 UTC,22.1920689168
2023-03-10 08:41:00.000000 UTC,20.8381435612
2023-03-10 08:42:00.000000 UTC,22.1014632378
2023-03-10 08:43:00.000000 UTC,26.16952790425
2023-03-10 08:44:00.000000 UTC,29.088606232
2023-03-10 08:45:00.000000 UTC,29.53606220925
2023-03-10 08:46:00.000000 UTC,26.8026672678
2023-03-10 08:47:00.000000 UTC,24.6489567142
2023-03-10 08:48:00.000000 UTC,23.067225676400003
2023-03-10 08:49:00.000000 UTC,22.211861518
2023-03-10 08:50:00.000000 UTC,21.846394407400002
2023-03-10 08:51:00.000000 UTC,21.908149999
2023-03-10 08:52:00.000000 UTC,21.8104851012
2023-03-10 08:53:00.000000 UTC,21.6048389368
2023-03-10 08:54:00.000000 UTC,21.6417046884
2023-03-10 08:55:00.000000 UTC,23.59958249475
2023-03-10 08:56:00.000000 UTC,24.1054849228
2023-03-10 08:57:00.000000 UTC,21.4952896542
2023-03-10 08:58:00.000000 UTC,20.191479555599997
2023-03-10 08:59:00.000000 UTC,19.963439396
2023-03-10 09:00:00.000000 UTC,21.7796959164
2023-03-10 09:01:00.000000 UTC,22.1493619635
2023-03-10 09:02:00.000000 UTC,22.4601403974
2023-03-10 09:03:00.000000 UTC,20.256243287
2023-03-10 09:04:00.000000 UTC,19.4463263608
2023-03-10 09:05:00.000000 UTC,19.722149701400003
2023-03-10 09:06:00.000000 UTC,19.9314897082
2023-03-10 09:07:00.000000 UTC,19.4597094716
2023-03-10 09:08:00.000000 UTC,20.642144501
2023-03-10 09:09:00.000000 UTC,20.4645196466
2023-03-10 09:10:00.000000 UTC,21.122566111799998
2023-03-10 09:11:00.000000 UTC,20.188665833599998
2023-03-10 09:12:00.000000 UTC,19.8357106506
2023-03-10 09:13:00.000000 UTC,20.5506400388
2023-03-10 09:14:00.000000 UTC,20.6073737464
2023-03-10 09:15:00.000000 UTC,19.96489196
2023-03-10 09:16:00.000000 UTC,19.891450207
2023-03-10 09:17:00.000000 UTC,19.25899255725
2023-03-10 09:18:00.000000 UTC,20.742089363599998
2023-03-10 09:19:00.000000 UTC,20.030364897200002
2023-03-10 09:20:00.000000 UTC,20.7724855498
2023-03-10 09:21:00.000000 UTC,20.341843996599998
2023-03-10 09:22:00.000000 UTC,20.6114850248
2023-03-10 09:23:00.000000 UTC,21.1365829352
2023-03-10 09:24:00.000000 UTC,21.523867762200002
2023-03-10 09:25:00.000000 UTC,20.0614779864
2023-03-10 09:26:00.000000 UTC,20.6578666866
2023-03-10 09:27:00.000000 UTC,19.662989262
2023-03-10 09:28:00.000000 UTC,19.510241332
2023-03-10 09:29:00.000000 UTC,19.204630374599997
2023-03-10 09:30:00.000000 UTC,20.6804274138
2023-03-10 09:31:00.000000 UTC,21.5723142408
2023-03-10 09:32:00.000000 UTC,20.709507836599997
2023-03-10 09:33:00.000000 UTC,20.7268249902
2023-03-10 09:34:00.000000 UTC,20.2930822648
2023-03-10 09:35:00.000000 UTC,20.768472717799998
2023-03-10 09:36:00.000000 UTC,21.919413224400003
2023-03-10 09:37:00.000000 UTC,23.5592070434
2023-03-10 09:38:00.000000 UTC,23.865969917599998
2023-03-10 09:39:00.000000 UTC,23.6897413692
2023-03-10 09:40:00.000000 UTC,23.749941206
2023-03-10 09:41:00.000000 UTC,23.959947247400002
2023-03-10 09:42:00.000000 UTC,23.958096432
2023-03-10 09:43:00.000000 UTC,25.835050505599998
2023-03-10 09:44:00.000000 UTC,25.4598706388
2023-03-10 09:45:00.000000 UTC,23.719773887400002
2023-03-10 09:46:00.000000 UTC,22.74222477875
2023-03-10 09:47:00.000000 UTC,23.214358569
2023-03-10 09:48:00.000000 UTC,22.338327749
2023-03-10 09:49:00.000000 UTC,21.578216227
2023-03-10 09:50:00.000000 UTC,22.2232799275
2023-03-10 09:51:00.000000 UTC,21.743106906799998
2023-03-10 09:52:00.000000 UTC,21.234123486799998
2023-03-10 09:53:00.000000 UTC,20.2600682512
2023-03-10 09:54:00.000000 UTC,20.58970297125
2023-03-10 09:55:00.000000 UTC,21.4860144282
2023-03-10 09:56:00.000000 UTC,20.138038165
2023-03-10 09:57:00.000000 UTC,19.7712119208
2023-03-10 09:58:00.000000 UTC,20.620554555
2023-03-10 09:59:00.000000 UTC,21.472491006
2023-03-10 10:00:00.000000 UTC,23.658859016
2023-03-10 10:01:00.000000 UTC,23.1600260926
2023-03-10 10:02:00.000000 UTC,22.511020550799998
2023-03-10 10:03:00.000000 UTC,22.0167617438
2023-03-10 10:04:00.000000 UTC,22.618312716
2023-03-10 10:05:00.000000 UTC,24.121027436400002
2023-03-10 10:06:00.000000 UTC,23.9497152686
2023-03-10 10:07:00.000000 UTC,24.51513915
2023-03-10 10:08:00.000000 UTC,30.351704365333333
2023-03-10 10:09:00.000000 UTC,30.184575555400002
2023-03-10 10:10:00.000000 UTC,29.510886957
2023-03-10 10:11:00.000000 UTC,29.830610060599998
2023-03-10 10:12:00.000000 UTC,30.291344326599997
2023-03-10 10:13:00.000000 UTC,33.0195718986
2023-03-10 10:14:00.000000 UTC,33.4931204698
2023-03-10 10:15:00.000000 UTC,34.079542209
2023-03-10 10:16:00.000000 UTC,31.6665726878
2023-03-10 10:17:00.000000 UTC,30.048365220599997
2023-03-10 10:18:00.000000 UTC,29.6442374936
2023-03-10 10:19:00.000000 UTC,28.5250326964
2023-03-10 10:20:00.000000 UTC,28.9818990158
2023-03-10 10:21:00.000000 UTC,27.362083224400003
2023-03-10 10:22:00.000000 UTC,26.3368911555
2023-03-10 10:23:00.000000 UTC,26.3307474782
2023-03-10 10:24:00.000000 UTC,25.626784929400003
2023-03-10 10:25:00.000000 UTC,26.934205254400002
2023-03-10 10:26:00.000000 UTC,26.3723158998
2023-03-10 10:27:00.000000 UTC,26.345025102
2023-03-10 10:28:00.000000 UTC,27.9551162692
2023-03-10 10:29:00.000000 UTC,33.2471439332
2023-03-10 10:30:00.000000 UTC,39.17014318625
2023-03-10 10:31:00.000000 UTC,41.534139239199995
2023-03-10 10:32:00.000000 UTC,37.7470034556
2023-03-10 10:33:00.000000 UTC,35.460520034
2023-03-10 10:34:00.000000 UTC,33.7667875242
2023-03-10 10:35:00.000000 UTC,32.5873077152
2023-03-10 10:36:00.000000 UTC,31.6030246948
2023-03-10 10:37:00.000000 UTC,30.507612266400002
2023-03-10 10:38:00.000000 UTC,30.7198956278
2023-03-10 10:39:00.000000 UTC,31.9102251172
2023-03-10 10:40:00.000000 UTC,32.556662079599995
2023-03-10 10:41:00.000000 UTC,38.6056019352
2023-03-10 10:42:00.000000 UTC,38.584431307
2023-03-10 10:43:00.000000 UTC,37.4375109716
2023-03-10 10:44:00.000000 UTC,37.729093737
2023-03-10 10:45:00.000000 UTC,38.7899901584
2023-03-10 10:46:00.000000 UTC,41.69552304875
2023-03-10 10:47:00.000000 UTC,40.0234785492
2023-03-10 10:48:00.000000 UTC,39.114517913
2023-03-10 10:49:00.000000 UTC,37.66184706525
2023-03-10 10:50:00.000000 UTC,39.067725993
2023-03-10 10:51:00.000000 UTC,35.9501381938
2023-03-10 10:52:00.000000 UTC,34.848789139199994
2023-03-10 10:53:00.000000 UTC,34.3329540996
2023-03-10 10:54:00.000000 UTC,33.778115128
2023-03-10 10:55:00.000000 UTC,32.6482717298
2023-03-10 10:56:00.000000 UTC,32.2419324198
2023-03-10 10:57:00.000000 UTC,30.1765727222
2023-03-10 10:58:00.000000 UTC,29.757336909400003
2023-03-10 10:59:00.000000 UTC,29.451328863599997
2023-03-10 11:00:00.000000 UTC,33.5644539628
2023-03-10 11:01:00.000000 UTC,41.7974859818
2023-03-10 11:02:00.000000 UTC,43.634169820800004
2023-03-10 11:03:00.000000 UTC,40.6904233556
2023-03-10 11:04:00.000000 UTC,40.187803968199994
2023-03-10 11:05:00.000000 UTC,37.299012307
2023-03-10 11:06:00.000000 UTC,36.462220681
2023-03-10 11:07:00.000000 UTC,36.679967051800006
2023-03-10 11:08:00.000000 UTC,35.746679666
2023-03-10 11:09:00.000000 UTC,35.175570776
2023-03-10 11:10:00.000000 UTC,34.9701396106
2023-03-10 11:11:00.000000 UTC,34.032981782
2023-03-10 11:12:00.000000 UTC,34.307151276
2023-03-10 11:13:00.000000 UTC,33.5231025722
2023-03-10 11:14:00.000000 UTC,32.060095118599996
2023-03-10 11:15:00.000000 UTC,31.063907799
2023-03-10 11:16:00.000000 UTC,30.3946975672
2023-03-10 11:17:00.000000 UTC,30.089362784200002
2023-03-10 11:18:00.000000 UTC,29.7383781952
2023-03-10 11:19:00.000000 UTC,28.1288412372
2023-03-10 11:20:00.000000 UTC,27.9585032612
2023-03-10 11:21:00.000000 UTC,28.7791342318
2023-03-10 11:22:00.000000 UTC,28.6489924912
2023-03-10 11:23:00.000000 UTC,26.8568786126
2023-03-10 11:24:00.000000 UTC,27.0592212798
2023-03-10 11:25:00.000000 UTC,26.922157704
2023-03-10 11:26:00.000000 UTC,28.6693814986
2023-03-10 11:27:00.000000 UTC,26.4178758988
2023-03-10 11:28:00.000000 UTC,30.302825856
2023-03-10 11:29:00.000000 UTC,27.84232444475
2023-03-10 11:30:00.000000 UTC,30.3487312796
2023-03-10 11:31:00.000000 UTC,29.087943330599998
2023-03-10 11:32:00.000000 UTC,27.742888122
2023-03-10 11:33:00.000000 UTC,26.3386452598
2023-03-10 11:34:00.000000 UTC,26.3793268246
2023-03-10 11:35:00.000000 UTC,25.247321701599997
2023-03-10 11:36:00.000000 UTC,26.2750031532
2023-03-10 11:37:00.000000 UTC,25.519052046400002
2023-03-10 11:38:00.000000 UTC,24.3128344622
2023-03-10 11:39:00.000000 UTC,24.23904981
2023-03-10 11:40:00.000000 UTC,24.986937352400002
2023-03-10 11:41:00.000000 UTC,24.4786363588
2023-03-10 11:42:00.000000 UTC,25.2636219924
2023-03-10 11:43:00.000000 UTC,25.453582399400002
2023-03-10 11:44:00.000000 UTC,26.18140378025
2023-03-10 11:45:00.000000 UTC,25.2076998478
2023-03-10 11:46:00.000000 UTC,23.6615549614
2023-03-10 11:47:00.000000 UTC,24.3049731578
2023-03-10 11:48:00.000000 UTC,23.373826863799998
2023-03-10 11:49:00.000000 UTC,25.00804143375
2023-03-10 11:50:00.000000 UTC,25.4912260192
2023-03-10 11:51:00.000000 UTC,25.3021378912
2023-03-10 11:52:00.000000 UTC,25.2289924538
2023-03-10 11:53:00.000000 UTC,25.8898859876
2023-03-10 11:54:00.000000 UTC,26.737431354
2023-03-10 11:55:00.000000 UTC,27.0211989244
2023-03-10 11:56:00.000000 UTC,26.124728029
2023-03-10 11:57:00.000000 UTC,26.4768168332
2023-03-10 11:58:00.000000 UTC,25.7858455696
2023-03-10 11:59:00.000000 UTC,25.79803804
2023-03-10 12:00:00.000000 UTC,30.4909332864
2023-03-10 12:01:00.000000 UTC,31.9358635574
2023-03-10 12:02:00.000000 UTC,29.8668481632
2023-03-10 12:03:00.000000 UTC,39.9902428522
2023-03-10 12:04:00.000000 UTC,39.3941655388
2023-03-10 12:05:00.000000 UTC,38.115600803199996
2023-03-10 12:06:00.000000 UTC,41.595806450400005
2023-03-10 12:07:00.000000 UTC,38.758719092
2023-03-10 12:08:00.000000 UTC,34.157299829
2023-03-10 12:09:00.000000 UTC,32.7169262402
2023-03-10 12:10:00.000000 UTC,29.9395736198
2023-03-10 12:11:00.000000 UTC,29.034041782
2023-03-10 12:12:00.000000 UTC,28.195050717
2023-03-10 12:13:00.000000 UTC,27.8320464026
2023-03-10 12:14:00.000000 UTC,26.2513312922
2023-03-10 12:15:00.000000 UTC,25.3588228458
2023-03-10 12:16:00.000000 UTC,24.158599479
2023-03-10 12:17:00.000000 UTC,23.2758490388
2023-03-10 12:18:00.000000 UTC,22.5003180396
2023-03-10 12:19:00.000000 UTC,22.7050451452
2023-03-10 12:20:00.000000 UTC,23.1745522338
2023-03-10 12:21:00.000000 UTC,22.5238454118
2023-03-10 12:22:00.000000 UTC,21.8201572434
2023-03-10 12:23:00.000000 UTC,24.7960097104
2023-03-10 12:24:00.000000 UTC,22.977390614599997
2023-03-10 12:25:00.000000 UTC,23.1823263768
2023-03-10 12:26:00.000000 UTC,26.7144634738
2023-03-10 12:27:00.000000 UTC,26.103995884
2023-03-10 12:28:00.000000 UTC,26.9893693562
2023-03-10 12:29:00.000000 UTC,25.6830902108
2023-03-10 12:30:00.000000 UTC,24.676499609599997
2023-03-10 12:31:00.000000 UTC,24.4761888992
2023-03-10 12:32:00.000000 UTC,23.671859852599997
2023-03-10 12:33:00.000000 UTC,24.0654779212
2023-03-10 12:34:00.000000 UTC,22.883825621
2023-03-10 12:35:00.000000 UTC,22.954002486
2023-03-10 12:36:00.000000 UTC,24.07906130575
2023-03-10 12:37:00.000000 UTC,22.918988709
2023-03-10 12:38:00.000000 UTC,22.322199059400003
2023-03-10 12:39:00.000000 UTC,21.29362867
2023-03-10 12:40:00.000000 UTC,21.6679670156
2023-03-10 12:41:00.000000 UTC,20.8629995742
2023-03-10 12:42:00.000000 UTC,23.2633364312
2023-03-10 12:43:00.000000 UTC,24.8571671126
2023-03-10 12:44:00.000000 UTC,24.005880734799998
2023-03-10 12:45:00.000000 UTC,22.9282301842
2023-03-10 12:46:00.000000 UTC,23.5074002994
2023-03-10 12:47:00.000000 UTC,23.1462917285
2023-03-10 12:48:00.000000 UTC,25.3122177814
2023-03-10 12:49:00.000000 UTC,25.8817059392
2023-03-10 12:50:00.000000 UTC,25.750603360400003
2023-03-10 12:51:00.000000 UTC,26.340728254200002
2023-03-10 12:52:00.000000 UTC,25.8158550818
2023-03-10 12:53:00.000000 UTC,24.2775370148
2023-03-10 12:54:00.000000 UTC,24.959740297
2023-03-10 12:55:00.000000 UTC,25.770366806400002
2023-03-10 12:56:00.000000 UTC,24.5171182294
2023-03-10 12:57:00.000000 UTC,26.5551174072
2023-03-10 12:58:00.000000 UTC,27.3509983248
2023-03-10 12:59:00.000000 UTC,26.4067046304
2023-03-10 13:00:00.000000 UTC,29.4424658364
2023-03-10 13:01:00.000000 UTC,28.423150592
2023-03-10 13:02:00.000000 UTC,25.3419694342
2023-03-10 13:03:00.000000 UTC,26.0870091592
2023-03-10 13:04:00.000000 UTC,27.7669940308
2023-03-10 13:05:00.000000 UTC,28.289697577400002
2023-03-10 13:06:00.000000 UTC,26.5043120506
2023-03-10 13:07:00.000000 UTC,25.8518255954
2023-03-10 13:08:00.000000 UTC,24.093566151799997
2023-03-10 13:09:00.000000 UTC,22.649321941
2023-03-10 13:10:00.000000 UTC,21.833610954599997
2023-03-10 13:11:00.000000 UTC,21.485116744400003
2023-03-10 13:12:00.000000 UTC,22.5128828258
2023-03-10 13:13:00.000000 UTC,23.36255098
2023-03-10 13:14:00.000000 UTC,21.3178155568
2023-03-10 13:15:00.000000 UTC,21.157176673
2023-03-10 13:16:00.000000 UTC,21.123271214200003
2023-03-10 13:17:00.000000 UTC,20.6465792792
2023-03-10 13:18:00.000000 UTC,21.005707479599998
2023-03-10 13:19:00.000000 UTC,21.461770435400002
2023-03-10 13:20:00.000000 UTC,19.752586631
2023-03-10 13:21:00.000000 UTC,20.1954656922
2023-03-10 13:22:00.000000 UTC,21.72981594625
2023-03-10 13:23:00.000000 UTC,21.3420193298
2023-03-10 13:24:00.000000 UTC,19.8367335536
2023-03-10 13:25:00.000000 UTC,19.458531944599997
2023-03-10 13:26:00.000000 UTC,20.1649634698
2023-03-10 13:27:00.000000 UTC,21.2548063636
2023-03-10 13:28:00.000000 UTC,19.9849959978
2023-03-10 13:29:00.000000 UTC,19.6927501432
2023-03-10 13:30:00.000000 UTC,23.3346703152
2023-03-10 13:31:00.000000 UTC,32.104013895
2023-03-10 13:32:00.000000 UTC,32.7838179828
2023-03-10 13:33:00.000000 UTC,31.510570458
2023-03-10 13:34:00.000000 UTC,32.1042657782
2023-03-10 13:35:00.000000 UTC,32.5387314136
2023-03-10 13:36:00.000000 UTC,31.760344027
2023-03-10 13:37:00.000000 UTC,30.5649095262
2023-03-10 13:38:00.000000 UTC,28.572723143
2023-03-10 13:39:00.000000 UTC,30.8970273586
2023-03-10 13:40:00.000000 UTC,30.393139076
2023-03-10 13:41:00.000000 UTC,30.604441973
2023-03-10 13:42:00.000000 UTC,31.939897743400003
2023-03-10 13:43:00.000000 UTC,36.433893855
2023-03-10 13:44:00.000000 UTC,40.1691961816
2023-03-10 13:45:00.000000 UTC,38.266709872599996
2023-03-10 13:46:00.000000 UTC,42.0094540212
2023-03-10 13:47:00.000000 UTC,40.7944502886
2023-03-10 13:48:00.000000 UTC,39.775125464599995
2023-03-10 13:49:00.000000 UTC,41.2155171102
2023-03-10 13:50:00.000000 UTC,41.0986822892
2023-03-10 13:51:00.000000 UTC,42.3577426452
2023-03-10 13:52:00.000000 UTC,40.7408084388
2023-03-10 13:53:00.000000 UTC,40.4382742338
2023-03-10 13:54:00.000000 UTC,39.3960909582
2023-03-10 13:55:00.000000 UTC,38.9045304956
2023-03-10 13:56:00.000000 UTC,37.843326524
2023-03-10 13:57:00.000000 UTC,37.5609844266
2023-03-10 13:58:00.000000 UTC,34.0652658346
2023-03-10 13:59:00.000000 UTC,32.8120831276
2023-03-10 14:00:00.000000 UTC,31.8266859656
2023-03-10 14:01:00.000000 UTC,32.768658924200004
2023-03-10 14:02:00.000000 UTC,33.383489416799996
2023-03-10 14:03:00.000000 UTC,34.3385661554
2023-03-10 14:04:00.000000 UTC,32.8531842712
2023-03-10 14:05:00.000000 UTC,32.889713041200004
2023-03-10 14:06:00.000000 UTC,35.7038972022
2023-03-10 14:07:00.000000 UTC,35.762319707
2023-03-10 14:08:00.000000 UTC,36.8341410962
2023-03-10 14:09:00.000000 UTC,36.4596159352
2023-03-10 14:10:00.000000 UTC,36.7838715465
2023-03-10 14:11:00.000000 UTC,38.5988805314
2023-03-10 14:12:00.000000 UTC,38.256761463
2023-03-10 14:13:00.000000 UTC,36.270027250199995
2023-03-10 14:14:00.000000 UTC,34.004168746
2023-03-10 14:15:00.000000 UTC,38.2321295526
2023-03-10 14:16:00.000000 UTC,42.214826710800004
2023-03-10 14:17:00.000000 UTC,37.9531441888
2023-03-10 14:18:00.000000 UTC,34.5747410464
2023-03-10 14:19:00.000000 UTC,34.608747150199996
2023-03-10 14:20:00.000000 UTC,33.7735810226
2023-03-10 14:21:00.000000 UTC,32.2782067486
2023-03-10 14:22:00.000000 UTC,32.159839137
2023-03-10 14:23:00.000000 UTC,31.730468648400002
2023-03-10 14:24:00.000000 UTC,30.948133317
2023-03-10 14:25:00.000000 UTC,33.397775109
2023-03-10 14:26:00.000000 UTC,33.0009644106
2023-03-10 14:27:00.000000 UTC,30.374463433400003
2023-03-10 14:28:00.000000 UTC,29.878325279
2023-03-10 14:29:00.000000 UTC,32.1977464896
2023-03-10 14:30:00.000000 UTC,32.7852557058
2023-03-10 14:31:00.000000 UTC,32.319960388
2023-03-10 14:32:00.000000 UTC,30.5539478162
2023-03-10 14:33:00.000000 UTC,32.6127225576
2023-03-10 14:34:00.000000 UTC,38.72885698525
2023-03-10 14:35:00.000000 UTC,52.170387434599995
2023-03-10 14:36:00.000000 UTC,60.80838456825
2023-03-10 14:37:00.000000 UTC,63.2453842422
2023-03-10 14:38:00.000000 UTC,53.6888949846
2023-03-10 14:39:00.000000 UTC,45.685868766
2023-03-10 14:40:00.000000 UTC,43.277327668
2023-03-10 14:41:00.000000 UTC,40.942133426
2023-03-10 14:42:00.000000 UTC,39.3877099388
2023-03-10 14:43:00.000000 UTC,41.2880764354
2023-03-10 14:44:00.000000 UTC,44.5649388626
2023-03-10 14:45:00.000000 UTC,47.9898956628
2023-03-10 14:46:00.000000 UTC,45.7414907844
2023-03-10 14:47:00.000000 UTC,43.206102723
2023-03-10 14:48:00.000000 UTC,43.172090092800005
2023-03-10 14:49:00.000000 UTC,41.5165992536
2023-03-10 14:50:00.000000 UTC,40.1473319326
2023-03-10 14:51:00.000000 UTC,40.5221049895
2023-03-10 14:52:00.000000 UTC,41.3544995516
2023-03-10 14:53:00.000000 UTC,40.0714564978
2023-03-10 14:54:00.000000 UTC,38.86835822
2023-03-10 14:55:00.000000 UTC,36.6700279498
2023-03-10 14:56:00.000000 UTC,35.9789985626
2023-03-10 14:57:00.000000 UTC,34.788972996199995
2023-03-10 14:58:00.000000 UTC,33.6891873624
2023-03-10 14:59:00.000000 UTC,33.5657091365
2023-03-10 15:00:00.000000 UTC,41.8639585624
2023-03-10 15:01:00.000000 UTC,49.808945341199994
2023-03-10 15:02:00.000000 UTC,49.252589500199996
2023-03-10 15:03:00.000000 UTC,46.6896833394
2023-03-10 15:04:00.000000 UTC,43.4007611158
2023-03-10 15:05:00.000000 UTC,39.8343536724
2023-03-10 15:06:00.000000 UTC,38.006171269599996
2023-03-10 15:07:00.000000 UTC,37.6383059128
2023-03-10 15:08:00.000000 UTC,34.6885861648
2023-03-10 15:09:00.000000 UTC,35.489786244
2023-03-10 15:10:00.000000 UTC,32.069700209
2023-03-10 15:11:00.000000 UTC,31.527779086200002
2023-03-10 15:12:00.000000 UTC,30.812745743
2023-03-10 15:13:00.000000 UTC,30.5258295064
2023-03-10 15:14:00.000000 UTC,34.6272479246
2023-03-10 15:15:00.000000 UTC,35.3975340004
2023-03-10 15:16:00.000000 UTC,35.543012252
2023-03-10 15:17:00.000000 UTC,33.897660718
2023-03-10 15:18:00.000000 UTC,35.646163351199995
2023-03-10 15:19:00.000000 UTC,39.6868382094
2023-03-10 15:20:00.000000 UTC,40.0095932238
2023-03-10 15:21:00.000000 UTC,40.312849654
2023-03-10 15:22:00.000000 UTC,39.313537955
2023-03-10 15:23:00.000000 UTC,43.543476567199995
2023-03-10 15:24:00.000000 UTC,43.184163324400004
2023-03-10 15:25:00.000000 UTC,42.2197153032
2023-03-10 15:26:00.000000 UTC,41.658695931400004
2023-03-10 15:27:00.000000 UTC,38.5299601734
2023-03-10 15:28:00.000000 UTC,33.9921210208
2023-03-10 15:29:00.000000 UTC,32.2046254954
2023-03-10 15:30:00.000000 UTC,36.147804391
2023-03-10 15:31:00.000000 UTC,35.3296595974
2023-03-10 15:32:00.000000 UTC,34.1656675834
2023-03-10 15:33:00.000000 UTC,35.7184358692
2023-03-10 15:34:00.000000 UTC,34.2513666726
2023-03-10 15:35:00.000000 UTC,32.9220530356
2023-03-10 15:36:00.000000 UTC,32.0680663096
2023-03-10 15:37:00.000000 UTC,31.126938211400002
2023-03-10 15:38:00.000000 UTC,30.0048465614
2023-03-10 15:39:00.000000 UTC,28.7412877652
2023-03-10 15:40:00.000000 UTC,30.8971475898
2023-03-10 15:41:00.000000 UTC,31.0807305598
2023-03-10 15:42:00.000000 UTC,30.783529298599998
2023-03-10 15:43:00.000000 UTC,30.645079588799998
2023-03-10 15:44:00.000000 UTC,28.640703822
2023-03-10 15:45:00.000000 UTC,28.9180369818
2023-03-10 15:46:00.000000 UTC,28.281507988599998
2023-03-10 15:47:00.000000 UTC,28.455760669
2023-03-10 15:48:00.000000 UTC,27.685235021
2023-03-10 15:49:00.000000 UTC,27.660888691599997
2023-03-10 15:50:00.000000 UTC,28.65838637625
2023-03-10 15:51:00.000000 UTC,29.7445892854
2023-03-10 15:52:00.000000 UTC,28.9879905754
2023-03-10 15:53:00.000000 UTC,32.8653279718
2023-03-10 15:54:00.000000 UTC,32.228365661
2023-03-10 15:55:00.000000 UTC,31.537482859599997
2023-03-10 15:56:00.000000 UTC,30.3284101948
2023-03-10 15:57:00.000000 UTC,29.8973451462
2023-03-10 15:58:00.000000 UTC,33.392683393599995
2023-03-10 15:59:00.000000 UTC,30.770373168400003
2023-03-10 16:00:00.000000 UTC,37.898772703199995
2023-03-10 16:01:00.000000 UTC,49.328675491800006
2023-03-10 16:02:00.000000 UTC,52.145985945199996
2023-03-10 16:03:00.000000 UTC,51.935883624199995
2023-03-10 16:04:00.000000 UTC,51.7530867212
2023-03-10 16:05:00.000000 UTC,50.4930470338
2023-03-10 16:06:00.000000 UTC,48.922317363800005
2023-03-10 16:07:00.000000 UTC,45.4273558454
2023-03-10 16:08:00.000000 UTC,41.8872880752
2023-03-10 16:09:00.000000 UTC,41.3987575238
2023-03-10 16:10:00.000000 UTC,40.59205130425
2023-03-10 16:11:00.000000 UTC,39.584219864
2023-03-10 16:12:00.000000 UTC,40.7899075718
2023-03-10 16:13:00.000000 UTC,41.667271791199994
2023-03-10 16:14:00.000000 UTC,41.3599496714
2023-03-10 16:15:00.000000 UTC,40.877387741
2023-03-10 16:16:00.000000 UTC,41.5608815672
2023-03-10 16:17:00.000000 UTC,38.3694480656
2023-03-10 16:18:00.000000 UTC,35.257472788
2023-03-10 16:19:00.000000 UTC,32.2827483114
2023-03-10 16:20:00.000000 UTC,31.666177560599998
2023-03-10 16:21:00.000000 UTC,33.051766611
2023-03-10 16:22:00.000000 UTC,33.3842626944
2023-03-10 16:23:00.000000 UTC,33.8136403012
2023-03-10 16:24:00.000000 UTC,33.3799631955
2023-03-10 16:25:00.000000 UTC,33.9310435308
2023-03-10 16:26:00.000000 UTC,33.7482614146
2023-03-10 16:27:00.000000 UTC,33.6426028834
2023-03-10 16:28:00.000000 UTC,32.4911738018
2023-03-10 16:29:00.000000 UTC,33.5901998892
2023-03-10 16:30:00.000000 UTC,36.0289736386
2023-03-10 16:31:00.000000 UTC,39.36633033
2023-03-10 16:32:00.000000 UTC,40.0279608352
2023-03-10 16:33:00.000000 UTC,39.229758586
2023-03-10 16:34:00.000000 UTC,44.7095993544
2023-03-10 16:35:00.000000 UTC,43.7540512718
2023-03-10 16:36:00.000000 UTC,41.889906912
2023-03-10 16:37:00.000000 UTC,38.3437422844
2023-03-10 16:38:00.000000 UTC,36.829282866
2023-03-10 16:39:00.000000 UTC,40.336222590599995
2023-03-10 16:40:00.000000 UTC,38.9217378814
2023-03-10 16:41:00.000000 UTC,37.572836357599996
2023-03-10 16:42:00.000000 UTC,35.571185885199995
2023-03-10 16:43:00.000000 UTC,35.323690387
2023-03-10 16:44:00.000000 UTC,34.3017394218
2023-03-10 16:45:00.000000 UTC,34.369622531400005
2023-03-10 16:46:00.000000 UTC,34.143422461
2023-03-10 16:47:00.000000 UTC,35.564881656
2023-03-10 16:48:00.000000 UTC,33.5877397302
2023-03-10 16:49:00.000000 UTC,31.977840524599998
2023-03-10 16:50:00.000000 UTC,32.249452513
2023-03-10 16:51:00.000000 UTC,34.8721903574
2023-03-10 16:52:00.000000 UTC,33.6383481532
2023-03-10 16:53:00.000000 UTC,34.744526775199994
2023-03-10 16:54:00.000000 UTC,37.6876346112
2023-03-10 16:55:00.000000 UTC,37.53398387175
2023-03-10 16:56:00.000000 UTC,36.595102435
2023-03-10 16:57:00.000000 UTC,33.574142435599995
2023-03-10 16:58:00.000000 UTC,33.84188825
2023-03-10 16:59:00.000000 UTC,37.8058364232
2023-03-10 17:00:00.000000 UTC,55.83681323125
2023-03-10 17:01:00.000000 UTC,66.337217909199993
2023-03-10 17:02:00.000000 UTC,60.5978376658
2023-03-10 17:03:00.000000 UTC,55.872104908199994
2023-03-10 17:04:00.000000 UTC,53.234925065599995
2023-03-10 17:05:00.000000 UTC,55.0462146556
2023-03-10 17:06:00.000000 UTC,54.1572136018
2023-03-10 17:07:00.000000 UTC,50.7007962756
2023-03-10 17:08:00.000000 UTC,51.349138112599995
2023-03-10 17:09:00.000000 UTC,56.7985025216
2023-03-10 17:10:00.000000 UTC,68.987544796800009
2023-03-10 17:11:00.000000 UTC,72.71538050880001
2023-03-10 17:12:00.000000 UTC,66.0621007278
2023-03-10 17:13:00.000000 UTC,60.149264507800005
2023-03-10 17:14:00.000000 UTC,56.08167710575
2023-03-10 17:15:00.000000 UTC,55.8539041134
2023-03-10 17:16:00.000000 UTC,60.141384069400004
2023-03-10 17:17:00.000000 UTC,54.6984229644
2023-03-10 17:18:00.000000 UTC,53.3359031864
2023-03-10 17:19:00.000000 UTC,49.9991033226
2023-03-10 17:20:00.000000 UTC,46.294212718199994
2023-03-10 17:21:00.000000 UTC,42.1894166816
2023-03-10 17:22:00.000000 UTC,42.4769506034
2023-03-10 17:23:00.000000 UTC,43.229905843800005
2023-03-10 17:24:00.000000 UTC,40.5938538702
2023-03-10 17:25:00.000000 UTC,41.734559868800005
2023-03-10 17:26:00.000000 UTC,38.636563932
2023-03-10 17:27:00.000000 UTC,36.6054974032
2023-03-10 17:28:00.000000 UTC,37.421055403800004
2023-03-10 17:29:00.000000 UTC,38.224640449599995
2023-03-10 17:30:00.000000 UTC,42.9023853694
2023-03-10 17:31:00.000000 UTC,70.847189502
2023-03-10 17:32:00.000000 UTC,87.7281554206
2023-03-10 17:33:00.000000 UTC,87.605873065600008
2023-03-10 17:34:00.000000 UTC,98.8036115584
2023-03-10 17:35:00.000000 UTC,81.190058987600011
2023-03-10 17:36:00.000000 UTC,66.4926205382
2023-03-10 17:37:00.000000 UTC,58.062847391800005
2023-03-10 17:38:00.000000 UTC,50.679362168800004
2023-03-10 17:39:00.000000 UTC,45.3055315576
2023-03-10 17:40:00.000000 UTC,41.0551128278
2023-03-10 17:41:00.000000 UTC,38.5469470456
2023-03-10 17:42:00.000000 UTC,39.5635370952
2023-03-10 17:43:00.000000 UTC,44.214476995199995
2023-03-10 17:44:00.000000 UTC,40.437911889199995
2023-03-10 17:45:00.000000 UTC,38.5385631754
2023-03-10 17:46:00.000000 UTC,38.475399626199994
2023-03-10 17:47:00.000000 UTC,37.4346698982
2023-03-10 17:48:00.000000 UTC,36.675791939
2023-03-10 17:49:00.000000 UTC,35.473308605
2023-03-10 17:50:00.000000 UTC,36.7613413306
2023-03-10 17:51:00.000000 UTC,36.5902414338
2023-03-10 17:52:00.000000 UTC,36.1056778984
2023-03-10 17:53:00.000000 UTC,33.9770565624
2023-03-10 17:54:00.000000 UTC,33.9665053086
2023-03-10 17:55:00.000000 UTC,35.143514032800006
2023-03-10 17:56:00.000000 UTC,32.7307599346
2023-03-10 17:57:00.000000 UTC,32.1808046538
2023-03-10 17:58:00.000000 UTC,30.3954572684
2023-03-10 17:59:00.000000 UTC,31.4955777888
2023-03-10 18:00:00.000000 UTC,32.4083300294
2023-03-10 18:01:00.000000 UTC,32.392153553200004
2023-03-10 18:02:00.000000 UTC,33.3117091414
2023-03-10 18:03:00.000000 UTC,33.4161468306
2023-03-10 18:04:00.000000 UTC,32.956984949
2023-03-10 18:05:00.000000 UTC,31.638946908599998
2023-03-10 18:06:00.000000 UTC,32.8177437084
2023-03-10 18:07:00.000000 UTC,36.607910892599996
2023-03-10 18:08:00.000000 UTC,34.7447734966
2023-03-10 18:09:00.000000 UTC,32.801208254
2023-03-10 18:10:00.000000 UTC,33.369322342
2023-03-10 18:11:00.000000 UTC,33.4396655804
2023-03-10 18:12:00.000000 UTC,33.4854211204
2023-03-10 18:13:00.000000 UTC,31.9071881142
2023-03-10 18:14:00.000000 UTC,32.21524717875
2023-03-10 18:15:00.000000 UTC,31.4764535562
2023-03-10 18:16:00.000000 UTC,36.70117489625
2023-03-10 18:17:00.000000 UTC,38.739331361
2023-03-10 18:18:00.000000 UTC,34.1919959372
2023-03-10 18:19:00.000000 UTC,32.26707422925
2023-03-10 18:20:00.000000 UTC,31.6019541228
2023-03-10 18:21:00.000000 UTC,31.8588730614
2023-03-10 18:22:00.000000 UTC,33.30766251225
2023-03-10 18:23:00.000000 UTC,32.711550793
2023-03-10 18:24:00.000000 UTC,36.09947234925
2023-03-10 18:25:00.000000 UTC,34.3246592096
2023-03-10 18:26:00.000000 UTC,32.455558754
2023-03-10 18:27:00.000000 UTC,31.8546469112
2023-03-10 18:28:00.000000 UTC,30.016876105
2023-03-10 18:29:00.000000 UTC,31.098892381400002
2023-03-10 18:30:00.000000 UTC,33.4207407922
2023-03-10 18:31:00.000000 UTC,31.689482056400003
2023-03-10 18:32:00.000000 UTC,29.0024859012
2023-03-10 18:33:00.000000 UTC,30.942236505
2023-03-10 18:34:00.000000 UTC,28.2950233794
2023-03-10 18:35:00.000000 UTC,28.6261382084
2023-03-10 18:36:00.000000 UTC,27.0303054158
2023-03-10 18:37:00.000000 UTC,30.7816031982
2023-03-10 18:38:00.000000 UTC,30.735624633
2023-03-10 18:39:00.000000 UTC,32.8919052106
2023-03-10 18:40:00.000000 UTC,31.5340808515
2023-03-10 18:41:00.000000 UTC,32.4555773022
2023-03-10 18:42:00.000000 UTC,32.4404123088
2023-03-10 18:43:00.000000 UTC,33.03530327025
2023-03-10 18:44:00.000000 UTC,31.8549851188
2023-03-10 18:45:00.000000 UTC,30.295615359
2023-03-10 18:46:00.000000 UTC,27.777050035400002
2023-03-10 18:47:00.000000 UTC,29.4622648046
2023-03-10 18:48:00.000000 UTC,28.004683403799998
2023-03-10 18:49:00.000000 UTC,28.0206963882
2023-03-10 18:50:00.000000 UTC,28.189807135
2023-03-10 18:51:00.000000 UTC,28.37762607
2023-03-10 18:52:00.000000 UTC,30.2594187178
2023-03-10 18:53:00.000000 UTC,34.9962424306
2023-03-10 18:54:00.000000 UTC,35.310027064
2023-03-10 18:55:00.000000 UTC,31.755332839
2023-03-10 18:56:00.000000 UTC,30.8431314344
2023-03-10 18:57:00.000000 UTC,31.3359838514
2023-03-10 18:58:00.000000 UTC,33.9162976844
2023-03-10 18:59:00.000000 UTC,34.103191436
2023-03-10 19:00:00.000000 UTC,36.188158435
2023-03-10 19:01:00.000000 UTC,35.243487851400005
2023-03-10 19:02:00.000000 UTC,33.318541378
2023-03-10 19:03:00.000000 UTC,32.879199375
2023-03-10 19:04:00.000000 UTC,33.2245472622
2023-03-10 19:05:00.000000 UTC,36.2780707566
2023-03-10 19:06:00.000000 UTC,34.2539645276
2023-03-10 19:07:00.000000 UTC,34.944195442
2023-03-10 19:08:00.000000 UTC,34.6592500856
2023-03-10 19:09:00.000000 UTC,33.1370106974
2023-03-10 19:10:00.000000 UTC,38.8770980076
2023-03-10 19:11:00.000000 UTC,39.5568170882
2023-03-10 19:12:00.000000 UTC,41.431571484
2023-03-10 19:13:00.000000 UTC,39.3080906664
2023-03-10 19:14:00.000000 UTC,36.012947911400005
2023-03-10 19:15:00.000000 UTC,33.3682064302
2023-03-10 19:16:00.000000 UTC,31.0026829144
2023-03-10 19:17:00.000000 UTC,29.736968171599997
2023-03-10 19:18:00.000000 UTC,29.926051625
2023-03-10 19:19:00.000000 UTC,29.637264680799998
2023-03-10 19:20:00.000000 UTC,30.017080324400002
2023-03-10 19:21:00.000000 UTC,29.1796161778
2023-03-10 19:22:00.000000 UTC,31.5459296555
2023-03-10 19:23:00.000000 UTC,29.7911038548
2023-03-10 19:24:00.000000 UTC,33.261105713
2023-03-10 19:25:00.000000 UTC,34.7679853124
2023-03-10 19:26:00.000000 UTC,34.3842894946
2023-03-10 19:27:00.000000 UTC,37.368715956
2023-03-10 19:28:00.000000 UTC,36.9448731338
2023-03-10 19:29:00.000000 UTC,34.3503147424
2023-03-10 19:30:00.000000 UTC,36.96324943
2023-03-10 19:31:00.000000 UTC,39.7794096506
2023-03-10 19:32:00.000000 UTC,38.3336454512
2023-03-10 19:33:00.000000 UTC,36.5768426142
2023-03-10 19:34:00.000000 UTC,35.92021904
2023-03-10 19:35:00.000000 UTC,38.132231686400004
2023-03-10 19:36:00.000000 UTC,36.0663945786
2023-03-10 19:37:00.000000 UTC,33.5030441792
2023-03-10 19:38:00.000000 UTC,32.4358052098
2023-03-10 19:39:00.000000 UTC,31.332967735599997
2023-03-10 19:40:00.000000 UTC,31.2874954958
2023-03-10 19:41:00.000000 UTC,31.556161133
2023-03-10 19:42:00.000000 UTC,31.538649766
2023-03-10 19:43:00.000000 UTC,31.352496525400003
2023-03-10 19:44:00.000000 UTC,31.911271145
2023-03-10 19:45:00.000000 UTC,32.4774540804
2023-03-10 19:46:00.000000 UTC,30.793956012200002
2023-03-10 19:47:00.000000 UTC,30.7703237102
2023-03-10 19:48:00.000000 UTC,31.552751322
2023-03-10 19:49:00.000000 UTC,35.3078396728
2023-03-10 19:50:00.000000 UTC,34.6368553386
2023-03-10 19:51:00.000000 UTC,33.7008407008
2023-03-10 19:52:00.000000 UTC,33.045196233
2023-03-10 19:53:00.000000 UTC,33.0908519142
2023-03-10 19:54:00.000000 UTC,33.6105106336
2023-03-10 19:55:00.000000 UTC,31.1420491936
2023-03-10 19:56:00.000000 UTC,31.57795652
2023-03-10 19:57:00.000000 UTC,33.9123548624
2023-03-10 19:58:00.000000 UTC,34.3737810904
2023-03-10 19:59:00.000000 UTC,33.8990560122
2023-03-10 20:00:00.000000 UTC,42.60851943
2023-03-10 20:01:00.000000 UTC,47.6612028074
2023-03-10 20:02:00.000000 UTC,46.6715399448
2023-03-10 20:03:00.000000 UTC,48.3621870244
2023-03-10 20:04:00.000000 UTC,41.275000045800006
2023-03-10 20:05:00.000000 UTC,38.5414064028
2023-03-10 20:06:00.000000 UTC,44.5850004356
2023-03-10 20:07:00.000000 UTC,46.842829321
2023-03-10 20:08:00.000000 UTC,43.427857302599996
2023-03-10 20:09:00.000000 UTC,42.3616837576
2023-03-10 20:10:00.000000 UTC,47.6212477324
2023-03-10 20:11:00.000000 UTC,44.3953111374
2023-03-10 20:12:00.000000 UTC,42.2830001988
2023-03-10 20:13:00.000000 UTC,41.4484282668
2023-03-10 20:14:00.000000 UTC,41.819542314
2023-03-10 20:15:00.000000 UTC,49.9024528346
2023-03-10 20:16:00.000000 UTC,51.7759137416
2023-03-10 20:17:00.000000 UTC,49.3245623236
2023-03-10 20:18:00.000000 UTC,51.6033435896
2023-03-10 20:19:00.000000 UTC,47.52372497
2023-03-10 20:20:00.000000 UTC,44.906816418199995
2023-03-10 20:21:00.000000 UTC,42.683270672599996
2023-03-10 20:22:00.000000 UTC,46.7513100338
2023-03-10 20:23:00.000000 UTC,42.603009922199995
2023-03-10 20:24:00.000000 UTC,43.1963520462
2023-03-10 20:25:00.000000 UTC,48.9381061816
2023-03-10 20:26:00.000000 UTC,43.0786078744
2023-03-10 20:27:00.000000 UTC,39.6028698816
2023-03-10 20:28:00.000000 UTC,36.3359690488
2023-03-10 20:29:00.000000 UTC,36.945984729
2023-03-10 20:30:00.000000 UTC,38.749185792
2023-03-10 20:31:00.000000 UTC,37.549263948400004
2023-03-10 20:32:00.000000 UTC,34.894483411
2023-03-10 20:33:00.000000 UTC,34.972273379
2023-03-10 20:34:00.000000 UTC,34.656393615
2023-03-10 20:35:00.000000 UTC,34.6859856882
2023-03-10 20:36:00.000000 UTC,35.005077738199994
2023-03-10 20:37:00.000000 UTC,39.3741971794
2023-03-10 20:38:00.000000 UTC,41.7003164972
2023-03-10 20:39:00.000000 UTC,42.5733338788
2023-03-10 20:40:00.000000 UTC,41.215680889199994
2023-03-10 20:41:00.000000 UTC,40.517984813199995
2023-03-10 20:42:00.000000 UTC,38.8391702104
2023-03-10 20:43:00.000000 UTC,38.3016667044
2023-03-10 20:44:00.000000 UTC,35.933031757
2023-03-10 20:45:00.000000 UTC,35.3937346534
2023-03-10 20:46:00.000000 UTC,35.105845196800004
2023-03-10 20:47:00.000000 UTC,33.8709291312
2023-03-10 20:48:00.000000 UTC,36.313203341400005
2023-03-10 20:49:00.000000 UTC,35.6096135146
2023-03-10 20:50:00.000000 UTC,38.3675083
2023-03-10 20:51:00.000000 UTC,39.898462577800004
2023-03-10 20:52:00.000000 UTC,41.6447888184
2023-03-10 20:53:00.000000 UTC,50.653847858800006
2023-03-10 20:54:00.000000 UTC,52.596898708199994
2023-03-10 20:55:00.000000 UTC,47.3829372546
2023-03-10 20:56:00.000000 UTC,42.4542459524
2023-03-10 20:57:00.000000 UTC,39.761857318400004
2023-03-10 20:58:00.000000 UTC,40.623743514400005
2023-03-10 20:59:00.000000 UTC,42.258285728800004
2023-03-10 21:00:00.000000 UTC,44.4812474512
2023-03-10 21:01:00.000000 UTC,49.3807839084
2023-03-10 21:02:00.000000 UTC,52.262135113599996
2023-03-10 21:03:00.000000 UTC,50.0108628384
2023-03-10 21:04:00.000000 UTC,45.498527620199994
2023-03-10 21:05:00.000000 UTC,42.833648789
2023-03-10 21:06:00.000000 UTC,40.827935468
2023-03-10 21:07:00.000000 UTC,38.828550222400004
2023-03-10 21:08:00.000000 UTC,41.263037512400004
2023-03-10 21:09:00.000000 UTC,39.3787467868
2023-03-10 21:10:00.000000 UTC,37.5735457158
2023-03-10 21:11:00.000000 UTC,36.432581938199995
2023-03-10 21:12:00.000000 UTC,36.621304117
2023-03-10 21:13:00.000000 UTC,35.445408451800006
2023-03-10 21:14:00.000000 UTC,34.068337177
2023-03-10 21:15:00.000000 UTC,35.652181217199995
2023-03-10 21:16:00.000000 UTC,34.719965392800006
2023-03-10 21:17:00.000000 UTC,33.79556425
2023-03-10 21:18:00.000000 UTC,33.7587577626
2023-03-10 21:19:00.000000 UTC,32.981544441400004
2023-03-10 21:20:00.000000 UTC,31.79421073
2023-03-10 21:21:00.000000 UTC,35.980685279800007
2023-03-10 21:22:00.000000 UTC,36.6115689594
2023-03-10 21:23:00.000000 UTC,35.660588589599996
2023-03-10 21:24:00.000000 UTC,33.7721331574
2023-03-10 21:25:00.000000 UTC,31.3516145412
2023-03-10 21:26:00.000000 UTC,30.0655220716
2023-03-10 21:27:00.000000 UTC,30.476561408
2023-03-10 21:28:00.000000 UTC,32.294389407
2023-03-10 21:29:00.000000 UTC,31.989523525
2023-03-10 21:30:00.000000 UTC,32.4462928186
2023-03-10 21:31:00.000000 UTC,34.759042338
2023-03-10 21:32:00.000000 UTC,34.4182322854
2023-03-10 21:33:00.000000 UTC,34.856603199333335
2023-03-10 21:34:00.000000 UTC,34.81299789
2023-03-10 21:35:00.000000 UTC,33.0625446998
2023-03-10 21:36:00.000000 UTC,32.416299305
2023-03-10 21:37:00.000000 UTC,32.4862753232
2023-03-10 21:38:00.000000 UTC,32.022482118599996
2023-03-10 21:39:00.000000 UTC,31.4739179426
2023-03-10 21:40:00.000000 UTC,30.4942368398
2023-03-10 21:41:00.000000 UTC,32.159046601200004
2023-03-10 21:42:00.000000 UTC,30.4516884136
2023-03-10 21:43:00.000000 UTC,29.8032495952
2023-03-10 21:44:00.000000 UTC,29.730064042
2023-03-10 21:45:00.000000 UTC,31.352754834400002
2023-03-10 21:46:00.000000 UTC,31.304286933599997
2023-03-10 21:47:00.000000 UTC,30.4654926838
2023-03-10 21:48:00.000000 UTC,28.4332184852
2023-03-10 21:49:00.000000 UTC,30.029267853
2023-03-10 21:50:00.000000 UTC,29.570562857400002
2023-03-10 21:51:00.000000 UTC,30.280952822
2023-03-10 21:52:00.000000 UTC,30.2735329806
2023-03-10 21:53:00.000000 UTC,31.822785868
2023-03-10 21:54:00.000000 UTC,32.270986859
2023-03-10 21:55:00.000000 UTC,34.0923163142
2023-03-10 21:56:00.000000 UTC,36.95184792375
2023-03-10 21:57:00.000000 UTC,41.9779218012
2023-03-10 21:58:00.000000 UTC,43.3510255538
2023-03-10 21:59:00.000000 UTC,43.974519297
2023-03-10 22:00:00.000000 UTC,45.174179263599996
2023-03-10 22:01:00.000000 UTC,48.0048986574
2023-03-10 22:02:00.000000 UTC,47.0717736262
2023-03-10 22:03:00.000000 UTC,45.8413512898
2023-03-10 22:04:00.000000 UTC,45.5591590584
2023-03-10 22:05:00.000000 UTC,42.4376983736
2023-03-10 22:06:00.000000 UTC,39.71835352
2023-03-10 22:07:00.000000 UTC,37.985773749
2023-03-10 22:08:00.000000 UTC,35.6717280044
2023-03-10 22:09:00.000000 UTC,34.7156327382
2023-03-10 22:10:00.000000 UTC,36.6494647218
2023-03-10 22:11:00.000000 UTC,33.0317768826
2023-03-10 22:12:00.000000 UTC,33.129867413599996
2023-03-10 22:13:00.000000 UTC,34.3960691004
2023-03-10 22:14:00.000000 UTC,35.059938764
2023-03-10 22:15:00.000000 UTC,33.588635528
2023-03-10 22:16:00.000000 UTC,33.420118222
2023-03-10 22:17:00.000000 UTC,33.492200566
2023-03-10 22:18:00.000000 UTC,33.835742312200004
2023-03-10 22:19:00.000000 UTC,31.785980549
2023-03-10 22:20:00.000000 UTC,33.2453700164
2023-03-10 22:21:00.000000 UTC,33.7476444172
2023-03-10 22:22:00.000000 UTC,34.1959255986
2023-03-10 22:23:00.000000 UTC,35.281254293
2023-03-10 22:24:00.000000 UTC,33.639808878
2023-03-10 22:25:00.000000 UTC,32.3090321934
2023-03-10 22:26:00.000000 UTC,32.144080859
2023-03-10 22:27:00.000000 UTC,31.1108576738
2023-03-10 22:28:00.000000 UTC,32.3901991002
2023-03-10 22:29:00.000000 UTC,30.4402550454
2023-03-10 22:30:00.000000 UTC,33.6068949095
2023-03-10 22:31:00.000000 UTC,35.2150128946
2023-03-10 22:32:00.000000 UTC,34.9425843916
2023-03-10 22:33:00.000000 UTC,35.2645122434
2023-03-10 22:34:00.000000 UTC,33.7680347076
2023-03-10 22:35:00.000000 UTC,34.437432443199995
2023-03-10 22:36:00.000000 UTC,33.3504931296
2023-03-10 22:37:00.000000 UTC,33.1397829278
2023-03-10 22:38:00.000000 UTC,33.562222236400004
2023-03-10 22:39:00.000000 UTC,33.2308717764
2023-03-10 22:40:00.000000 UTC,31.7381293082
2023-03-10 22:41:00.000000 UTC,31.571034103200002
2023-03-10 22:42:00.000000 UTC,31.1933642998
2023-03-10 22:43:00.000000 UTC,31.9597682116
2023-03-10 22:44:00.000000 UTC,32.2365812082
2023-03-10 22:45:00.000000 UTC,32.1837024294
2023-03-10 22:46:00.000000 UTC,31.6803409138
2023-03-10 22:47:00.000000 UTC,32.0536022928
2023-03-10 22:48:00.000000 UTC,32.9245332558
2023-03-10 22:49:00.000000 UTC,32.3835663864
2023-03-10 22:50:00.000000 UTC,30.924528371
2023-03-10 22:51:00.000000 UTC,32.7067364212
2023-03-10 22:52:00.000000 UTC,32.686750461
2023-03-10 22:53:00.000000 UTC,31.8831683338
2023-03-10 22:54:00.000000 UTC,34.2507153272
2023-03-10 22:55:00.000000 UTC,37.512857759599996
2023-03-10 22:56:00.000000 UTC,36.6824455026
2023-03-10 22:57:00.000000 UTC,37.7530320758
2023-03-10 22:58:00.000000 UTC,36.6564580816
2023-03-10 22:59:00.000000 UTC,33.6341627406
2023-03-10 23:00:00.000000 UTC,40.3662909642
2023-03-10 23:01:00.000000 UTC,44.685276452
2023-03-10 23:02:00.000000 UTC,44.065718514400004
2023-03-10 23:03:00.000000 UTC,41.7362466266
2023-03-10 23:04:00.000000 UTC,39.2300120608
2023-03-10 23:05:00.000000 UTC,43.825958287199995
2023-03-10 23:06:00.000000 UTC,43.7111411712
2023-03-10 23:07:00.000000 UTC,42.357529524
2023-03-10 23:08:00.000000 UTC,40.2512609578
2023-03-10 23:09:00.000000 UTC,43.344593440199993
2023-03-10 23:10:00.000000 UTC,44.6125685186
2023-03-10 23:11:00.000000 UTC,43.7863240928
2023-03-10 23:12:00.000000 UTC,43.4851087934
2023-03-10 23:13:00.000000 UTC,43.8535909534
2023-03-10 23:14:00.000000 UTC,42.5575865652
2023-03-10 23:15:00.000000 UTC,42.219817510599995
2023-03-10 23:16:00.000000 UTC,41.023823482800005
2023-03-10 23:17:00.000000 UTC,38.755514887800004
2023-03-10 23:18:00.000000 UTC,38.621337389199994
2023-03-10 23:19:00.000000 UTC,39.6217472312
2023-03-10 23:20:00.000000 UTC,39.463961679
2023-03-10 23:21:00.000000 UTC,39.3695233934
2023-03-10 23:22:00.000000 UTC,39.6723444552
2023-03-10 23:23:00.000000 UTC,40.511978432199996
2023-03-10 23:24:00.000000 UTC,39.969527486800004
2023-03-10 23:25:00.000000 UTC,39.49975558
2023-03-10 23:26:00.000000 UTC,35.9891062942
2023-03-10 23:27:00.000000 UTC,34.809529735800005
2023-03-10 23:28:00.000000 UTC,34.6278016366
2023-03-10 23:29:00.000000 UTC,35.42642998975
2023-03-10 23:30:00.000000 UTC,39.230990616199996
2023-03-10 23:31:00.000000 UTC,39.39863095
2023-03-10 23:32:00.000000 UTC,38.114884663199994
2023-03-10 23:33:00.000000 UTC,37.0742636376
2023-03-10 23:34:00.000000 UTC,38.142256152
2023-03-10 23:35:00.000000 UTC,43.3547085766
2023-03-10 23:36:00.000000 UTC,41.0827065122
2023-03-10 23:37:00.000000 UTC,38.96312930275
2023-03-10 23:38:00.000000 UTC,38.6064568544
2023-03-10 23:39:00.000000 UTC,36.370091773800006
2023-03-10 23:40:00.000000 UTC,34.883926036
2023-03-10 23:41:00.000000 UTC,37.147435454800004
2023-03-10 23:42:00.000000 UTC,36.3940708712
2023-03-10 23:43:00.000000 UTC,35.685980703599995
2023-03-10 23:44:00.000000 UTC,36.000281572800006
2023-03-10 23:45:00.000000 UTC,34.666620726800005
2023-03-10 23:46:00.000000 UTC,35.5982709272
2023-03-10 23:47:00.000000 UTC,37.640379424
2023-03-10 23:48:00.000000 UTC,38.7627374024
2023-03-10 23:49:00.000000 UTC,37.6938762324
2023-03-10 23:50:00.000000 UTC,36.8475662628
2023-03-10 23:51:00.000000 UTC,35.996305101199994
2023-03-10 23:52:00.000000 UTC,40.405290144
2023-03-10 23:53:00.000000 UTC,44.1460718905
2023-03-10 23:54:00.000000 UTC,39.8150368024
2023-03-10 23:55:00.000000 UTC,36.8959296332
2023-03-10 23:56:00.000000 UTC,34.539476108
2023-03-10 23:57:00.000000 UTC,33.324070174
2023-03-10 23:58:00.000000 UTC,34.60881073825
2023-03-10 23:59:00.000000 UTC,34.6135199388
2023-03-11 00:00:00.000000 UTC,38.687532037400004
2023-03-11 00:01:00.000000 UTC,39.954299313599996
2023-03-11 00:02:00.000000 UTC,43.274288258199995
2023-03-11 00:03:00.000000 UTC,44.0255165504
2023-03-11 00:04:00.000000 UTC,49.3251513222
2023-03-11 00:05:00.000000 UTC,48.833719778
2023-03-11 00:06:00.000000 UTC,49.146593229
2023-03-11 00:07:00.000000 UTC,48.5553825076
2023-03-11 00:08:00.000000 UTC,50.282381979
2023-03-11 00:09:00.000000 UTC,49.2095848908
2023-03-11 00:10:00.000000 UTC,49.6062827208
2023-03-11 00:11:00.000000 UTC,50.6063247182
2023-03-11 00:12:00.000000 UTC,51.5820241774
2023-03-11 00:13:00.000000 UTC,51.133623889800006
2023-03-11 00:14:00.000000 UTC,53.0820900578
2023-03-11 00:15:00.000000 UTC,62.33910869925
2023-03-11 00:16:00.000000 UTC,74.165713322199991
2023-03-11 00:17:00.000000 UTC,67.608645203
2023-03-11 00:18:00.000000 UTC,63.244092552800005
2023-03-11 00:19:00.000000 UTC,57.698597013800004
2023-03-11 00:20:00.000000 UTC,55.957086324
2023-03-11 00:21:00.000000 UTC,56.5044095786
2023-03-11 00:22:00.000000 UTC,53.759760166199996
2023-03-11 00:23:00.000000 UTC,55.6742163674
2023-03-11 00:24:00.000000 UTC,57.8221017268
2023-03-11 00:25:00.000000 UTC,60.880780613199995
2023-03-11 00:26:00.000000 UTC,59.8523656098
2023-03-11 00:27:00.000000 UTC,59.77202692
2023-03-11 00:28:00.000000 UTC,58.5589407724
2023-03-11 00:29:00.000000 UTC,56.722945306199996
2023-03-11 00:30:00.000000 UTC,58.2250985002
2023-03-11 00:31:00.000000 UTC,59.6146148012
2023-03-11 00:32:00.000000 UTC,57.693615236800007
2023-03-11 00:33:00.000000 UTC,56.0346202268
2023-03-11 00:34:00.000000 UTC,59.3625551524
2023-03-11 00:35:00.000000 UTC,68.4427574588
2023-03-11 00:36:00.000000 UTC,70.013752955
2023-03-11 00:37:00.000000 UTC,68.8414430954
2023-03-11 00:38:00.000000 UTC,65.1154982102
2023-03-11 00:39:00.000000 UTC,60.733729622800006
2023-03-11 00:40:00.000000 UTC,62.734643633800005
2023-03-11 00:41:00.000000 UTC,63.5317726314
2023-03-11 00:42:00.000000 UTC,61.7902668756
2023-03-11 00:43:00.000000 UTC,62.7384245214
2023-03-11 00:44:00.000000 UTC,60.8133679588
2023-03-11 00:45:00.000000 UTC,61.9721336146
2023-03-11 00:46:00.000000 UTC,59.589727642
2023-03-11 00:47:00.000000 UTC,58.889406380199993
2023-03-11 00:48:00.000000 UTC,60.4514765586
2023-03-11 00:49:00.000000 UTC,62.95259306525
2023-03-11 00:50:00.000000 UTC,64.4984192774
2023-03-11 00:51:00.000000 UTC,62.881913873
2023-03-11 00:52:00.000000 UTC,59.359573862800005
2023-03-11 00:53:00.000000 UTC,56.9471008538
2023-03-11 00:54:00.000000 UTC,67.4049363256
2023-03-11 00:55:00.000000 UTC,68.015872067
2023-03-11 00:56:00.000000 UTC,64.3848598638
2023-03-11 00:57:00.000000 UTC,60.8793613918
2023-03-11 00:58:00.000000 UTC,62.7757086902
2023-03-11 00:59:00.000000 UTC,61.8402628144
2023-03-11 01:00:00.000000 UTC,60.549464691199994
2023-03-11 01:01:00.000000 UTC,60.353282744800005
2023-03-11 01:02:00.000000 UTC,56.964312899
2023-03-11 01:03:00.000000 UTC,56.7966043956
2023-03-11 01:04:00.000000 UTC,53.532613401
2023-03-11 01:05:00.000000 UTC,63.30192890475
2023-03-11 01:06:00.000000 UTC,68.54858457725
2023-03-11 01:07:00.000000 UTC,64.8341068248
2023-03-11 01:08:00.000000 UTC,60.8424110176
2023-03-11 01:09:00.000000 UTC,59.1347096026
2023-03-11 01:10:00.000000 UTC,58.5457370472
2023-03-11 01:11:00.000000 UTC,57.6951770004
2023-03-11 01:12:00.000000 UTC,54.519114122
2023-03-11 01:13:00.000000 UTC,54.0222125744
2023-03-11 01:14:00.000000 UTC,52.017467765199996
2023-03-11 01:15:00.000000 UTC,60.9279599722
2023-03-11 01:16:00.000000 UTC,62.629899404
2023-03-11 01:17:00.000000 UTC,75.2017829966
2023-03-11 01:18:00.000000 UTC,75.591395783399989
2023-03-11 01:19:00.000000 UTC,69.67960821
2023-03-11 01:20:00.000000 UTC,67.416520545
2023-03-11 01:21:00.000000 UTC,68.8578142272
2023-03-11 01:22:00.000000 UTC,64.5725713894
2023-03-11 01:23:00.000000 UTC,62.9191470886
2023-03-11 01:24:00.000000 UTC,65.400542045800009
2023-03-11 01:25:00.000000 UTC,65.9772248276
2023-03-11 01:26:00.000000 UTC,67.3158229436
2023-03-11 01:27:00.000000 UTC,68.3157376844
2023-03-11 01:28:00.000000 UTC,68.204967755
2023-03-11 01:29:00.000000 UTC,68.556720253
2023-03-11 01:30:00.000000 UTC,76.5110581964
2023-03-11 01:31:00.000000 UTC,81.729342619800008
2023-03-11 01:32:00.000000 UTC,80.662007799800008
2023-03-11 01:33:00.000000 UTC,83.4312567782
2023-03-11 01:34:00.000000 UTC,84.180049048600011
2023-03-11 01:35:00.000000 UTC,82.502539134199992
2023-03-11 01:36:00.000000 UTC,82.5164268388
2023-03-11 01:37:00.000000 UTC,80.7400818604
2023-03-11 01:38:00.000000 UTC,85.111554591600012
2023-03-11 01:39:00.000000 UTC,86.9117347412
2023-03-11 01:40:00.000000 UTC,99.3823888054
2023-03-11 01:41:00.000000 UTC,97.3783657556
2023-03-11 01:42:00.000000 UTC,98.3805344302
2023-03-11 01:43:00.000000 UTC,98.368980893399993
2023-03-11 01:44:00.000000 UTC,97.3233759588
2023-03-11 01:45:00.000000 UTC,95.0232958312
2023-03-11 01:46:00.000000 UTC,97.8004383188
2023-03-11 01:47:00.000000 UTC,94.438374942399989
2023-03-11 01:48:00.000000 UTC,97.43983761
2023-03-11 01:49:00.000000 UTC,92.5977628258
2023-03-11 01:50:00.000000 UTC,95.924379825
2023-03-11 01:51:00.000000 UTC,95.3607500838
2023-03-11 01:52:00.000000 UTC,94.260697107399992
2023-03-11 01:53:00.000000 UTC,90.9442335134
2023-03-11 01:54:00.000000 UTC,93.1953374018
2023-03-11 01:55:00.000000 UTC,95.034697408
2023-03-11 01:56:00.000000 UTC,94.6434726884
2023-03-11 01:57:00.000000 UTC,98.4432209254
2023-03-11 01:58:00.000000 UTC,96.3403940906
2023-03-11 01:59:00.000000 UTC,95.434481085199991
2023-03-11 02:00:00.000000 UTC,102.493548854
2023-03-11 02:01:00.000000 UTC,99.957169371
2023-03-11 02:02:00.000000 UTC,95.815133914
2023-03-11 02:03:00.000000 UTC,97.9765441715
2023-03-11 02:04:00.000000 UTC,97.11573382280001
2023-03-11 02:05:00.000000 UTC,103.385097687
2023-03-11 02:06:00.000000 UTC,98.372518301
2023-03-11 02:07:00.000000 UTC,100.230881145
2023-03-11 02:08:00.000000 UTC,103.20870892239999
2023-03-11 02:09:00.000000 UTC,100.92911892160001
2023-03-11 02:10:00.000000 UTC,100.296751158
2023-03-11 02:11:00.000000 UTC,104.8599120388
2023-03-11 02:12:00.000000 UTC,106.87969492539999
2023-03-11 02:13:00.000000 UTC,105.3997378808
2023-03-11 02:14:00.000000 UTC,100.24462767119999
2023-03-11 02:15:00.000000 UTC,101.49525789239999
2023-03-11 02:16:00.000000 UTC,97.21599943575
2023-03-11 02:17:00.000000 UTC,99.0998658056
2023-03-11 02:18:00.000000 UTC,99.647328207
2023-03-11 02:19:00.000000 UTC,101.1527248692
2023-03-11 02:20:00.000000 UTC,98.3904443978
2023-03-11 02:21:00.000000 UTC,99.5197318446
2023-03-11 02:22:00.000000 UTC,94.3920446162
2023-03-11 02:23:00.000000 UTC,91.8394351664
2023-03-11 02:24:00.000000 UTC,89.9694437994
2023-03-11 02:25:00.000000 UTC,93.7736821438
2023-03-11 02:26:00.000000 UTC,90.8520329958
2023-03-11 02:27:00.000000 UTC,88.221430895600008
2023-03-11 02:28:00.000000 UTC,89.8894641558
2023-03-11 02:29:00.000000 UTC,93.958544628
2023-03-11 02:30:00.000000 UTC,97.2700203608
2023-03-11 02:31:00.000000 UTC,92.1670132216
2023-03-11 02:32:00.000000 UTC,86.0046087002
2023-03-11 02:33:00.000000 UTC,83.4732130062
2023-03-11 02:34:00.000000 UTC,83.8670798018
2023-03-11 02:35:00.000000 UTC,83.998324738
2023-03-11 02:36:00.000000 UTC,77.6094603706
2023-03-11 02:37:00.000000 UTC,71.6219735088
2023-03-11 02:38:00.000000 UTC,68.9443637404
2023-03-11 02:39:00.000000 UTC,67.0439768444
2023-03-11 02:40:00.000000 UTC,64.6996269192
2023-03-11 02:41:00.000000 UTC,65.6185722526
2023-03-11 02:42:00.000000 UTC,63.7616826864
2023-03-11 02:43:00.000000 UTC,59.056993069
2023-03-11 02:44:00.000000 UTC,65.5929818938
2023-03-11 02:45:00.000000 UTC,65.045458053
2023-03-11 02:46:00.000000 UTC,68.1131714574
2023-03-11 02:47:00.000000 UTC,64.27859774480001
2023-03-11 02:48:00.000000 UTC,61.243143167199996
2023-03-11 02:49:00.000000 UTC,62.322979592
2023-03-11 02:50:00.000000 UTC,67.1520128394
2023-03-11 02:51:00.000000 UTC,64.2088446002
2023-03-11 02:52:00.000000 UTC,60.6020734068
2023-03-11 02:53:00.000000 UTC,58.2288658982
2023-03-11 02:54:00.000000 UTC,58.0744506184
2023-03-11 02:55:00.000000 UTC,57.951432761
2023-03-11 02:56:00.000000 UTC,57.385199981599996
2023-03-11 02:57:00.000000 UTC,58.597513541199994
2023-03-11 02:58:00.000000 UTC,56.8028973756
2023-03-11 02:59:00.000000 UTC,55.2926493984
2023-03-11 03:00:00.000000 UTC,64.8817893312
2023-03-11 03:01:00.000000 UTC,69.2334858494
2023-03-11 03:02:00.000000 UTC,69.193596637
2023-03-11 03:03:00.000000 UTC,64.1313138774
2023-03-11 03:04:00.000000 UTC,60.559184488599996
2023-03-11 03:05:00.000000 UTC,64.0741931676
2023-03-11 03:06:00.000000 UTC,67.3915504882
2023-03-11 03:07:00.000000 UTC,66.3190084922
2023-03-11 03:08:00.000000 UTC,68.84485312325
2023-03-11 03:09:00.000000 UTC,70.33182779
2023-03-11 03:10:00.000000 UTC,71.292615817399991
2023-03-11 03:11:00.000000 UTC,74.252760567
2023-03-11 03:12:00.000000 UTC,77.9174390972
2023-03-11 03:13:00.000000 UTC,76.1052379882
2023-03-11 03:14:00.000000 UTC,74.287693419
2023-03-11 03:15:00.000000 UTC,78.7824834532
2023-03-11 03:16:00.000000 UTC,86.162333041600007
2023-03-11 03:17:00.000000 UTC,81.7675273754
2023-03-11 03:18:00.000000 UTC,79.6984530762
2023-03-11 03:19:00.000000 UTC,83.663001779399991
2023-03-11 03:20:00.000000 UTC,82.955107488
2023-03-11 03:21:00.000000 UTC,85.502957141399989
2023-03-11 03:22:00.000000 UTC,95.8189351458
2023-03-11 03:23:00.000000 UTC,102.7713283502
2023-03-11 03:24:00.000000 UTC,97.603867602
2023-03-11 03:25:00.000000 UTC,101.73346702719999
2023-03-11 03:26:00.000000 UTC,105.1346092662
2023-03-11 03:27:00.000000 UTC,106.5079872026
2023-03-11 03:28:00.000000 UTC,124.94419756539999
2023-03-11 03:29:00.000000 UTC,152.4571654834
2023-03-11 03:30:00.000000 UTC,154.5394400852
2023-03-11 03:31:00.000000 UTC,146.2865323758
2023-03-11 03:32:00.000000 UTC,151.4019937194
2023-03-11 03:33:00.000000 UTC,149.6283019736
2023-03-11 03:34:00.000000 UTC,150.282797132
2023-03-11 03:35:00.000000 UTC,164.6479243752
2023-03-11 03:36:00.000000 UTC,189.40725499220002
2023-03-11 03:37:00.000000 UTC,192.3356861606
2023-03-11 03:38:00.000000 UTC,194.8649050456
2023-03-11 03:39:00.000000 UTC,189.82210444179998
2023-03-11 03:40:00.000000 UTC,200.93876153079998
2023-03-11 03:41:00.000000 UTC,216.4659341924
2023-03-11 03:42:00.000000 UTC,211.299668845
2023-03-11 03:43:00.000000 UTC,225.016321628
2023-03-11 03:44:00.000000 UTC,228.3360445454
2023-03-11 03:45:00.000000 UTC,230.417252924
2023-03-11 03:46:00.000000 UTC,218.53603758679998
2023-03-11 03:47:00.000000 UTC,222.3575677884
2023-03-11 03:48:00.000000 UTC,235.3796375464
2023-03-11 03:49:00.000000 UTC,235.879539594
2023-03-11 03:50:00.000000 UTC,223.124781246
2023-03-11 03:51:00.000000 UTC,220.0130305944
2023-03-11 03:52:00.000000 UTC,222.1648192918
2023-03-11 03:53:00.000000 UTC,221.58472767179998
2023-03-11 03:54:00.000000 UTC,214.686234868
2023-03-11 03:55:00.000000 UTC,213.233248295
2023-03-11 03:56:00.000000 UTC,210.0607821918
2023-03-11 03:57:00.000000 UTC,209.1833169028
2023-03-11 03:58:00.000000 UTC,203.741656551
2023-03-11 03:59:00.000000 UTC,205.50445104739998
2023-03-11 04:00:00.000000 UTC,218.1453063548
2023-03-11 04:01:00.000000 UTC,221.6325295214
2023-03-11 04:02:00.000000 UTC,229.9754690294
2023-03-11 04:03:00.000000 UTC,222.022130349
2023-03-11 04:04:00.000000 UTC,218.5518388354
2023-03-11 04:05:00.000000 UTC,216.7043814086
2023-03-11 04:06:00.000000 UTC,218.8455743794
2023-03-11 04:07:00.000000 UTC,215.4823641324
2023-03-11 04:08:00.000000 UTC,209.0311343448
2023-03-11 04:09:00.000000 UTC,215.2032765384
2023-03-11 04:10:00.000000 UTC,221.251487646
2023-03-11 04:11:00.000000 UTC,233.2814376372
2023-03-11 04:12:00.000000 UTC,229.03276355920002
2023-03-11 04:13:00.000000 UTC,224.77640709820002
2023-03-11 04:14:00.000000 UTC,221.4774159632
2023-03-11 04:15:00.000000 UTC,215.36556310920002
2023-03-11 04:16:00.000000 UTC,211.4945696546
2023-03-11 04:17:00.000000 UTC,207.9571126296
2023-03-11 04:18:00.000000 UTC,217.54233270375
2023-03-11 04:19:00.000000 UTC,215.113560759
2023-03-11 04:20:00.000000 UTC,206.69038636079998
2023-03-11 04:21:00.000000 UTC,196.5062717502
2023-03-11 04:22:00.000000 UTC,206.0107682318
2023-03-11 04:23:00.000000 UTC,204.6099593236
2023-03-11 04:24:00.000000 UTC,193.432136977
2023-03-11 04:25:00.000000 UTC,197.030545262
2023-03-11 04:26:00.000000 UTC,180.96995049179998
2023-03-11 04:27:00.000000 UTC,174.25131849020002
2023-03-11 04:28:00.000000 UTC,176.3102460872
2023-03-11 04:29:00.000000 UTC,178.661573743
2023-03-11 04:30:00.000000 UTC,183.3454250056
2023-03-11 04:31:00.000000 UTC,178.0625854928
2023-03-11 04:32:00.000000 UTC,171.32988785
2023-03-11 04:33:00.000000 UTC,162.29830462325
2023-03-11 04:34:00.000000 UTC,164.90077526620001
2023-03-11 04:35:00.000000 UTC,164.2544233964
2023-03-11 04:36:00.000000 UTC,155.629245639
2023-03-11 04:37:00.000000 UTC,157.7070501034
2023-03-11 04:38:00.000000 UTC,158.4042877204
2023-03-11 04:39:00.000000 UTC,160.7949597806
2023-03-11 04:40:00.000000 UTC,157.4644657804
2023-03-11 04:41:00.000000 UTC,151.94918853960002
2023-03-11 04:42:00.000000 UTC,151.9052306526
2023-03-11 04:43:00.000000 UTC,153.87503207979998
2023-03-11 04:44:00.000000 UTC,152.0970596786
2023-03-11 04:45:00.000000 UTC,153.94820213120002
2023-03-11 04:46:00.000000 UTC,152.6927367548
2023-03-11 04:47:00.000000 UTC,144.3412449068
2023-03-11 04:48:00.000000 UTC,139.0887361424
2023-03-11 04:49:00.000000 UTC,132.621773396
2023-03-11 04:50:00.000000 UTC,127.2377592942
2023-03-11 04:51:00.000000 UTC,131.0761404018
2023-03-11 04:52:00.000000 UTC,126.315223222
2023-03-11 04:53:00.000000 UTC,123.8959203912
2023-03-11 04:54:00.000000 UTC,115.32230488719999
2023-03-11 04:55:00.000000 UTC,109.190139925
2023-03-11 04:56:00.000000 UTC,112.2065076308
2023-03-11 04:57:00.000000 UTC,106.3412503108
2023-03-11 04:58:00.000000 UTC,114.88115366839999
2023-03-11 04:59:00.000000 UTC,108.96623109160001
2023-03-11 05:00:00.000000 UTC,120.0911849106
2023-03-11 05:01:00.000000 UTC,117.8897702832
2023-03-11 05:02:00.000000 UTC,112.07818759519999
2023-03-11 05:03:00.000000 UTC,109.1583289696
2023-03-11 05:04:00.000000 UTC,111.113544714
2023-03-11 05:05:00.000000 UTC,106.101503912
2023-03-11 05:06:00.000000 UTC,113.82495854960001
2023-03-11 05:07:00.000000 UTC,112.292573608
2023-03-11 05:08:00.000000 UTC,118.45791798980001
2023-03-11 05:09:00.000000 UTC,117.34585299060001
2023-03-11 05:10:00.000000 UTC,116.3108460524
2023-03-11 05:11:00.000000 UTC,119.898523225
2023-03-11 05:12:00.000000 UTC,117.5698640918
2023-03-11 05:13:00.000000 UTC,120.6840762818
2023-03-11 05:14:00.000000 UTC,113.7569317408
2023-03-11 05:15:00.000000 UTC,115.4549492658
2023-03-11 05:16:00.000000 UTC,118.4021169306
2023-03-11 05:17:00.000000 UTC,122.07380872060001
2023-03-11 05:18:00.000000 UTC,118.88334928075
2023-03-11 05:19:00.000000 UTC,120.7636752116
2023-03-11 05:20:00.000000 UTC,113.1807291958
2023-03-11 05:21:00.000000 UTC,123.2326626095
2023-03-11 05:22:00.000000 UTC,121.801199066
2023-03-11 05:23:00.000000 UTC,113.4488869452
2023-03-11 05:24:00.000000 UTC,114.7192979134
2023-03-11 05:25:00.000000 UTC,119.38352519739999
2023-03-11 05:26:00.000000 UTC,117.8129874806
2023-03-11 05:27:00.000000 UTC,114.0879157352
2023-03-11 05:28:00.000000 UTC,105.6916020762
2023-03-11 05:29:00.000000 UTC,102.06857349139999
2023-03-11 05:30:00.000000 UTC,106.9680736998
2023-03-11 05:31:00.000000 UTC,112.65012368160001
2023-03-11 05:32:00.000000 UTC,109.86675882280001
2023-03-11 05:33:00.000000 UTC,108.7425910512
2023-03-11 05:34:00.000000 UTC,108.236530158
2023-03-11 05:35:00.000000 UTC,104.343856119
2023-03-11 05:36:00.000000 UTC,100.9052008714
2023-03-11 05:37:00.000000 UTC,106.5539988714
2023-03-11 05:38:00.000000 UTC,100.6653783842
2023-03-11 05:39:00.000000 UTC,96.1556227684
2023-03-11 05:40:00.000000 UTC,91.0385594462
2023-03-11 05:41:00.000000 UTC,89.877189835399989
2023-03-11 05:42:00.000000 UTC,89.7005593104
2023-03-11 05:43:00.000000 UTC,87.3483437688
2023-03-11 05:44:00.000000 UTC,85.9283811264
2023-03-11 05:45:00.000000 UTC,91.5155963804
2023-03-11 05:46:00.000000 UTC,90.44492221075
2023-03-11 05:47:00.000000 UTC,93.6624501408
2023-03-11 05:48:00.000000 UTC,94.773987732399988
2023-03-11 05:49:00.000000 UTC,93.63435992925
2023-03-11 05:50:00.000000 UTC,97.240409108
2023-03-11 05:51:00.000000 UTC,96.8157753024
2023-03-11 05:52:00.000000 UTC,95.701797782399993
2023-03-11 05:53:00.000000 UTC,91.5466210078
2023-03-11 05:54:00.000000 UTC,92.3682132678
2023-03-11 05:55:00.000000 UTC,93.547703868
2023-03-11 05:56:00.000000 UTC,87.6647149824
2023-03-11 05:57:00.000000 UTC,87.2465351972
2023-03-11 05:58:00.000000 UTC,86.4978467622
2023-03-11 05:59:00.000000 UTC,92.567307784
2023-03-11 06:00:00.000000 UTC,92.1408290764
2023-03-11 06:01:00.000000 UTC,92.761816052
2023-03-11 06:02:00.000000 UTC,90.87461555
2023-03-11 06:03:00.000000 UTC,97.0703578846
2023-03-11 06:04:00.000000 UTC,94.9139437808
2023-03-11 06:05:00.000000 UTC,95.4898203946
2023-03-11 06:06:00.000000 UTC,97.7743824148
2023-03-11 06:07:00.000000 UTC,99.9835603085
2023-03-11 06:08:00.000000 UTC,113.30892324325
2023-03-11 06:09:00.000000 UTC,111.2707967508
2023-03-11 06:10:00.000000 UTC,116.3179343202
2023-03-11 06:11:00.000000 UTC,117.9898276
2023-03-11 06:12:00.000000 UTC,117.4145290206
2023-03-11 06:13:00.000000 UTC,108.7777726916
2023-03-11 06:14:00.000000 UTC,107.259880642
2023-03-11 06:15:00.000000 UTC,112.673714128
2023-03-11 06:16:00.000000 UTC,112.5196813014
2023-03-11 06:17:00.000000 UTC,109.71173943660001
2023-03-11 06:18:00.000000 UTC,115.579645809
2023-03-11 06:19:00.000000 UTC,111.9669560402
2023-03-11 06:20:00.000000 UTC,113.472110051
2023-03-11 06:21:00.000000 UTC,115.8601164218
2023-03-11 06:22:00.000000 UTC,112.09675150780001
2023-03-11 06:23:00.000000 UTC,115.109740268
2023-03-11 06:24:00.000000 UTC,118.28944765739999
2023-03-11 06:25:00.000000 UTC,117.93510761419999
2023-03-11 06:26:00.000000 UTC,121.2531693672
2023-03-11 06:27:00.000000 UTC,122.9283729852
2023-03-11 06:28:00.000000 UTC,134.51520110025
2023-03-11 06:29:00.000000 UTC,133.6028362036
2023-03-11 06:30:00.000000 UTC,141.127124338
2023-03-11 06:31:00.000000 UTC,144.9237351224
2023-03-11 06:32:00.000000 UTC,143.488685773
2023-03-11 06:33:00.000000 UTC,145.6375468752
2023-03-11 06:34:00.000000 UTC,153.7527601264
2023-03-11 06:35:00.000000 UTC,153.5045424776
2023-03-11 06:36:00.000000 UTC,164.080126866
2023-03-11 06:37:00.000000 UTC,160.9982725184
2023-03-11 06:38:00.000000 UTC,159.62657143779998
2023-03-11 06:39:00.000000 UTC,172.572699601
2023-03-11 06:40:00.000000 UTC,177.5056654082
2023-03-11 06:41:00.000000 UTC,176.26096198125
2023-03-11 06:42:00.000000 UTC,195.068139325
2023-03-11 06:43:00.000000 UTC,186.1633990036
2023-03-11 06:44:00.000000 UTC,206.93262991120002
2023-03-11 06:45:00.000000 UTC,231.08545704
2023-03-11 06:46:00.000000 UTC,245.107291091
2023-03-11 06:47:00.000000 UTC,250.3454478406
2023-03-11 06:48:00.000000 UTC,263.4556112368
2023-03-11 06:49:00.000000 UTC,272.2525483928
2023-03-11 06:50:00.000000 UTC,269.0171274956
2023-03-11 06:51:00.000000 UTC,268.9388398166
2023-03-11 06:52:00.000000 UTC,257.4999243446
2023-03-11 06:53:00.000000 UTC,257.5226657354
2023-03-11 06:54:00.000000 UTC,266.1474444814
2023-03-11 06:55:00.000000 UTC,273.508847815
2023-03-11 06:56:00.000000 UTC,273.247704419
2023-03-11 06:57:00.000000 UTC,287.06742107459996
2023-03-11 06:58:00.000000 UTC,293.102382247
2023-03-11 06:59:00.000000 UTC,305.8000881614
2023-03-11 07:00:00.000000 UTC,295.9553069106
2023-03-11 07:01:00.000000 UTC,296.4162317218
2023-03-11 07:02:00.000000 UTC,293.76851206140003
2023-03-11 07:03:00.000000 UTC,278.2474144262
2023-03-11 07:04:00.000000 UTC,291.15324347579997
2023-03-11 07:05:00.000000 UTC,279.845038369
2023-03-11 07:06:00.000000 UTC,278.222427192
2023-03-11 07:07:00.000000 UTC,274.6740143448
2023-03-11 07:08:00.000000 UTC,295.4959950782
2023-03-11 07:09:00.000000 UTC,309.1422682734
2023-03-11 07:10:00.000000 UTC,316.40137918979997
2023-03-11 07:11:00.000000 UTC,307.47080986059996
2023-03-11 07:12:00.000000 UTC,318.6676086738
2023-03-11 07:13:00.000000 UTC,319.4770383606
2023-03-11 07:14:00.000000 UTC,331.05516432940004
2023-03-11 07:15:00.000000 UTC,341.21659285920003
2023-03-11 07:16:00.000000 UTC,342.96185031479996
2023-03-11 07:17:00.000000 UTC,337.92507836920004
2023-03-11 07:18:00.000000 UTC,348.9699618262
2023-03-11 07:19:00.000000 UTC,348.8607108484
2023-03-11 07:20:00.000000 UTC,339.1990980548
2023-03-11 07:21:00.000000 UTC,335.2662730238
2023-03-11 07:22:00.000000 UTC,320.2584831076
2023-03-11 07:23:00.000000 UTC,308.32441071240004
2023-03-11 07:24:00.000000 UTC,312.87454535259997
2023-03-11 07:25:00.000000 UTC,328.020837672
2023-03-11 07:26:00.000000 UTC,326.6463481606
2023-03-11 07:27:00.000000 UTC,329.8899684056
2023-03-11 07:28:00.000000 UTC,335.62327696759996
2023-03-11 07:29:00.000000 UTC,330.7278825162
2023-03-11 07:30:00.000000 UTC,324.4966050086
2023-03-11 07:31:00.000000 UTC,320.0069198275
2023-03-11 07:32:00.000000 UTC,317.01688198979997
2023-03-11 07:33:00.000000 UTC,303.64092126820003
2023-03-11 07:34:00.000000 UTC,294.5763740642
2023-03-11 07:35:00.000000 UTC,292.2254315132
2023-03-11 07:36:00.000000 UTC,284.3608402002
2023-03-11 07:37:00.000000 UTC,287.221086239
2023-03-11 07:38:00.000000 UTC,291.0526153352
2023-03-11 07:39:00.000000 UTC,296.240429692
2023-03-11 07:40:00.000000 UTC,301.3266592574
2023-03-11 07:41:00.000000 UTC,317.02424156440003
2023-03-11 07:42:00.000000 UTC,326.2395105338
2023-03-11 07:43:00.000000 UTC,346.6964203898
2023-03-11 07:44:00.000000 UTC,356.38194692940004
2023-03-11 07:45:00.000000 UTC,365.86647339440003
2023-03-11 07:46:00.000000 UTC,351.5673801776
2023-03-11 07:47:00.000000 UTC,331.8304781256
2023-03-11 07:48:00.000000 UTC,331.3115446426
2023-03-11 07:49:00.000000 UTC,333.394384759
2023-03-11 07:50:00.000000 UTC,314.61697910559997
2023-03-11 07:51:00.000000 UTC,304.8346302612
2023-03-11 07:52:00.000000 UTC,306.93318794
2023-03-11 07:53:00.000000 UTC,301.9768077878
2023-03-11 07:54:00.000000 UTC,299.9503123788
2023-03-11 07:55:00.000000 UTC,305.196493694
2023-03-11 07:56:00.000000 UTC,297.4771846466
2023-03-11 07:57:00.000000 UTC,301.35246234059997
2023-03-11 07:58:00.000000 UTC,298.2458224664
2023-03-11 07:59:00.000000 UTC,304.0369944662
2023-03-11 08:00:00.000000 UTC,305.34126348959995
2023-03-11 08:01:00.000000 UTC,317.0254555866
2023-03-11 08:02:00.000000 UTC,303.5121806394
2023-03-11 08:03:00.000000 UTC,306.2615633748
2023-03-11 08:04:00.000000 UTC,298.95161324220004
2023-03-11 08:05:00.000000 UTC,300.945164468
2023-03-11 08:06:00.000000 UTC,292.3941194808
2023-03-11 08:07:00.000000 UTC,298.0196689658
2023-03-11 08:08:00.000000 UTC,293.0732423924
2023-03-11 08:09:00.000000 UTC,288.0171548494
2023-03-11 08:10:00.000000 UTC,269.032863893
2023-03-11 08:11:00.000000 UTC,271.85938801125
2023-03-11 08:12:00.000000 UTC,275.25968637759996
2023-03-11 08:13:00.000000 UTC,264.3573123812
2023-03-11 08:14:00.000000 UTC,281.08026798925
2023-03-11 08:15:00.000000 UTC,281.5358024172
2023-03-11 08:16:00.000000 UTC,265.0078848865
2023-03-11 08:17:00.000000 UTC,291.35929425940003
2023-03-11 08:18:00.000000 UTC,265.7480924924
2023-03-11 08:19:00.000000 UTC,253.0608485846
2023-03-11 08:20:00.000000 UTC,252.338072114
2023-03-11 08:21:00.000000 UTC,252.69242594620002
2023-03-11 08:22:00.000000 UTC,255.466801974
2023-03-11 08:23:00.000000 UTC,257.298800493
2023-03-11 08:24:00.000000 UTC,261.4886643676
2023-03-11 08:25:00.000000 UTC,237.7475897096
2023-03-11 08:26:00.000000 UTC,228.1870712974
2023-03-11 08:27:00.000000 UTC,224.209110163
2023-03-11 08:28:00.000000 UTC,227.26514063739998
2023-03-11 08:29:00.000000 UTC,226.4305238355
2023-03-11 08:30:00.000000 UTC,242.05374865160002
2023-03-11 08:31:00.000000 UTC,236.5655501036
2023-03-11 08:32:00.000000 UTC,217.4504051194
2023-03-11 08:33:00.000000 UTC,215.242273234
2023-03-11 08:34:00.000000 UTC,208.3415232594
2023-03-11 08:35:00.000000 UTC,210.3376098824
2023-03-11 08:36:00.000000 UTC,209.4207075872
2023-03-11 08:37:00.000000 UTC,213.32659498225
2023-03-11 08:38:00.000000 UTC,222.5314511326
2023-03-11 08:39:00.000000 UTC,223.0467978256
2023-03-11 08:40:00.000000 UTC,220.13878922339998
2023-03-11 08:41:00.000000 UTC,200.2770984328
2023-03-11 08:42:00.000000 UTC,203.2001087406
2023-03-11 08:43:00.000000 UTC,202.5317679862
2023-03-11 08:44:00.000000 UTC,201.4935597588
2023-03-11 08:45:00.000000 UTC,198.48895126079998
2023-03-11 08:46:00.000000 UTC,196.8621774084
2023-03-11 08:47:00.000000 UTC,212.8787834215
2023-03-11 08:48:00.000000 UTC,199.9904625578
2023-03-11 08:49:00.000000 UTC,191.3723288938
2023-03-11 08:50:00.000000 UTC,186.648566826
2023-03-11 08:51:00.000000 UTC,181.1822959312
2023-03-11 08:52:00.000000 UTC,173.91696190739998
2023-03-11 08:53:00.000000 UTC,169.87880618539998
2023-03-11 08:54:00.000000 UTC,162.6121254782
2023-03-11 08:55:00.000000 UTC,168.48153356839998
2023-03-11 08:56:00.000000 UTC,163.63561831479998
2023-03-11 08:57:00.000000 UTC,160.94117589939998
2023-03-11 08:58:00.000000 UTC,156.92824315820002
2023-03-11 08:59:00.000000 UTC,157.9640804032
2023-03-11 09:00:00.000000 UTC,161.3470993594
2023-03-11 09:01:00.000000 UTC,162.71795524479998
2023-03-11 09:02:00.000000 UTC,155.567731484
2023-03-11 09:03:00.000000 UTC,156.0972234498
2023-03-11 09:04:00.000000 UTC,152.7232635636
2023-03-11 09:05:00.000000 UTC,154.908927166
2023-03-11 09:06:00.000000 UTC,150.6350216798
2023-03-11 09:07:00.000000 UTC,162.8574562044
2023-03-11 09:08:00.000000 UTC,146.51004680539998
2023-03-11 09:09:00.000000 UTC,138.0533315
2023-03-11 09:10:00.000000 UTC,135.7879297054
2023-03-11 09:11:00.000000 UTC,140.33018014660001
2023-03-11 09:12:00.000000 UTC,149.488280173
2023-03-11 09:13:00.000000 UTC,149.0258218842
2023-03-11 09:14:00.000000 UTC,139.5859321916
2023-03-11 09:15:00.000000 UTC,136.47447978419999
2023-03-11 09:16:00.000000 UTC,129.6755123584
2023-03-11 09:17:00.000000 UTC,127.11628694
2023-03-11 09:18:00.000000 UTC,120.6666012332
2023-03-11 09:19:00.000000 UTC,114.861937789
2023-03-11 09:20:00.000000 UTC,107.393212352
2023-03-11 09:21:00.000000 UTC,106.96697933019999
2023-03-11 09:22:00.000000 UTC,105.5716322146
2023-03-11 09:23:00.000000 UTC,103.719222058
2023-03-11 09:24:00.000000 UTC,105.4833801934
2023-03-11 09:25:00.000000 UTC,111.40085391139999
2023-03-11 09:26:00.000000 UTC,109.245187969
2023-03-11 09:27:00.000000 UTC,105.0166370726
2023-03-11 09:28:00.000000 UTC,103.16534829839999
2023-03-11 09:29:00.000000 UTC,102.075997382
2023-03-11 09:30:00.000000 UTC,107.38027882760001
2023-03-11 09:31:00.000000 UTC,105.4066648404
2023-03-11 09:32:00.000000 UTC,103.4297323344
2023-03-11 09:33:00.000000 UTC,101.2331859552
2023-03-11 09:34:00.000000 UTC,101.8137244444
2023-03-11 09:35:00.000000 UTC,97.8308062534
2023-03-11 09:36:00.000000 UTC,98.4796220006
2023-03-11 09:37:00.000000 UTC,97.950667649399989
2023-03-11 09:38:00.000000 UTC,94.5748623492
2023-03-11 09:39:00.000000 UTC,96.8170491975
2023-03-11 09:40:00.000000 UTC,105.919371753
2023-03-11 09:41:00.000000 UTC,96.1951917236
2023-03-11 09:42:00.000000 UTC,89.0659420178
2023-03-11 09:43:00.000000 UTC,84.467692626199991
2023-03-11 09:44:00.000000 UTC,85.0593462228
2023-03-11 09:45:00.000000 UTC,81.3380650524
2023-03-11 09:46:00.000000 UTC,82.586150107800009
2023-03-11 09:47:00.000000 UTC,81.3884868436
2023-03-11 09:48:00.000000 UTC,86.0078826554
2023-03-11 09:49:00.000000 UTC,86.407811449800008
2023-03-11 09:50:00.000000 UTC,86.3573955698
2023-03-11 09:51:00.000000 UTC,87.7330717884
2023-03-11 09:52:00.000000 UTC,87.2482255986
2023-03-11 09:53:00.000000 UTC,81.941235269
2023-03-11 09:54:00.000000 UTC,82.348550030399991
2023-03-11 09:55:00.000000 UTC,77.3487652518
2023-03-11 09:56:00.000000 UTC,80.6456033518
2023-03-11 09:57:00.000000 UTC,77.433991199
2023-03-11 09:58:00.000000 UTC,76.112707956800008
2023-03-11 09:59:00.000000 UTC,74.081960569199993
2023-03-11 10:00:00.000000 UTC,85.2527798054
2023-03-11 10:01:00.000000 UTC,92.208963809600007
2023-03-11 10:02:00.000000 UTC,84.1910807754
2023-03-11 10:03:00.000000 UTC,85.069017638
2023-03-11 10:04:00.000000 UTC,84.456117795600008
2023-03-11 10:05:00.000000 UTC,84.8625855248
2023-03-11 10:06:00.000000 UTC,79.7350731432
2023-03-11 10:07:00.000000 UTC,80.211974798399993
2023-03-11 10:08:00.000000 UTC,77.7781885176
2023-03-11 10:09:00.000000 UTC,80.408060442800007
2023-03-11 10:10:00.000000 UTC,86.6967196115
2023-03-11 10:11:00.000000 UTC,90.126359100199991
2023-03-11 10:12:00.000000 UTC,84.2576727886
2023-03-11 10:13:00.000000 UTC,79.6309779388
2023-03-11 10:14:00.000000 UTC,81.268884409399988
2023-03-11 10:15:00.000000 UTC,76.8002633162
2023-03-11 10:16:00.000000 UTC,76.3548063998
2023-03-11 10:17:00.000000 UTC,74.186064075
2023-03-11 10:18:00.000000 UTC,71.5091118448
2023-03-11 10:19:00.000000 UTC,72.6394184396
2023-03-11 10:20:00.000000 UTC,70.952490744
2023-03-11 10:21:00.000000 UTC,73.1164004315
2023-03-11 10:22:00.000000 UTC,71.531773835
2023-03-11 10:23:00.000000 UTC,73.8790305526
2023-03-11 10:24:00.000000 UTC,71.3546228878
2023-03-11 10:25:00.000000 UTC,70.1789133996
2023-03-11 10:26:00.000000 UTC,73.1306038194
2023-03-11 10:27:00.000000 UTC,72.685089004
2023-03-11 10:28:00.000000 UTC,71.9718820774
2023-03-11 10:29:00.000000 UTC,67.392272781199992
2023-03-11 10:30:00.000000 UTC,74.1299132796
2023-03-11 10:31:00.000000 UTC,71.662947623800008
2023-03-11 10:32:00.000000 UTC,70.899514152800009
2023-03-11 10:33:00.000000 UTC,68.8552005494
2023-03-11 10:34:00.000000 UTC,66.6330195588
2023-03-11 10:35:00.000000 UTC,70.09217807
2023-03-11 10:36:00.000000 UTC,64.869794936
2023-03-11 10:37:00.000000 UTC,64.0148327484
2023-03-11 10:38:00.000000 UTC,63.6689191782
2023-03-11 10:39:00.000000 UTC,65.7972065556
2023-03-11 10:40:00.000000 UTC,63.5340389206
2023-03-11 10:41:00.000000 UTC,65.4713959802
2023-03-11 10:42:00.000000 UTC,65.857964139199993
2023-03-11 10:43:00.000000 UTC,64.5299767934
2023-03-11 10:44:00.000000 UTC,65.292701688
2023-03-11 10:45:00.000000 UTC,70.0099993704
2023-03-11 10:46:00.000000 UTC,65.6622885682
2023-03-11 10:47:00.000000 UTC,65.25804159725
2023-03-11 10:48:00.000000 UTC,68.6293387378
2023-03-11 10:49:00.000000 UTC,67.131758511400008
2023-03-11 10:50:00.000000 UTC,64.27113424
2023-03-11 10:51:00.000000 UTC,65.31940239975
2023-03-11 10:52:00.000000 UTC,68.3974137308
2023-03-11 10:53:00.000000 UTC,66.0432989916
2023-03-11 10:54:00.000000 UTC,65.0728354546
2023-03-11 10:55:00.000000 UTC,65.266569369
2023-03-11 10:56:00.000000 UTC,62.1052694702
2023-03-11 10:57:00.000000 UTC,60.118919955
2023-03-11 10:58:00.000000 UTC,59.654157133800005
2023-03-11 10:59:00.000000 UTC,59.505720393400004
2023-03-11 11:00:00.000000 UTC,63.7602676184
2023-03-11 11:01:00.000000 UTC,75.152108562
2023-03-11 11:02:00.000000 UTC,75.0302533054
2023-03-11 11:03:00.000000 UTC,69.8503773712
2023-03-11 11:04:00.000000 UTC,68.4504328276
2023-03-11 11:05:00.000000 UTC,64.6903930502
2023-03-11 11:06:00.000000 UTC,63.5742334258
2023-03-11 11:07:00.000000 UTC,63.79058239
2023-03-11 11:08:00.000000 UTC,63.276124847800006
2023-03-11 11:09:00.000000 UTC,62.2261065122
2023-03-11 11:10:00.000000 UTC,64.065957765
2023-03-11 11:11:00.000000 UTC,63.725578238800004
2023-03-11 11:12:00.000000 UTC,61.925792515199994
2023-03-11 11:13:00.000000 UTC,61.7912021876
2023-03-11 11:14:00.000000 UTC,62.9098180076
2023-03-11 11:15:00.000000 UTC,63.5122615042
2023-03-11 11:16:00.000000 UTC,65.1987960674
2023-03-11 11:17:00.000000 UTC,61.810870732199994
2023-03-11 11:18:00.000000 UTC,64.3757768322
2023-03-11 11:19:00.000000 UTC,63.4507511074
2023-03-11 11:20:00.000000 UTC,60.493999601599995
2023-03-11 11:21:00.000000 UTC,59.646463817800004
2023-03-11 11:22:00.000000 UTC,58.367963487800004
2023-03-11 11:23:00.000000 UTC,56.748575112400005
2023-03-11 11:24:00.000000 UTC,59.9858635478
2023-03-11 11:25:00.000000 UTC,64.0642150736
2023-03-11 11:26:00.000000 UTC,81.225735735600011
2023-03-11 11:27:00.000000 UTC,70.7233079264
2023-03-11 11:28:00.000000 UTC,66.968340358
2023-03-11 11:29:00.000000 UTC,65.1697339614
2023-03-11 11:30:00.000000 UTC,72.50623834375
2023-03-11 11:31:00.000000 UTC,70.492383765
2023-03-11 11:32:00.000000 UTC,64.659173086
2023-03-11 11:33:00.000000 UTC,63.019369594199993
2023-03-11 11:34:00.000000 UTC,62.8340043656
2023-03-11 11:35:00.000000 UTC,64.0414120274
2023-03-11 11:36:00.000000 UTC,67.6557339742
2023-03-11 11:37:00.000000 UTC,66.6645378434
2023-03-11 11:38:00.000000 UTC,70.50769743939999
2023-03-11 11:39:00.000000 UTC,69.045588526199992
2023-03-11 11:40:00.000000 UTC,64.6111186058
2023-03-11 11:41:00.000000 UTC,62.9664677976
2023-03-11 11:42:00.000000 UTC,66.358109222599992
2023-03-11 11:43:00.000000 UTC,62.7630372
2023-03-11 11:44:00.000000 UTC,63.872985539
2023-03-11 11:45:00.000000 UTC,61.0637981036
2023-03-11 11:46:00.000000 UTC,64.0116519778
2023-03-11 11:47:00.000000 UTC,61.1796918202
2023-03-11 11:48:00.000000 UTC,60.616980760199993
2023-03-11 11:49:00.000000 UTC,58.286502168199995
2023-03-11 11:50:00.000000 UTC,58.3603735658
2023-03-11 11:51:00.000000 UTC,58.2605452982
2023-03-11 11:52:00.000000 UTC,63.0135284622
2023-03-11 11:53:00.000000 UTC,69.6114437835
2023-03-11 11:54:00.000000 UTC,68.6563486532
2023-03-11 11:55:00.000000 UTC,59.7951771704
2023-03-11 11:56:00.000000 UTC,58.6740848834
2023-03-11 11:57:00.000000 UTC,54.2639927642
2023-03-11 11:58:00.000000 UTC,57.8334225344
2023-03-11 11:59:00.000000 UTC,60.147883057
2023-03-11 12:00:00.000000 UTC,65.8259625356
2023-03-11 12:01:00.000000 UTC,70.490912016399989
2023-03-11 12:02:00.000000 UTC,74.0495983836
2023-03-11 12:03:00.000000 UTC,70.595368917600013
2023-03-11 12:04:00.000000 UTC,67.3007332354
2023-03-11 12:05:00.000000 UTC,64.6399859434
2023-03-11 12:06:00.000000 UTC,60.398793624199996
2023-03-11 12:07:00.000000 UTC,57.376937788199996
2023-03-11 12:08:00.000000 UTC,56.303021949199994
2023-03-11 12:09:00.000000 UTC,53.8147486398
2023-03-11 12:10:00.000000 UTC,54.3753372822
2023-03-11 12:11:00.000000 UTC,54.2005501656
2023-03-11 12:12:00.000000 UTC,58.266410724
2023-03-11 12:13:00.000000 UTC,64.02047126525
2023-03-11 12:14:00.000000 UTC,68.673335985800009
2023-03-11 12:15:00.000000 UTC,71.9691752346
2023-03-11 12:16:00.000000 UTC,73.170680019
2023-03-11 12:17:00.000000 UTC,72.637319711199993
2023-03-11 12:18:00.000000 UTC,72.522405526600011
2023-03-11 12:19:00.000000 UTC,74.4793300142
2023-03-11 12:20:00.000000 UTC,72.1299510594
2023-03-11 12:21:00.000000 UTC,70.5329288904
2023-03-11 12:22:00.000000 UTC,72.2317232318
2023-03-11 12:23:00.000000 UTC,69.485114802600009
2023-03-11 12:24:00.000000 UTC,70.069646655399993
2023-03-11 12:25:00.000000 UTC,71.44523796739999
2023-03-11 12:26:00.000000 UTC,73.617928083
2023-03-11 12:27:00.000000 UTC,68.9065147362
2023-03-11 12:28:00.000000 UTC,68.1586187736
2023-03-11 12:29:00.000000 UTC,66.7603932138
2023-03-11 12:30:00.000000 UTC,66.7680488086
2023-03-11 12:31:00.000000 UTC,65.6047586348
2023-03-11 12:32:00.000000 UTC,61.0906950126
2023-03-11 12:33:00.000000 UTC,61.0451595098
2023-03-11 12:34:00.000000 UTC,59.426162597
2023-03-11 12:35:00.000000 UTC,56.941736772199995
2023-03-11 12:36:00.000000 UTC,58.2786355012
2023-03-11 12:37:00.000000 UTC,54.193935094
2023-03-11 12:38:00.000000 UTC,50.097795725199994
2023-03-11 12:39:00.000000 UTC,55.6590770018
2023-03-11 12:40:00.000000 UTC,51.898295049800005
2023-03-11 12:41:00.000000 UTC,52.5256868194
2023-03-11 12:42:00.000000 UTC,51.3156175596
2023-03-11 12:43:00.000000 UTC,51.473550516
2023-03-11 12:44:00.000000 UTC,49.652916836
2023-03-11 12:45:00.000000 UTC,53.9409264788
2023-03-11 12:46:00.000000 UTC,50.5785113452
2023-03-11 12:47:00.000000 UTC,49.071344270400004
2023-03-11 12:48:00.000000 UTC,47.5315006316
2023-03-11 12:49:00.000000 UTC,49.0114975446
2023-03-11 12:50:00.000000 UTC,47.3137094968
2023-03-11 12:51:00.000000 UTC,52.1134630054
2023-03-11 12:52:00.000000 UTC,53.4033530226
2023-03-11 12:53:00.000000 UTC,50.3655113498
2023-03-11 12:54:00.000000 UTC,48.5491586196
2023-03-11 12:55:00.000000 UTC,50.950030837199996
2023-03-11 12:56:00.000000 UTC,51.5231551376
2023-03-11 12:57:00.000000 UTC,53.6209520764
2023-03-11 12:58:00.000000 UTC,52.3978661396
2023-03-11 12:59:00.000000 UTC,52.2119485078
2023-03-11 13:00:00.000000 UTC,63.8493735958
2023-03-11 13:01:00.000000 UTC,64.979678167
2023-03-11 13:02:00.000000 UTC,62.1994785568
2023-03-11 13:03:00.000000 UTC,60.161763332
2023-03-11 13:04:00.000000 UTC,57.759438138
2023-03-11 13:05:00.000000 UTC,55.565076962199996
2023-03-11 13:06:00.000000 UTC,55.910882754599996
2023-03-11 13:07:00.000000 UTC,57.9592537778
2023-03-11 13:08:00.000000 UTC,58.12112676
2023-03-11 13:09:00.000000 UTC,56.2235241156
2023-03-11 13:10:00.000000 UTC,56.1747624735
2023-03-11 13:11:00.000000 UTC,57.404003098
2023-03-11 13:12:00.000000 UTC,52.544110094
2023-03-11 13:13:00.000000 UTC,57.8214868344
2023-03-11 13:14:00.000000 UTC,56.18932373
2023-03-11 13:15:00.000000 UTC,52.5747906658
2023-03-11 13:16:00.000000 UTC,51.3142591604
2023-03-11 13:17:00.000000 UTC,50.9677067752
2023-03-11 13:18:00.000000 UTC,50.0502121884
2023-03-11 13:19:00.000000 UTC,49.3938821208
2023-03-11 13:20:00.000000 UTC,50.200327939800005
2023-03-11 13:21:00.000000 UTC,52.2140630452
2023-03-11 13:22:00.000000 UTC,52.140214961
2023-03-11 13:23:00.000000 UTC,53.315351095
2023-03-11 13:24:00.000000 UTC,50.5927450246
2023-03-11 13:25:00.000000 UTC,49.988698234
2023-03-11 13:26:00.000000 UTC,49.3342720208
2023-03-11 13:27:00.000000 UTC,48.030589186
2023-03-11 13:28:00.000000 UTC,46.574546947
2023-03-11 13:29:00.000000 UTC,45.4919892794
2023-03-11 13:30:00.000000 UTC,54.2670740788
2023-03-11 13:31:00.000000 UTC,59.9164030884
2023-03-11 13:32:00.000000 UTC,53.5153623848
2023-03-11 13:33:00.000000 UTC,49.3021060188
2023-03-11 13:34:00.000000 UTC,47.153092742800006
2023-03-11 13:35:00.000000 UTC,46.855198892
2023-03-11 13:36:00.000000 UTC,48.178820347
2023-03-11 13:37:00.000000 UTC,47.5557353648
2023-03-11 13:38:00.000000 UTC,46.2997483932
2023-03-11 13:39:00.000000 UTC,47.28782553375
2023-03-11 13:40:00.000000 UTC,47.715512921199995
2023-03-11 13:41:00.000000 UTC,44.2612403256
2023-03-11 13:42:00.000000 UTC,43.9444546476
2023-03-11 13:43:00.000000 UTC,44.5801358822
2023-03-11 13:44:00.000000 UTC,43.562024013800006
2023-03-11 13:45:00.000000 UTC,44.140666431
2023-03-11 13:46:00.000000 UTC,44.4787220272
2023-03-11 13:47:00.000000 UTC,43.8824579376
2023-03-11 13:48:00.000000 UTC,44.4451509085
2023-03-11 13:49:00.000000 UTC,43.4898480646
2023-03-11 13:50:00.000000 UTC,43.155317083
2023-03-11 13:51:00.000000 UTC,44.894306940599996
2023-03-11 13:52:00.000000 UTC,49.556709174800005
2023-03-11 13:53:00.000000 UTC,46.410512575599995
2023-03-11 13:54:00.000000 UTC,45.1350521028
2023-03-11 13:55:00.000000 UTC,46.5010198902
2023-03-11 13:56:00.000000 UTC,45.8133059112
2023-03-11 13:57:00.000000 UTC,45.647090727
2023-03-11 13:58:00.000000 UTC,45.3554994484
2023-03-11 13:59:00.000000 UTC,49.123160916
2023-03-11 14:00:00.000000 UTC,48.942668530800006
2023-03-11 14:01:00.000000 UTC,54.7340344282
2023-03-11 14:02:00.000000 UTC,55.473869094
2023-03-11 14:03:00.000000 UTC,53.2416377582
2023-03-11 14:04:00.000000 UTC,52.301282152800006
2023-03-11 14:05:00.000000 UTC,53.9623820416
2023-03-11 14:06:00.000000 UTC,52.3678265
2023-03-11 14:07:00.000000 UTC,56.1403852
2023-03-11 14:08:00.000000 UTC,54.84338612175
2023-03-11 14:09:00.000000 UTC,59.4019276206
2023-03-11 14:10:00.000000 UTC,55.4774717292
2023-03-11 14:11:00.000000 UTC,53.5653503004
2023-03-11 14:12:00.000000 UTC,53.3398279006
2023-03-11 14:13:00.000000 UTC,52.4525197334
2023-03-11 14:14:00.000000 UTC,51.918675911
2023-03-11 14:15:00.000000 UTC,51.1836522192
2023-03-11 14:16:00.000000 UTC,51.3698658106
2023-03-11 14:17:00.000000 UTC,51.7731198244
2023-03-11 14:18:00.000000 UTC,51.3796398516
2023-03-11 14:19:00.000000 UTC,52.0015003828
2023-03-11 14:20:00.000000 UTC,50.485834133800005
2023-03-11 14:21:00.000000 UTC,51.072814718
2023-03-11 14:22:00.000000 UTC,50.0545038844
2023-03-11 14:23:00.000000 UTC,50.6906984696
2023-03-11 14:24:00.000000 UTC,50.992710942
2023-03-11 14:25:00.000000 UTC,48.8042492472
2023-03-11 14:26:00.000000 UTC,46.403116516400004
2023-03-11 14:27:00.000000 UTC,47.137397156599995
2023-03-11 14:28:00.000000 UTC,46.4982252982
2023-03-11 14:29:00.000000 UTC,46.044367736199995
2023-03-11 14:30:00.000000 UTC,48.4206844182
2023-03-11 14:31:00.000000 UTC,49.0645801334
2023-03-11 14:32:00.000000 UTC,47.8382740446
2023-03-11 14:33:00.000000 UTC,46.6942520916
2023-03-11 14:34:00.000000 UTC,47.059403943199996
2023-03-11 14:35:00.000000 UTC,48.347067765800006
2023-03-11 14:36:00.000000 UTC,47.573377669
2023-03-11 14:37:00.000000 UTC,47.814321615
2023-03-11 14:38:00.000000 UTC,48.508563538400004
2023-03-11 14:39:00.000000 UTC,49.987511913
2023-03-11 14:40:00.000000 UTC,51.223178088
2023-03-11 14:41:00.000000 UTC,50.1048176204
2023-03-11 14:42:00.000000 UTC,48.460644263599995
2023-03-11 14:43:00.000000 UTC,48.962510794
2023-03-11 14:44:00.000000 UTC,48.2558135578
2023-03-11 14:45:00.000000 UTC,46.99013584075
2023-03-11 14:46:00.000000 UTC,53.79571769925
2023-03-11 14:47:00.000000 UTC,50.907514499
2023-03-11 14:48:00.000000 UTC,50.1527270104
2023-03-11 14:49:00.000000 UTC,47.7820079442
2023-03-11 14:50:00.000000 UTC,46.5249978494
2023-03-11 14:51:00.000000 UTC,46.1586326576
2023-03-11 14:52:00.000000 UTC,45.6994642122
2023-03-11 14:53:00.000000 UTC,44.1004167096
2023-03-11 14:54:00.000000 UTC,43.401562844400004
2023-03-11 14:55:00.000000 UTC,45.364727316599996
2023-03-11 14:56:00.000000 UTC,44.375896664
2023-03-11 14:57:00.000000 UTC,45.054872028
2023-03-11 14:58:00.000000 UTC,44.1740102858
2023-03-11 14:59:00.000000 UTC,44.1974178234
2023-03-11 15:00:00.000000 UTC,48.6243135038
2023-03-11 15:01:00.000000 UTC,49.4999516782
2023-03-11 15:02:00.000000 UTC,46.9981389104
2023-03-11 15:03:00.000000 UTC,45.7988283774
2023-03-11 15:04:00.000000 UTC,44.121894615
2023-03-11 15:05:00.000000 UTC,43.5041779352
2023-03-11 15:06:00.000000 UTC,47.029206591400005
2023-03-11 15:07:00.000000 UTC,50.962017987
2023-03-11 15:08:00.000000 UTC,51.0254187952
2023-03-11 15:09:00.000000 UTC,51.193468122199995
2023-03-11 15:10:00.000000 UTC,47.4427134706
2023-03-11 15:11:00.000000 UTC,46.3319603786
2023-03-11 15:12:00.000000 UTC,44.034769196599996
2023-03-11 15:13:00.000000 UTC,46.944696187
2023-03-11 15:14:00.000000 UTC,43.305863622400004
2023-03-11 15:15:00.000000 UTC,42.3973749762
2023-03-11 15:16:00.000000 UTC,43.178232060599996
2023-03-11 15:17:00.000000 UTC,43.2681050604
2023-03-11 15:18:00.000000 UTC,43.2008810336
2023-03-11 15:19:00.000000 UTC,44.0323520958
2023-03-11 15:20:00.000000 UTC,45.9294276628
2023-03-11 15:21:00.000000 UTC,45.6407225118
2023-03-11 15:22:00.000000 UTC,46.3925642395
2023-03-11 15:23:00.000000 UTC,48.133660152199994
2023-03-11 15:24:00.000000 UTC,45.824590810800004
2023-03-11 15:25:00.000000 UTC,44.0017526022
2023-03-11 15:26:00.000000 UTC,42.18981184725
2023-03-11 15:27:00.000000 UTC,48.1601562392
2023-03-11 15:28:00.000000 UTC,44.220766557
2023-03-11 15:29:00.000000 UTC,41.9662391174
2023-03-11 15:30:00.000000 UTC,44.716480467400004
2023-03-11 15:31:00.000000 UTC,44.7439075004
2023-03-11 15:32:00.000000 UTC,41.433155099
2023-03-11 15:33:00.000000 UTC,41.631323630400004
2023-03-11 15:34:00.000000 UTC,42.0391378592
2023-03-11 15:35:00.000000 UTC,42.3301384512
2023-03-11 15:36:00.000000 UTC,42.7396045282
2023-03-11 15:37:00.000000 UTC,41.0753777594
2023-03-11 15:38:00.000000 UTC,42.0790664794
2023-03-11 15:39:00.000000 UTC,40.4322753366
2023-03-11 15:40:00.000000 UTC,41.3339166478
2023-03-11 15:41:00.000000 UTC,41.7339245805
2023-03-11 15:42:00.000000 UTC,46.3231705828
2023-03-11 15:43:00.000000 UTC,46.9574128926
2023-03-11 15:44:00.000000 UTC,46.29217268525
2023-03-11 15:45:00.000000 UTC,46.654873146199996
2023-03-11 15:46:00.000000 UTC,46.3073121382
2023-03-11 15:47:00.000000 UTC,46.98306186325
2023-03-11 15:48:00.000000 UTC,45.9807494142
2023-03-11 15:49:00.000000 UTC,43.2877231555
2023-03-11 15:50:00.000000 UTC,44.693769055199994
2023-03-11 15:51:00.000000 UTC,44.0282148188
2023-03-11 15:52:00.000000 UTC,44.341170822
2023-03-11 15:53:00.000000 UTC,46.2608793486
2023-03-11 15:54:00.000000 UTC,49.926504341199994
2023-03-11 15:55:00.000000 UTC,46.472476218199994
2023-03-11 15:56:00.000000 UTC,45.6763680912
2023-03-11 15:57:00.000000 UTC,44.429508440599996
2023-03-11 15:58:00.000000 UTC,42.883190383199995
2023-03-11 15:59:00.000000 UTC,41.191949963599995
2023-03-11 16:00:00.000000 UTC,41.754684176
2023-03-11 16:01:00.000000 UTC,43.0675958112
2023-03-11 16:02:00.000000 UTC,44.164510936800006
2023-03-11 16:03:00.000000 UTC,42.8534566228
2023-03-11 16:04:00.000000 UTC,40.9604438486
2023-03-11 16:05:00.000000 UTC,40.7699064172
2023-03-11 16:06:00.000000 UTC,41.5380206986
2023-03-11 16:07:00.000000 UTC,43.9927203665
2023-03-11 16:08:00.000000 UTC,45.346197847800006
2023-03-11 16:09:00.000000 UTC,45.1144443922
2023-03-11 16:10:00.000000 UTC,44.8362250202
2023-03-11 16:11:00.000000 UTC,42.2160658552
2023-03-11 16:12:00.000000 UTC,40.7997602784
2023-03-11 16:13:00.000000 UTC,40.511856581
2023-03-11 16:14:00.000000 UTC,38.738854587
2023-03-11 16:15:00.000000 UTC,38.1233422416
2023-03-11 16:16:00.000000 UTC,40.508489038
2023-03-11 16:17:00.000000 UTC,38.3119289912
2023-03-11 16:18:00.000000 UTC,42.4279239246
2023-03-11 16:19:00.000000 UTC,39.277673300400004
2023-03-11 16:20:00.000000 UTC,42.28358553825
2023-03-11 16:21:00.000000 UTC,43.5613632354
2023-03-11 16:22:00.000000 UTC,43.2466541254
2023-03-11 16:23:00.000000 UTC,42.3950785198
2023-03-11 16:24:00.000000 UTC,39.135833813
2023-03-11 16:25:00.000000 UTC,38.0389997424
2023-03-11 16:26:00.000000 UTC,39.228103822
2023-03-11 16:27:00.000000 UTC,37.1653743392
2023-03-11 16:28:00.000000 UTC,38.49003410425
2023-03-11 16:29:00.000000 UTC,40.9867080904
2023-03-11 16:30:00.000000 UTC,44.343480997
2023-03-11 16:31:00.000000 UTC,44.4059829546
2023-03-11 16:32:00.000000 UTC,43.7559035278
2023-03-11 16:33:00.000000 UTC,42.605105818199995
2023-03-11 16:34:00.000000 UTC,43.095164266
2023-03-11 16:35:00.000000 UTC,45.618035181
2023-03-11 16:36:00.000000 UTC,44.840450286800007
2023-03-11 16:37:00.000000 UTC,45.564677406
2023-03-11 16:38:00.000000 UTC,46.962863416
2023-03-11 16:39:00.000000 UTC,43.1129577708
2023-03-11 16:40:00.000000 UTC,43.657726215
2023-03-11 16:41:00.000000 UTC,43.8152858712
2023-03-11 16:42:00.000000 UTC,45.184377906
2023-03-11 16:43:00.000000 UTC,46.9726128694
2023-03-11 16:44:00.000000 UTC,47.29574984225
2023-03-11 16:45:00.000000 UTC,49.67971528
2023-03-11 16:46:00.000000 UTC,49.0202610858
2023-03-11 16:47:00.000000 UTC,46.8628013228
2023-03-11 16:48:00.000000 UTC,44.396622023
2023-03-11 16:49:00.000000 UTC,45.908419786
2023-03-11 16:50:00.000000 UTC,49.3854752914
2023-03-11 16:51:00.000000 UTC,46.050650950199994
2023-03-11 16:52:00.000000 UTC,46.580236228400004
2023-03-11 16:53:00.000000 UTC,43.2344715778
2023-03-11 16:54:00.000000 UTC,41.1949770712
2023-03-11 16:55:00.000000 UTC,40.4067295288
2023-03-11 16:56:00.000000 UTC,40.3299809416
2023-03-11 16:57:00.000000 UTC,41.3032468448
2023-03-11 16:58:00.000000 UTC,42.166680866
2023-03-11 16:59:00.000000 UTC,43.0886651888
2023-03-11 17:00:00.000000 UTC,46.6485252816
2023-03-11 17:01:00.000000 UTC,45.8674594452
2023-03-11 17:02:00.000000 UTC,43.069067821199994
2023-03-11 17:03:00.000000 UTC,40.445960577
2023-03-11 17:04:00.000000 UTC,39.0938075274
2023-03-11 17:05:00.000000 UTC,40.7986473404
2023-03-11 17:06:00.000000 UTC,43.1312675102
2023-03-11 17:07:00.000000 UTC,42.6926015532
2023-03-11 17:08:00.000000 UTC,44.5326248294
2023-03-11 17:09:00.000000 UTC,44.7807822832
2023-03-11 17:10:00.000000 UTC,48.5496992916
2023-03-11 17:11:00.000000 UTC,52.3716070234
2023-03-11 17:12:00.000000 UTC,50.8948721298
2023-03-11 17:13:00.000000 UTC,52.1535955064
2023-03-11 17:14:00.000000 UTC,53.274426958800007
2023-03-11 17:15:00.000000 UTC,54.967383543400004
2023-03-11 17:16:00.000000 UTC,53.947200576
2023-03-11 17:17:00.000000 UTC,54.5724912044
2023-03-11 17:18:00.000000 UTC,50.7428481674
2023-03-11 17:19:00.000000 UTC,50.897873491800006
2023-03-11 17:20:00.000000 UTC,50.4001867596
2023-03-11 17:21:00.000000 UTC,55.9028152975
2023-03-11 17:22:00.000000 UTC,58.828034027
2023-03-11 17:23:00.000000 UTC,58.3381070772
2023-03-11 17:24:00.000000 UTC,53.49012489625
2023-03-11 17:25:00.000000 UTC,54.6848400062
2023-03-11 17:26:00.000000 UTC,53.7639048874
2023-03-11 17:27:00.000000 UTC,54.299733479800004
2023-03-11 17:28:00.000000 UTC,53.696823137
2023-03-11 17:29:00.000000 UTC,51.9004141804
2023-03-11 17:30:00.000000 UTC,52.7450191432
2023-03-11 17:31:00.000000 UTC,55.2116595098
2023-03-11 17:32:00.000000 UTC,55.0134869622
2023-03-11 17:33:00.000000 UTC,53.93802973
2023-03-11 17:34:00.000000 UTC,50.7296828498
2023-03-11 17:35:00.000000 UTC,47.3336769882
2023-03-11 17:36:00.000000 UTC,47.5002771376
2023-03-11 17:37:00.000000 UTC,42.903762134800004
2023-03-11 17:38:00.000000 UTC,44.343224586800005
2023-03-11 17:39:00.000000 UTC,41.6665882268
2023-03-11 17:40:00.000000 UTC,44.55485638125
2023-03-11 17:41:00.000000 UTC,45.661070802400005
2023-03-11 17:42:00.000000 UTC,43.5235157052
2023-03-11 17:43:00.000000 UTC,42.6020867046
2023-03-11 17:44:00.000000 UTC,43.6252393212
2023-03-11 17:45:00.000000 UTC,42.3581270456
2023-03-11 17:46:00.000000 UTC,44.8417286958
2023-03-11 17:47:00.000000 UTC,43.8720421352
2023-03-11 17:48:00.000000 UTC,41.8346597522
2023-03-11 17:49:00.000000 UTC,40.3848775048
2023-03-11 17:50:00.000000 UTC,39.9943824124
2023-03-11 17:51:00.000000 UTC,40.063165373
2023-03-11 17:52:00.000000 UTC,42.068795824199995
2023-03-11 17:53:00.000000 UTC,40.1166243846
2023-03-11 17:54:00.000000 UTC,41.7279187846
2023-03-11 17:55:00.000000 UTC,41.3467051326
2023-03-11 17:56:00.000000 UTC,40.26405929
2023-03-11 17:57:00.000000 UTC,40.4184690576
2023-03-11 17:58:00.000000 UTC,40.0716522474
2023-03-11 17:59:00.000000 UTC,40.979022783199994
2023-03-11 18:00:00.000000 UTC,42.3566261406
2023-03-11 18:01:00.000000 UTC,45.58893743
2023-03-11 18:02:00.000000 UTC,43.8049996496
2023-03-11 18:03:00.000000 UTC,41.836978189599996
2023-03-11 18:04:00.000000 UTC,39.981057266
2023-03-11 18:05:00.000000 UTC,39.957312999
2023-03-11 18:06:00.000000 UTC,40.570528665800005
2023-03-11 18:07:00.000000 UTC,41.226247758
2023-03-11 18:08:00.000000 UTC,41.563146987
2023-03-11 18:09:00.000000 UTC,44.77961115
2023-03-11 18:10:00.000000 UTC,43.089292977199996
2023-03-11 18:11:00.000000 UTC,41.873861863
2023-03-11 18:12:00.000000 UTC,39.849632588599995
2023-03-11 18:13:00.000000 UTC,37.70462726
2023-03-11 18:14:00.000000 UTC,37.1707961304
2023-03-11 18:15:00.000000 UTC,38.7309340172
2023-03-11 18:16:00.000000 UTC,39.728221827800006
2023-03-11 18:17:00.000000 UTC,37.0828635148
2023-03-11 18:18:00.000000 UTC,37.782298911
2023-03-11 18:19:00.000000 UTC,39.2398331172
2023-03-11 18:20:00.000000 UTC,37.526102501
2023-03-11 18:21:00.000000 UTC,39.7591349348
2023-03-11 18:22:00.000000 UTC,41.7238530366
2023-03-11 18:23:00.000000 UTC,41.2451447244
2023-03-11 18:24:00.000000 UTC,40.0074316054
2023-03-11 18:25:00.000000 UTC,41.7965634354
2023-03-11 18:26:00.000000 UTC,41.7528047546
2023-03-11 18:27:00.000000 UTC,39.4150647868
2023-03-11 18:28:00.000000 UTC,36.259018248
2023-03-11 18:29:00.000000 UTC,35.57636982825
2023-03-11 18:30:00.000000 UTC,42.2845370764
2023-03-11 18:31:00.000000 UTC,40.566745095
2023-03-11 18:32:00.000000 UTC,38.5155173892
2023-03-11 18:33:00.000000 UTC,36.881320228
2023-03-11 18:34:00.000000 UTC,37.276003067
2023-03-11 18:35:00.000000 UTC,39.7060551254
2023-03-11 18:36:00.000000 UTC,39.5351175875
2023-03-11 18:37:00.000000 UTC,39.3284628766
2023-03-11 18:38:00.000000 UTC,38.261988945199995
2023-03-11 18:39:00.000000 UTC,37.603860331599996
2023-03-11 18:40:00.000000 UTC,37.453484398
2023-03-11 18:41:00.000000 UTC,37.166533041
2023-03-11 18:42:00.000000 UTC,35.4356772306
2023-03-11 18:43:00.000000 UTC,40.021798589
2023-03-11 18:44:00.000000 UTC,38.959535142
2023-03-11 18:45:00.000000 UTC,36.1467215652
2023-03-11 18:46:00.000000 UTC,36.9860919204
2023-03-11 18:47:00.000000 UTC,36.136544222800005
2023-03-11 18:48:00.000000 UTC,37.9407380814
2023-03-11 18:49:00.000000 UTC,36.8164936584
2023-03-11 18:50:00.000000 UTC,35.300840991
2023-03-11 18:51:00.000000 UTC,36.2500030666
2023-03-11 18:52:00.000000 UTC,36.263817283
2023-03-11 18:53:00.000000 UTC,34.029627555400005
2023-03-11 18:54:00.000000 UTC,33.13717731
2023-03-11 18:55:00.000000 UTC,32.2726154368
2023-03-11 18:56:00.000000 UTC,35.2815331816
2023-03-11 18:57:00.000000 UTC,34.1223906918
2023-03-11 18:58:00.000000 UTC,33.994279151200004
2023-03-11 18:59:00.000000 UTC,31.5984541168
2023-03-11 19:00:00.000000 UTC,35.501998536
2023-03-11 19:01:00.000000 UTC,35.9229256614
2023-03-11 19:02:00.000000 UTC,35.0585985296
2023-03-11 19:03:00.000000 UTC,37.385893409800005
2023-03-11 19:04:00.000000 UTC,36.900617308
2023-03-11 19:05:00.000000 UTC,36.572543296199996
2023-03-11 19:06:00.000000 UTC,34.818203096
2023-03-11 19:07:00.000000 UTC,34.7039751498
2023-03-11 19:08:00.000000 UTC,32.9753494802
2023-03-11 19:09:00.000000 UTC,33.046171979
2023-03-11 19:10:00.000000 UTC,34.5948804638
2023-03-11 19:11:00.000000 UTC,36.759335691
2023-03-11 19:12:00.000000 UTC,40.815572257199996
2023-03-11 19:13:00.000000 UTC,44.641942801199995
2023-03-11 19:14:00.000000 UTC,45.7164306234
2023-03-11 19:15:00.000000 UTC,42.4030212066
2023-03-11 19:16:00.000000 UTC,41.92125807
2023-03-11 19:17:00.000000 UTC,41.6101716934
2023-03-11 19:18:00.000000 UTC,40.8277274164
2023-03-11 19:19:00.000000 UTC,43.5827655922
2023-03-11 19:20:00.000000 UTC,44.602157354599996
2023-03-11 19:21:00.000000 UTC,44.6676397552
2023-03-11 19:22:00.000000 UTC,41.9328349324
2023-03-11 19:23:00.000000 UTC,39.989618603400004
2023-03-11 19:24:00.000000 UTC,38.5101839306
2023-03-11 19:25:00.000000 UTC,37.12883948
2023-03-11 19:26:00.000000 UTC,38.555431866199996
2023-03-11 19:27:00.000000 UTC,37.0021268466
2023-03-11 19:28:00.000000 UTC,34.7894393026
2023-03-11 19:29:00.000000 UTC,34.7616973925
2023-03-11 19:30:00.000000 UTC,39.0909694386
2023-03-11 19:31:00.000000 UTC,40.2921424808
2023-03-11 19:32:00.000000 UTC,39.085699373400004
2023-03-11 19:33:00.000000 UTC,36.200254374800004
2023-03-11 19:34:00.000000 UTC,34.12303051675
2023-03-11 19:35:00.000000 UTC,37.2889399192
2023-03-11 19:36:00.000000 UTC,35.1061143744
2023-03-11 19:37:00.000000 UTC,34.1213258022
2023-03-11 19:38:00.000000 UTC,41.836190812
2023-03-11 19:39:00.000000 UTC,49.8494890346
2023-03-11 19:40:00.000000 UTC,46.2097284768
2023-03-11 19:41:00.000000 UTC,40.972167041800006
2023-03-11 19:42:00.000000 UTC,40.3369355516
2023-03-11 19:43:00.000000 UTC,36.0874016686
2023-03-11 19:44:00.000000 UTC,32.7973891062
2023-03-11 19:45:00.000000 UTC,30.8711879042
2023-03-11 19:46:00.000000 UTC,33.8293357336
2023-03-11 19:47:00.000000 UTC,33.1935696838
2023-03-11 19:48:00.000000 UTC,34.33259295675
2023-03-11 19:49:00.000000 UTC,32.4317284742
2023-03-11 19:50:00.000000 UTC,30.7854821826
2023-03-11 19:51:00.000000 UTC,30.748480902599997
2023-03-11 19:52:00.000000 UTC,30.1141475378
2023-03-11 19:53:00.000000 UTC,31.0945451348
2023-03-11 19:54:00.000000 UTC,33.4215677344
2023-03-11 19:55:00.000000 UTC,34.7973308178
2023-03-11 19:56:00.000000 UTC,31.7879606244
2023-03-11 19:57:00.000000 UTC,28.657317327599998
2023-03-11 19:58:00.000000 UTC,27.6527837848
2023-03-11 19:59:00.000000 UTC,33.5804216218
2023-03-11 20:00:00.000000 UTC,32.0653949922
2023-03-11 20:01:00.000000 UTC,31.1149893388
2023-03-11 20:02:00.000000 UTC,30.4249107724
2023-03-11 20:03:00.000000 UTC,30.2704411562
2023-03-11 20:04:00.000000 UTC,29.5413997108
2023-03-11 20:05:00.000000 UTC,27.889669635599997
2023-03-11 20:06:00.000000 UTC,31.626082918599998
2023-03-11 20:07:00.000000 UTC,28.623934160799998
2023-03-11 20:08:00.000000 UTC,27.6091319202
2023-03-11 20:09:00.000000 UTC,27.9165047332
2023-03-11 20:10:00.000000 UTC,28.276366427
2023-03-11 20:11:00.000000 UTC,30.1835004016
2023-03-11 20:12:00.000000 UTC,29.7073677492
2023-03-11 20:13:00.000000 UTC,30.4858496395
2023-03-11 20:14:00.000000 UTC,30.5231209516
2023-03-11 20:15:00.000000 UTC,29.3827627354
2023-03-11 20:16:00.000000 UTC,29.14341776075
2023-03-11 20:17:00.000000 UTC,31.6928362574
2023-03-11 20:18:00.000000 UTC,30.8792155652
2023-03-11 20:19:00.000000 UTC,32.48034254625
2023-03-11 20:20:00.000000 UTC,34.7010076892
2023-03-11 20:21:00.000000 UTC,34.8041188052
2023-03-11 20:22:00.000000 UTC,34.439676497
2023-03-11 20:23:00.000000 UTC,34.953876202800004
2023-03-11 20:24:00.000000 UTC,36.092741953
2023-03-11 20:25:00.000000 UTC,38.8444693526
2023-03-11 20:26:00.000000 UTC,38.7390605846
2023-03-11 20:27:00.000000 UTC,41.7840693626
2023-03-11 20:28:00.000000 UTC,44.9997132834
2023-03-11 20:29:00.000000 UTC,48.3774323716
2023-03-11 20:30:00.000000 UTC,53.7969652274
2023-03-11 20:31:00.000000 UTC,53.6094301826
2023-03-11 20:32:00.000000 UTC,52.386767653
2023-03-11 20:33:00.000000 UTC,49.3121607594
2023-03-11 20:34:00.000000 UTC,50.438263113800005
2023-03-11 20:35:00.000000 UTC,51.168445856800005
2023-03-11 20:36:00.000000 UTC,51.7609919474
2023-03-11 20:37:00.000000 UTC,52.5004826542
2023-03-11 20:38:00.000000 UTC,58.3951733674
2023-03-11 20:39:00.000000 UTC,60.4299240248
2023-03-11 20:40:00.000000 UTC,64.70718707733333
2023-03-11 20:41:00.000000 UTC,64.8795758566
2023-03-11 20:42:00.000000 UTC,60.522719317
2023-03-11 20:43:00.000000 UTC,60.389671080800007
2023-03-11 20:44:00.000000 UTC,57.5424155684
2023-03-11 20:45:00.000000 UTC,57.141453115
2023-03-11 20:46:00.000000 UTC,64.388575569
2023-03-11 20:47:00.000000 UTC,64.329921598
2023-03-11 20:48:00.000000 UTC,65.0179738092
2023-03-11 20:49:00.000000 UTC,61.251496646199996
2023-03-11 20:50:00.000000 UTC,62.8645334422
2023-03-11 20:51:00.000000 UTC,59.565329842
2023-03-11 20:52:00.000000 UTC,54.761312263
2023-03-11 20:53:00.000000 UTC,54.15082324225
2023-03-11 20:54:00.000000 UTC,59.5972993804
2023-03-11 20:55:00.000000 UTC,54.3529135046
2023-03-11 20:56:00.000000 UTC,52.631426173
2023-03-11 20:57:00.000000 UTC,60.6072954304
2023-03-11 20:58:00.000000 UTC,54.6102914228
2023-03-11 20:59:00.000000 UTC,51.9389642416
2023-03-11 21:00:00.000000 UTC,56.5622172928
2023-03-11 21:01:00.000000 UTC,63.180486553
2023-03-11 21:02:00.000000 UTC,59.831353609
2023-03-11 21:03:00.000000 UTC,54.226647548
2023-03-11 21:04:00.000000 UTC,47.7532693286
2023-03-11 21:05:00.000000 UTC,47.548385462800006
2023-03-11 21:06:00.000000 UTC,44.9795002838
2023-03-11 21:07:00.000000 UTC,43.2345349042
2023-03-11 21:08:00.000000 UTC,42.383037718400004
2023-03-11 21:09:00.000000 UTC,39.368429797800005
2023-03-11 21:10:00.000000 UTC,42.161411216400005
2023-03-11 21:11:00.000000 UTC,37.9340982398
2023-03-11 21:12:00.000000 UTC,35.4008059126
2023-03-11 21:13:00.000000 UTC,39.9618616612
2023-03-11 21:14:00.000000 UTC,40.33493050075
2023-03-11 21:15:00.000000 UTC,43.1849474774
2023-03-11 21:16:00.000000 UTC,44.3633985464
2023-03-11 21:17:00.000000 UTC,41.14534683
2023-03-11 21:18:00.000000 UTC,41.559048340400004
2023-03-11 21:19:00.000000 UTC,42.0083607758
2023-03-11 21:20:00.000000 UTC,40.513984324199996
2023-03-11 21:21:00.000000 UTC,38.669839398
2023-03-11 21:22:00.000000 UTC,38.489192606
2023-03-11 21:23:00.000000 UTC,38.953412848800006
2023-03-11 21:24:00.000000 UTC,40.0483734626
2023-03-11 21:25:00.000000 UTC,40.2651491128
2023-03-11 21:26:00.000000 UTC,39.3102048326
2023-03-11 21:27:00.000000 UTC,37.128070154599996
2023-03-11 21:28:00.000000 UTC,36.211694613599995
2023-03-11 21:29:00.000000 UTC,35.3315444324
2023-03-11 21:30:00.000000 UTC,37.5346143746
2023-03-11 21:31:00.000000 UTC,37.7529697046
2023-03-11 21:32:00.000000 UTC,36.5220756004
2023-03-11 21:33:00.000000 UTC,36.0410693194
2023-03-11 21:34:00.000000 UTC,36.4751321502
2023-03-11 21:35:00.000000 UTC,34.2199139968
2023-03-11 21:36:00.000000 UTC,35.933841785199995
2023-03-11 21:37:00.000000 UTC,35.391557469800006
2023-03-11 21:38:00.000000 UTC,34.9500389584
2023-03-11 21:39:00.000000 UTC,35.292478317400004
2023-03-11 21:40:00.000000 UTC,34.0790388968
2023-03-11 21:41:00.000000 UTC,32.0172432304
2023-03-11 21:42:00.000000 UTC,32.6831167352
2023-03-11 21:43:00.000000 UTC,31.8773256846
2023-03-11 21:44:00.000000 UTC,32.0425460006
2023-03-11 21:45:00.000000 UTC,30.617669978200002
2023-03-11 21:46:00.000000 UTC,29.908603035
2023-03-11 21:47:00.000000 UTC,30.958101844
2023-03-11 21:48:00.000000 UTC,29.5963845058
2023-03-11 21:49:00.000000 UTC,31.284248247
2023-03-11 21:50:00.000000 UTC,30.0838520584
2023-03-11 21:51:00.000000 UTC,31.0151772938
2023-03-11 21:52:00.000000 UTC,32.692555403200004
2023-03-11 21:53:00.000000 UTC,32.2923574926
2023-03-11 21:54:00.000000 UTC,30.9476578142
2023-03-11 21:55:00.000000 UTC,29.7963207442
2023-03-11 21:56:00.000000 UTC,30.176398289599998
2023-03-11 21:57:00.000000 UTC,29.5456274044
2023-03-11 21:58:00.000000 UTC,29.0163112072
2023-03-11 21:59:00.000000 UTC,27.6982890432
2023-03-11 22:00:00.000000 UTC,29.089772438599997
2023-03-11 22:01:00.000000 UTC,29.4268927678
2023-03-11 22:02:00.000000 UTC,27.9817390108
2023-03-11 22:03:00.000000 UTC,28.147656989
2023-03-11 22:04:00.000000 UTC,27.895807497
2023-03-11 22:05:00.000000 UTC,26.924796460400003
2023-03-11 22:06:00.000000 UTC,27.3053153638
2023-03-11 22:07:00.000000 UTC,28.060526838599998
2023-03-11 22:08:00.000000 UTC,26.880329060799998
2023-03-11 22:09:00.000000 UTC,27.8315006938
2023-03-11 22:10:00.000000 UTC,28.046473763
2023-03-11 22:11:00.000000 UTC,26.2019843562
2023-03-11 22:12:00.000000 UTC,26.636708389200003
2023-03-11 22:13:00.000000 UTC,26.11042446
2023-03-11 22:14:00.000000 UTC,26.8007829918
2023-03-11 22:15:00.000000 UTC,26.8225069262
2023-03-11 22:16:00.000000 UTC,28.4121797074
2023-03-11 22:17:00.000000 UTC,27.414943894
2023-03-11 22:18:00.000000 UTC,27.3681808156
2023-03-11 22:19:00.000000 UTC,27.8820091086
2023-03-11 22:20:00.000000 UTC,25.9586627464
2023-03-11 22:21:00.000000 UTC,27.088916149400003
2023-03-11 22:22:00.000000 UTC,26.8179192938
2023-03-11 22:23:00.000000 UTC,26.552785158200003
2023-03-11 22:24:00.000000 UTC,26.0104019222
2023-03-11 22:25:00.000000 UTC,27.0205587344
2023-03-11 22:26:00.000000 UTC,25.115146347400003
2023-03-11 22:27:00.000000 UTC,27.0166163648
2023-03-11 22:28:00.000000 UTC,26.505490277
2023-03-11 22:29:00.000000 UTC,27.1693470658
2023-03-11 22:30:00.000000 UTC,29.025623110599998
2023-03-11 22:31:00.000000 UTC,29.835327723400002
2023-03-11 22:32:00.000000 UTC,28.644829864200002
2023-03-11 22:33:00.000000 UTC,26.2777555278
2023-03-11 22:34:00.000000 UTC,27.3083301702
2023-03-11 22:35:00.000000 UTC,25.6480974852
2023-03-11 22:36:00.000000 UTC,25.6362131012
2023-03-11 22:37:00.000000 UTC,25.011497571400003
2023-03-11 22:38:00.000000 UTC,27.18140868
2023-03-11 22:39:00.000000 UTC,26.6895625022
2023-03-11 22:40:00.000000 UTC,26.2915464334
2023-03-11 22:41:00.000000 UTC,25.0663160718
2023-03-11 22:42:00.000000 UTC,25.288634196599997
2023-03-11 22:43:00.000000 UTC,24.1851107842
2023-03-11 22:44:00.000000 UTC,23.5798033506
2023-03-11 22:45:00.000000 UTC,24.5069870908
2023-03-11 22:46:00.000000 UTC,24.4945514672
2023-03-11 22:47:00.000000 UTC,23.395604902
2023-03-11 22:48:00.000000 UTC,23.2550378992
2023-03-11 22:49:00.000000 UTC,22.9038036256
2023-03-11 22:50:00.000000 UTC,23.898632636200002
2023-03-11 22:51:00.000000 UTC,24.416691015799998
2023-03-11 22:52:00.000000 UTC,23.8005936026
2023-03-11 22:53:00.000000 UTC,23.54829492375
2023-03-11 22:54:00.000000 UTC,24.420277007400003
2023-03-11 22:55:00.000000 UTC,24.0687392876
2023-03-11 22:56:00.000000 UTC,23.6101190226
2023-03-11 22:57:00.000000 UTC,22.94896682425
2023-03-11 22:58:00.000000 UTC,22.5845561636
2023-03-11 22:59:00.000000 UTC,22.4716189952
2023-03-11 23:00:00.000000 UTC,22.355376410599998
2023-03-11 23:01:00.000000 UTC,22.418334585599997
2023-03-11 23:02:00.000000 UTC,21.6386774198
2023-03-11 23:03:00.000000 UTC,22.987518901799998
2023-03-11 23:04:00.000000 UTC,22.2291723942
2023-03-11 23:05:00.000000 UTC,23.246780601
2023-03-11 23:06:00.000000 UTC,22.202591989200002
2023-03-11 23:07:00.000000 UTC,21.187115213
2023-03-11 23:08:00.000000 UTC,22.35847464
2023-03-11 23:09:00.000000 UTC,22.495421347599997
2023-03-11 23:10:00.000000 UTC,22.3568808796
2023-03-11 23:11:00.000000 UTC,22.5232042408
2023-03-11 23:12:00.000000 UTC,21.9515687768
2023-03-11 23:13:00.000000 UTC,21.9881139066
2023-03-11 23:14:00.000000 UTC,21.4529286154
2023-03-11 23:15:00.000000 UTC,22.7273156914
2023-03-11 23:16:00.000000 UTC,23.218527300599998
2023-03-11 23:17:00.000000 UTC,24.1416184052
2023-03-11 23:18:00.000000 UTC,25.173842227
2023-03-11 23:19:00.000000 UTC,25.2910919674
2023-03-11 23:20:00.000000 UTC,24.765918879599997
2023-03-11 23:21:00.000000 UTC,24.3610137618
2023-03-11 23:22:00.000000 UTC,22.8904402206
2023-03-11 23:23:00.000000 UTC,23.039021483400003
2023-03-11 23:24:00.000000 UTC,22.545385138599997
2023-03-11 23:25:00.000000 UTC,21.937690159
2023-03-11 23:26:00.000000 UTC,21.131099321599997
2023-03-11 23:27:00.000000 UTC,20.9050296586
2023-03-11 23:28:00.000000 UTC,21.303881085
2023-03-11 23:29:00.000000 UTC,21.5855123832
2023-03-11 23:30:00.000000 UTC,22.378017083
2023-03-11 23:31:00.000000 UTC,21.9947213968
2023-03-11 23:32:00.000000 UTC,21.16154566075
2023-03-11 23:33:00.000000 UTC,25.7462057626
2023-03-11 23:34:00.000000 UTC,33.5771796294
2023-03-11 23:35:00.000000 UTC,33.264391606
2023-03-11 23:36:00.000000 UTC,30.108738318599997
2023-03-11 23:37:00.000000 UTC,27.8841475462
2023-03-11 23:38:00.000000 UTC,25.9302719746
2023-03-11 23:39:00.000000 UTC,24.4200131762
2023-03-11 23:40:00.000000 UTC,24.0146524124
2023-03-11 23:41:00.000000 UTC,23.959984031
2023-03-11 23:42:00.000000 UTC,23.8146903026
2023-03-11 23:43:00.000000 UTC,23.297999744
2023-03-11 23:44:00.000000 UTC,25.1160813364
2023-03-11 23:45:00.000000 UTC,27.135583959
2023-03-11 23:46:00.000000 UTC,26.8384301862
2023-03-11 23:47:00.000000 UTC,25.2102242408
2023-03-11 23:48:00.000000 UTC,24.722807989
2023-03-11 23:49:00.000000 UTC,23.58221166
2023-03-11 23:50:00.000000 UTC,23.5875917658
2023-03-11 23:51:00.000000 UTC,23.835329696
2023-03-11 23:52:00.000000 UTC,23.1162006282
2023-03-11 23:53:00.000000 UTC,24.0321099092
2023-03-11 23:54:00.000000 UTC,23.778435611400003
2023-03-11 23:55:00.000000 UTC,25.76974725
2023-03-11 23:56:00.000000 UTC,24.3965253398
2023-03-11 23:57:00.000000 UTC,25.543404413
2023-03-11 23:58:00.000000 UTC,24.5249260552
2023-03-11 23:59:00.000000 UTC,25.7957232076
2023-03-12 00:00:00.000000 UTC,26.2395290286
2023-03-12 00:01:00.000000 UTC,26.382726872
2023-03-12 00:02:00.000000 UTC,24.8417181266
2023-03-12 00:03:00.000000 UTC,23.812046679
2023-03-12 00:04:00.000000 UTC,22.53419563
2023-03-12 00:05:00.000000 UTC,22.686787065
2023-03-12 00:06:00.000000 UTC,22.8313418672
2023-03-12 00:07:00.000000 UTC,24.462388090799998
2023-03-12 00:08:00.000000 UTC,23.394303985599997
2023-03-12 00:09:00.000000 UTC,23.319109695
2023-03-12 00:10:00.000000 UTC,22.3471421916
2023-03-12 00:11:00.000000 UTC,22.4426545278
2023-03-12 00:12:00.000000 UTC,23.4834704652
2023-03-12 00:13:00.000000 UTC,22.6874900592
2023-03-12 00:14:00.000000 UTC,22.47257033975
2023-03-12 00:15:00.000000 UTC,22.681180808
2023-03-12 00:16:00.000000 UTC,21.9377457176
2023-03-12 00:17:00.000000 UTC,21.7601393978
2023-03-12 00:18:00.000000 UTC,23.3948469668
2023-03-12 00:19:00.000000 UTC,21.6013478604
2023-03-12 00:20:00.000000 UTC,21.859436690400003
2023-03-12 00:21:00.000000 UTC,21.343844906599998
2023-03-12 00:22:00.000000 UTC,21.2094280228
2023-03-12 00:23:00.000000 UTC,20.9058796096
2023-03-12 00:24:00.000000 UTC,20.685791965
2023-03-12 00:25:00.000000 UTC,21.160800244599997
2023-03-12 00:26:00.000000 UTC,22.2760987476
2023-03-12 00:27:00.000000 UTC,21.4649023668
2023-03-12 00:28:00.000000 UTC,23.1954996712
2023-03-12 00:29:00.000000 UTC,22.860601917666667
2023-03-12 00:30:00.000000 UTC,22.1316868774
2023-03-12 00:31:00.000000 UTC,21.452627998
2023-03-12 00:32:00.000000 UTC,20.81436743375
2023-03-12 00:33:00.000000 UTC,22.6424864868
2023-03-12 00:34:00.000000 UTC,21.94405029325
2023-03-12 00:35:00.000000 UTC,20.4751945424
2023-03-12 00:36:00.000000 UTC,20.6290651016
2023-03-12 00:37:00.000000 UTC,20.532116053400003
2023-03-12 00:38:00.000000 UTC,20.475064764400003
2023-03-12 00:39:00.000000 UTC,21.695721596
2023-03-12 00:40:00.000000 UTC,21.1648376522
2023-03-12 00:41:00.000000 UTC,21.535091982599997
2023-03-12 00:42:00.000000 UTC,20.755847183
2023-03-12 00:43:00.000000 UTC,20.961493944
2023-03-12 00:44:00.000000 UTC,21.034916708599997
2023-03-12 00:45:00.000000 UTC,20.7581284484
2023-03-12 00:46:00.000000 UTC,20.0957066482
2023-03-12 00:47:00.000000 UTC,19.607378514599997
2023-03-12 00:48:00.000000 UTC,20.239753394599997
2023-03-12 00:49:00.000000 UTC,19.991061682599998
2023-03-12 00:50:00.000000 UTC,20.135281802
2023-03-12 00:51:00.000000 UTC,21.7970621765
2023-03-12 00:52:00.000000 UTC,24.2838792248
2023-03-12 00:53:00.000000 UTC,21.6237523612
2023-03-12 00:54:00.000000 UTC,19.6106807112
2023-03-12 00:55:00.000000 UTC,19.7647871894
2023-03-12 00:56:00.000000 UTC,19.669207721
2023-03-12 00:57:00.000000 UTC,22.1212931128
2023-03-12 00:58:00.000000 UTC,21.335335026
2023-03-12 00:59:00.000000 UTC,20.456815372
2023-03-12 01:00:00.000000 UTC,20.385845951599997
2023-03-12 01:01:00.000000 UTC,20.993162090400002
2023-03-12 01:02:00.000000 UTC,20.045118592799998
2023-03-12 01:03:00.000000 UTC,19.8498123816
2023-03-12 01:04:00.000000 UTC,20.0560680766
2023-03-12 01:05:00.000000 UTC,20.046593699200002
2023-03-12 01:06:00.000000 UTC,20.054344032
2023-03-12 01:07:00.000000 UTC,20.24103890825
2023-03-12 01:08:00.000000 UTC,21.113778235
2023-03-12 01:09:00.000000 UTC,20.3831070856
2023-03-12 01:10:00.000000 UTC,20.262604531599997
2023-03-12 01:11:00.000000 UTC,20.180668513
2023-03-12 01:12:00.000000 UTC,24.6588301222
2023-03-12 01:13:00.000000 UTC,21.1715693714
2023-03-12 01:14:00.000000 UTC,20.801186384599998
2023-03-12 01:15:00.000000 UTC,20.598297334
2023-03-12 01:16:00.000000 UTC,20.5551328538
2023-03-12 01:17:00.000000 UTC,20.415399538
2023-03-12 01:18:00.000000 UTC,20.173920342200002
2023-03-12 01:19:00.000000 UTC,20.4422165794
2023-03-12 01:20:00.000000 UTC,22.276530039599997
2023-03-12 01:21:00.000000 UTC,21.8856958598
2023-03-12 01:22:00.000000 UTC,20.241536511
2023-03-12 01:23:00.000000 UTC,20.577900803200002
2023-03-12 01:24:00.000000 UTC,19.9183669512
2023-03-12 01:25:00.000000 UTC,20.1343835224
2023-03-12 01:26:00.000000 UTC,22.290426304599997
2023-03-12 01:27:00.000000 UTC,20.0789976752
2023-03-12 01:28:00.000000 UTC,22.8745840244
2023-03-12 01:29:00.000000 UTC,22.4207726604
2023-03-12 01:30:00.000000 UTC,21.8397691774
2023-03-12 01:31:00.000000 UTC,20.8179199836
2023-03-12 01:32:00.000000 UTC,20.791428229
2023-03-12 01:33:00.000000 UTC,23.170512082400002
2023-03-12 01:34:00.000000 UTC,21.129902865
2023-03-12 01:35:00.000000 UTC,21.5160756378
2023-03-12 01:36:00.000000 UTC,20.7682022764
2023-03-12 01:37:00.000000 UTC,23.73559983225
2023-03-12 01:38:00.000000 UTC,28.411498613
2023-03-12 01:39:00.000000 UTC,24.2359390058
2023-03-12 01:40:00.000000 UTC,21.3839781648
2023-03-12 01:41:00.000000 UTC,20.549152773400003
2023-03-12 01:42:00.000000 UTC,19.538716473
2023-03-12 01:43:00.000000 UTC,23.0447007896
2023-03-12 01:44:00.000000 UTC,22.6684125142
2023-03-12 01:45:00.000000 UTC,25.4819227146
2023-03-12 01:46:00.000000 UTC,22.9467384092
2023-03-12 01:47:00.000000 UTC,20.487883788599998
2023-03-12 01:48:00.000000 UTC,20.50533590425
2023-03-12 01:49:00.000000 UTC,20.3819654512
2023-03-12 01:50:00.000000 UTC,19.1877064554
2023-03-12 01:51:00.000000 UTC,20.578122047
2023-03-12 01:52:00.000000 UTC,21.066216920400002
2023-03-12 01:53:00.000000 UTC,20.831647021
2023-03-12 01:54:00.000000 UTC,19.897051281
2023-03-12 01:55:00.000000 UTC,19.615865254400003
2023-03-12 01:56:00.000000 UTC,19.199166169599998
2023-03-12 01:57:00.000000 UTC,18.8343221378
2023-03-12 01:58:00.000000 UTC,19.5952171522
2023-03-12 01:59:00.000000 UTC,19.6722258954
2023-03-12 02:00:00.000000 UTC,19.6163052962
2023-03-12 02:01:00.000000 UTC,19.565220390599997
2023-03-12 02:02:00.000000 UTC,19.1428673826
2023-03-12 02:03:00.000000 UTC,18.2177019324
2023-03-12 02:04:00.000000 UTC,19.337224935
2023-03-12 02:05:00.000000 UTC,20.8369445918
2023-03-12 02:06:00.000000 UTC,20.438315111599998
2023-03-12 02:07:00.000000 UTC,19.24942427
2023-03-12 02:08:00.000000 UTC,18.7395324212
2023-03-12 02:09:00.000000 UTC,19.953090703
2023-03-12 02:10:00.000000 UTC,19.013874783200002
2023-03-12 02:11:00.000000 UTC,19.8481508208
2023-03-12 02:12:00.000000 UTC,18.7010597404
2023-03-12 02:13:00.000000 UTC,23.2597864712
2023-03-12 02:14:00.000000 UTC,22.9252973874
2023-03-12 02:15:00.000000 UTC,19.9527424048
2023-03-12 02:16:00.000000 UTC,19.708618046599998
2023-03-12 02:17:00.000000 UTC,18.912968632
2023-03-12 02:18:00.000000 UTC,18.929829652
2023-03-12 02:19:00.000000 UTC,19.1811078674
2023-03-12 02:20:00.000000 UTC,20.5411448824
2023-03-12 02:21:00.000000 UTC,18.217090976
2023-03-12 02:22:00.000000 UTC,19.1126782212
2023-03-12 02:23:00.000000 UTC,18.4750995164
2023-03-12 02:24:00.000000 UTC,18.869452884799998
2023-03-12 02:25:00.000000 UTC,18.027455922599998
2023-03-12 02:26:00.000000 UTC,18.578303081
2023-03-12 02:27:00.000000 UTC,19.0901082382
2023-03-12 02:28:00.000000 UTC,19.378188633
2023-03-12 02:29:00.000000 UTC,18.600751562
2023-03-12 02:30:00.000000 UTC,19.0321340915
2023-03-12 02:31:00.000000 UTC,19.2530579112
2023-03-12 02:32:00.000000 UTC,18.0792904926
2023-03-12 02:33:00.000000 UTC,17.87275802475
2023-03-12 02:34:00.000000 UTC,18.63200191325
2023-03-12 02:35:00.000000 UTC,18.6466606388
2023-03-12 02:36:00.000000 UTC,18.64366725425
2023-03-12 02:37:00.000000 UTC,18.080446051
2023-03-12 02:38:00.000000 UTC,17.879106183599998
2023-03-12 02:39:00.000000 UTC,18.313917230799998
2023-03-12 02:40:00.000000 UTC,18.419671071
2023-03-12 02:41:00.000000 UTC,18.7761738662
2023-03-12 02:42:00.000000 UTC,18.5785116548
2023-03-12 02:43:00.000000 UTC,18.592067356
2023-03-12 02:44:00.000000 UTC,19.415277911
2023-03-12 02:45:00.000000 UTC,18.139666585
2023-03-12 02:46:00.000000 UTC,17.9648070058
2023-03-12 02:47:00.000000 UTC,17.822843249
2023-03-12 02:48:00.000000 UTC,18.072870854799998
2023-03-12 02:49:00.000000 UTC,18.5407734556
2023-03-12 02:50:00.000000 UTC,19.458738663400002
2023-03-12 02:51:00.000000 UTC,18.4854406022
2023-03-12 02:52:00.000000 UTC,18.5049417874
2023-03-12 02:53:00.000000 UTC,17.9875943794
2023-03-12 02:54:00.000000 UTC,17.765301867599998
2023-03-12 02:55:00.000000 UTC,17.8826306635
2023-03-12 02:56:00.000000 UTC,18.058100514400003
2023-03-12 02:57:00.000000 UTC,17.515186034400003
2023-03-12 02:58:00.000000 UTC,17.0357549246
2023-03-12 02:59:00.000000 UTC,18.650885224400003
2023-03-12 03:00:00.000000 UTC,19.7294691908
2023-03-12 03:01:00.000000 UTC,19.379853085599997
2023-03-12 03:02:00.000000 UTC,19.325695060799998
2023-03-12 03:03:00.000000 UTC,18.8500868202
2023-03-12 03:04:00.000000 UTC,18.3050487298
2023-03-12 03:05:00.000000 UTC,18.2454257502
2023-03-12 03:06:00.000000 UTC,18.6425351838
2023-03-12 03:07:00.000000 UTC,18.795986671
2023-03-12 03:08:00.000000 UTC,17.9999433332
2023-03-12 03:09:00.000000 UTC,17.651921572
2023-03-12 03:10:00.000000 UTC,18.6999518524
2023-03-12 03:11:00.000000 UTC,18.167329311400003
2023-03-12 03:12:00.000000 UTC,18.63807205
2023-03-12 03:13:00.000000 UTC,18.2564963468
2023-03-12 03:14:00.000000 UTC,17.963213187599997
2023-03-12 03:15:00.000000 UTC,17.524675905
2023-03-12 03:16:00.000000 UTC,17.175758565200002
2023-03-12 03:17:00.000000 UTC,17.27347483975
2023-03-12 03:18:00.000000 UTC,18.9569308072
2023-03-12 03:19:00.000000 UTC,17.225276219
2023-03-12 03:20:00.000000 UTC,17.8750195708
2023-03-12 03:21:00.000000 UTC,17.4177841048
2023-03-12 03:22:00.000000 UTC,22.58489717525
2023-03-12 03:23:00.000000 UTC,21.856099781
2023-03-12 03:24:00.000000 UTC,19.50682927225
2023-03-12 03:25:00.000000 UTC,19.722617231599997
2023-03-12 03:26:00.000000 UTC,18.523437584
2023-03-12 03:27:00.000000 UTC,18.3680316224
2023-03-12 03:28:00.000000 UTC,18.8323737734
2023-03-12 03:29:00.000000 UTC,18.1667688748
2023-03-12 03:30:00.000000 UTC,19.357065881
2023-03-12 03:31:00.000000 UTC,20.693501042599998
2023-03-12 03:32:00.000000 UTC,20.6064334426
2023-03-12 03:33:00.000000 UTC,20.3223626832
2023-03-12 03:34:00.000000 UTC,19.1828192722
2023-03-12 03:35:00.000000 UTC,17.868224015
2023-03-12 03:36:00.000000 UTC,18.679870779799998
2023-03-12 03:37:00.000000 UTC,18.532523270200002
2023-03-12 03:38:00.000000 UTC,17.4432038936
2023-03-12 03:39:00.000000 UTC,17.5300731164
2023-03-12 03:40:00.000000 UTC,18.726659139200002
2023-03-12 03:41:00.000000 UTC,18.5691584316
2023-03-12 03:42:00.000000 UTC,17.993171246
2023-03-12 03:43:00.000000 UTC,17.5628138146
2023-03-12 03:44:00.000000 UTC,17.425774126
2023-03-12 03:45:00.000000 UTC,17.2185356896
2023-03-12 03:46:00.000000 UTC,18.3019228806
2023-03-12 03:47:00.000000 UTC,18.145983506
2023-03-12 03:48:00.000000 UTC,17.34489002
2023-03-12 03:49:00.000000 UTC,18.3947946206
2023-03-12 03:50:00.000000 UTC,19.2704709928
2023-03-12 03:51:00.000000 UTC,17.3275551686
2023-03-12 03:52:00.000000 UTC,18.8609684394
2023-03-12 03:53:00.000000 UTC,18.335338129
2023-03-12 03:54:00.000000 UTC,18.149759355599997
2023-03-12 03:55:00.000000 UTC,17.9525091974
2023-03-12 03:56:00.000000 UTC,17.4910903522
2023-03-12 03:57:00.000000 UTC,18.3313523442
2023-03-12 03:58:00.000000 UTC,17.4379859226
2023-03-12 03:59:00.000000 UTC,17.5254063042
2023-03-12 04:00:00.000000 UTC,17.8597419455
2023-03-12 04:01:00.000000 UTC,18.52778583525
2023-03-12 04:02:00.000000 UTC,18.802444870200002
2023-03-12 04:03:00.000000 UTC,17.502867865400003
2023-03-12 04:04:00.000000 UTC,18.303981105
2023-03-12 04:05:00.000000 UTC,18.0595196702
2023-03-12 04:06:00.000000 UTC,17.1139219338
2023-03-12 04:07:00.000000 UTC,18.052791668599998
2023-03-12 04:08:00.000000 UTC,17.730078328599998
2023-03-12 04:09:00.000000 UTC,19.255576571200002
2023-03-12 04:10:00.000000 UTC,18.433026498
2023-03-12 04:11:00.000000 UTC,17.418191485799998
2023-03-12 04:12:00.000000 UTC,18.3540346178
2023-03-12 04:13:00.000000 UTC,18.9130831342
2023-03-12 04:14:00.000000 UTC,17.790094842
2023-03-12 04:15:00.000000 UTC,19.119544407
2023-03-12 04:16:00.000000 UTC,17.769797315599998
2023-03-12 04:17:00.000000 UTC,19.1531052836
2023-03-12 04:18:00.000000 UTC,18.67678159
2023-03-12 04:19:00.000000 UTC,17.733548935
2023-03-12 04:20:00.000000 UTC,19.900546376599998
2023-03-12 04:21:00.000000 UTC,20.7206668478
2023-03-12 04:22:00.000000 UTC,19.091870306
2023-03-12 04:23:00.000000 UTC,18.7951453862
2023-03-12 04:24:00.000000 UTC,19.5717847448
2023-03-12 04:25:00.000000 UTC,19.4322137058
2023-03-12 04:26:00.000000 UTC,18.629811322400002
2023-03-12 04:27:00.000000 UTC,18.254849412200002
2023-03-12 04:28:00.000000 UTC,18.306682266
2023-03-12 04:29:00.000000 UTC,17.3587487538
2023-03-12 04:30:00.000000 UTC,21.636862681
2023-03-12 04:31:00.000000 UTC,22.3495744588
2023-03-12 04:32:00.000000 UTC,20.2611275766
2023-03-12 04:33:00.000000 UTC,18.252922161599997
2023-03-12 04:34:00.000000 UTC,17.6346268286
2023-03-12 04:35:00.000000 UTC,17.630330270400002
2023-03-12 04:36:00.000000 UTC,17.994359570599997
2023-03-12 04:37:00.000000 UTC,18.580907126
2023-03-12 04:38:00.000000 UTC,18.5501858294
2023-03-12 04:39:00.000000 UTC,18.001115467400002
2023-03-12 04:40:00.000000 UTC,17.4118166854
2023-03-12 04:41:00.000000 UTC,17.738252993
2023-03-12 04:42:00.000000 UTC,18.7823749854
2023-03-12 04:43:00.000000 UTC,18.031938735
2023-03-12 04:44:00.000000 UTC,18.262610293
2023-03-12 04:45:00.000000 UTC,18.2941066128
2023-03-12 04:46:00.000000 UTC,18.7642023064
2023-03-12 04:47:00.000000 UTC,18.4719946238
2023-03-12 04:48:00.000000 UTC,18.5859758594
2023-03-12 04:49:00.000000 UTC,19.177115595
2023-03-12 04:50:00.000000 UTC,18.6920440412
2023-03-12 04:51:00.000000 UTC,18.1980553135
2023-03-12 04:52:00.000000 UTC,19.408296261
2023-03-12 04:53:00.000000 UTC,18.7374918514
2023-03-12 04:54:00.000000 UTC,19.7060652118
2023-03-12 04:55:00.000000 UTC,18.337907406
2023-03-12 04:56:00.000000 UTC,17.189476088
2023-03-12 04:57:00.000000 UTC,17.4357097266
2023-03-12 04:58:00.000000 UTC,17.0543184768
2023-03-12 04:59:00.000000 UTC,18.84048938425
2023-03-12 05:00:00.000000 UTC,20.04390444425
2023-03-12 05:01:00.000000 UTC,19.88107206925
2023-03-12 05:02:00.000000 UTC,21.275241091599998
2023-03-12 05:03:00.000000 UTC,20.7661238745
2023-03-12 05:04:00.000000 UTC,20.727147676
2023-03-12 05:05:00.000000 UTC,20.2185341088
2023-03-12 05:06:00.000000 UTC,19.983489897400002
2023-03-12 05:07:00.000000 UTC,19.7272415218
2023-03-12 05:08:00.000000 UTC,18.982113656400003
2023-03-12 05:09:00.000000 UTC,19.5829719748
2023-03-12 05:10:00.000000 UTC,18.3058567622
2023-03-12 05:11:00.000000 UTC,17.5487591372
2023-03-12 05:12:00.000000 UTC,18.920955273
2023-03-12 05:13:00.000000 UTC,17.128701546200002
2023-03-12 05:14:00.000000 UTC,18.060443075200002
2023-03-12 05:15:00.000000 UTC,17.327541898
2023-03-12 05:16:00.000000 UTC,16.900500130799998
2023-03-12 05:17:00.000000 UTC,18.5784039714
2023-03-12 05:18:00.000000 UTC,19.542514525799998
2023-03-12 05:19:00.000000 UTC,18.1177763544
2023-03-12 05:20:00.000000 UTC,17.379387470599998
2023-03-12 05:21:00.000000 UTC,17.988829181
2023-03-12 05:22:00.000000 UTC,17.30557640775
2023-03-12 05:23:00.000000 UTC,17.2556394368
2023-03-12 05:24:00.000000 UTC,18.3939101026
2023-03-12 05:25:00.000000 UTC,18.0554077778
2023-03-12 05:26:00.000000 UTC,17.6122119108
2023-03-12 05:27:00.000000 UTC,18.041308233400002
2023-03-12 05:28:00.000000 UTC,18.5742336736
2023-03-12 05:29:00.000000 UTC,18.289822252
2023-03-12 05:30:00.000000 UTC,18.8222404586
2023-03-12 05:31:00.000000 UTC,18.5016651195
2023-03-12 05:32:00.000000 UTC,18.4616845814
2023-03-12 05:33:00.000000 UTC,16.8638227982
2023-03-12 05:34:00.000000 UTC,16.413892088
2023-03-12 05:35:00.000000 UTC,18.35105976575
2023-03-12 05:36:00.000000 UTC,18.2787509642
2023-03-12 05:37:00.000000 UTC,19.136705855
2023-03-12 05:38:00.000000 UTC,18.783239569400003
2023-03-12 05:39:00.000000 UTC,16.784170922799998
2023-03-12 05:40:00.000000 UTC,16.6853667912
2023-03-12 05:41:00.000000 UTC,17.7203471702
2023-03-12 05:42:00.000000 UTC,16.6027190054
2023-03-12 05:43:00.000000 UTC,16.8549718994
2023-03-12 05:44:00.000000 UTC,16.567869220200002
2023-03-12 05:45:00.000000 UTC,16.2841198198
2023-03-12 05:46:00.000000 UTC,17.751977703
2023-03-12 05:47:00.000000 UTC,17.7646929796
2023-03-12 05:48:00.000000 UTC,16.934761853
2023-03-12 05:49:00.000000 UTC,17.2194797868
2023-03-12 05:50:00.000000 UTC,17.1224110378
2023-03-12 05:51:00.000000 UTC,17.1362649016
2023-03-12 05:52:00.000000 UTC,17.486121021200002
2023-03-12 05:53:00.000000 UTC,17.6853456508
2023-03-12 05:54:00.000000 UTC,16.7817834198
2023-03-12 05:55:00.000000 UTC,16.742213337
2023-03-12 05:56:00.000000 UTC,17.0996688072
2023-03-12 05:57:00.000000 UTC,16.7212462788
2023-03-12 05:58:00.000000 UTC,16.784534220799998
2023-03-12 05:59:00.000000 UTC,16.9389331896
2023-03-12 06:00:00.000000 UTC,17.736029980799998
2023-03-12 06:01:00.000000 UTC,17.3664840058
2023-03-12 06:02:00.000000 UTC,17.9270598395
2023-03-12 06:03:00.000000 UTC,17.0596006882
2023-03-12 06:04:00.000000 UTC,17.2766109318
2023-03-12 06:05:00.000000 UTC,16.9569411184
2023-03-12 06:06:00.000000 UTC,17.3223396475
2023-03-12 06:07:00.000000 UTC,17.6192172294
2023-03-12 06:08:00.000000 UTC,16.7347865362
2023-03-12 06:09:00.000000 UTC,16.159879836
2023-03-12 06:10:00.000000 UTC,18.6720817862
2023-03-12 06:11:00.000000 UTC,18.1382935672
2023-03-12 06:12:00.000000 UTC,18.2679814786
2023-03-12 06:13:00.000000 UTC,17.4027280398
2023-03-12 06:14:00.000000 UTC,18.336465586
2023-03-12 06:15:00.000000 UTC,19.3277590756
2023-03-12 06:16:00.000000 UTC,17.7230274182
2023-03-12 06:17:00.000000 UTC,17.4314500035
2023-03-12 06:18:00.000000 UTC,17.0960289046
2023-03-12 06:19:00.000000 UTC,17.174310987
2023-03-12 06:20:00.000000 UTC,16.380737107
2023-03-12 06:21:00.000000 UTC,19.396205197
2023-03-12 06:22:00.000000 UTC,17.721094861
2023-03-12 06:23:00.000000 UTC,17.681466841200002
2023-03-12 06:24:00.000000 UTC,16.565804551
2023-03-12 06:25:00.000000 UTC,17.6000404222
2023-03-12 06:26:00.000000 UTC,17.488195580400003
2023-03-12 06:27:00.000000 UTC,16.9759492902
2023-03-12 06:28:00.000000 UTC,17.473355626
2023-03-12 06:29:00.000000 UTC,17.1012068024
2023-03-12 06:30:00.000000 UTC,16.7388133344
2023-03-12 06:31:00.000000 UTC,16.5931423694
2023-03-12 06:32:00.000000 UTC,17.602408128599997
2023-03-12 06:33:00.000000 UTC,19.311829789599997
2023-03-12 06:34:00.000000 UTC,17.6913678542
2023-03-12 06:35:00.000000 UTC,18.180492317200002
2023-03-12 06:36:00.000000 UTC,17.428889816
2023-03-12 06:37:00.000000 UTC,18.2833442626
2023-03-12 06:38:00.000000 UTC,17.2802479132
2023-03-12 06:39:00.000000 UTC,18.470808248599997
2023-03-12 06:40:00.000000 UTC,18.7175123528
2023-03-12 06:41:00.000000 UTC,18.0848075174
2023-03-12 06:42:00.000000 UTC,17.41332553
2023-03-12 06:43:00.000000 UTC,18.374895093
2023-03-12 06:44:00.000000 UTC,19.5173460514
2023-03-12 06:45:00.000000 UTC,20.279557268
2023-03-12 06:46:00.000000 UTC,18.0532352862
2023-03-12 06:47:00.000000 UTC,17.9911798182
2023-03-12 06:48:00.000000 UTC,17.1086926146
2023-03-12 06:49:00.000000 UTC,18.146507583400002
2023-03-12 06:50:00.000000 UTC,17.978560251599998
2023-03-12 06:51:00.000000 UTC,17.431653948
2023-03-12 06:52:00.000000 UTC,17.652238003
2023-03-12 06:53:00.000000 UTC,17.456682931
2023-03-12 06:54:00.000000 UTC,18.4519901084
2023-03-12 06:55:00.000000 UTC,18.09293701825
2023-03-12 06:56:00.000000 UTC,17.987194170200002
2023-03-12 06:57:00.000000 UTC,17.54371290375
2023-03-12 06:58:00.000000 UTC,19.0847470592
2023-03-12 06:59:00.000000 UTC,19.164615399200002
2023-03-12 07:00:00.000000 UTC,18.3552563302
2023-03-12 07:01:00.000000 UTC,18.790159746599997
2023-03-12 07:02:00.000000 UTC,18.3613776188
2023-03-12 07:03:00.000000 UTC,17.78017825025
2023-03-12 07:04:00.000000 UTC,18.306276266
2023-03-12 07:05:00.000000 UTC,17.5847736216
2023-03-12 07:06:00.000000 UTC,18.350318745
2023-03-12 07:07:00.000000 UTC,17.461695887599998
2023-03-12 07:08:00.000000 UTC,18.0000643762
2023-03-12 07:09:00.000000 UTC,16.9875065978
2023-03-12 07:10:00.000000 UTC,17.6066335744
2023-03-12 07:11:00.000000 UTC,19.0774849634
2023-03-12 07:12:00.000000 UTC,17.5347559494
2023-03-12 07:13:00.000000 UTC,18.4079983358
2023-03-12 07:14:00.000000 UTC,17.1522692492
2023-03-12 07:15:00.000000 UTC,17.505209584400003
2023-03-12 07:16:00.000000 UTC,17.090988385
2023-03-12 07:17:00.000000 UTC,17.7501442012
2023-03-12 07:18:00.000000 UTC,17.3170222854
2023-03-12 07:19:00.000000 UTC,17.1095392386
2023-03-12 07:20:00.000000 UTC,18.576251092
2023-03-12 07:21:00.000000 UTC,19.4567403792
2023-03-12 07:22:00.000000 UTC,18.3949764462
2023-03-12 07:23:00.000000 UTC,18.6240317448
2023-03-12 07:24:00.000000 UTC,18.0502749758
2023-03-12 07:25:00.000000 UTC,18.4798369632
2023-03-12 07:26:00.000000 UTC,18.3616460758
2023-03-12 07:27:00.000000 UTC,17.6790563106
2023-03-12 07:28:00.000000 UTC,17.5417690684
2023-03-12 07:29:00.000000 UTC,17.814806682
2023-03-12 07:30:00.000000 UTC,18.9406050792
2023-03-12 07:31:00.000000 UTC,18.9009791348
2023-03-12 07:32:00.000000 UTC,17.683088486
2023-03-12 07:33:00.000000 UTC,19.084454931
2023-03-12 07:34:00.000000 UTC,19.3403138032
2023-03-12 07:35:00.000000 UTC,18.6223733094
2023-03-12 07:36:00.000000 UTC,18.26556813
2023-03-12 07:37:00.000000 UTC,18.0279948372
2023-03-12 07:38:00.000000 UTC,17.8821158116
2023-03-12 07:39:00.000000 UTC,18.8386270312
2023-03-12 07:40:00.000000 UTC,18.5750242338
2023-03-12 07:41:00.000000 UTC,20.560265679
2023-03-12 07:42:00.000000 UTC,18.8354314374
2023-03-12 07:43:00.000000 UTC,18.9907336242
2023-03-12 07:44:00.000000 UTC,18.161880013799998
2023-03-12 07:45:00.000000 UTC,18.8278048786
2023-03-12 07:46:00.000000 UTC,18.6106391078
2023-03-12 07:47:00.000000 UTC,19.0181470876
2023-03-12 07:48:00.000000 UTC,18.619888752599998
2023-03-12 07:49:00.000000 UTC,17.6938478766
2023-03-12 07:50:00.000000 UTC,17.766968038599998
2023-03-12 07:51:00.000000 UTC,18.1536884772
2023-03-12 07:52:00.000000 UTC,17.910578863799998
2023-03-12 07:53:00.000000 UTC,20.11794299825
2023-03-12 07:54:00.000000 UTC,20.1155014838
2023-03-12 07:55:00.000000 UTC,18.3048536708
2023-03-12 07:56:00.000000 UTC,18.834901735400003
2023-03-12 07:57:00.000000 UTC,18.0567192912
2023-03-12 07:58:00.000000 UTC,18.471325193
2023-03-12 07:59:00.000000 UTC,17.6223809276
2023-03-12 08:00:00.000000 UTC,19.3082401065
2023-03-12 08:01:00.000000 UTC,22.4564294585
2023-03-12 08:02:00.000000 UTC,21.33372608
2023-03-12 08:03:00.000000 UTC,20.8336333712
2023-03-12 08:04:00.000000 UTC,19.0060355042
2023-03-12 08:05:00.000000 UTC,19.541812792
2023-03-12 08:06:00.000000 UTC,19.1653239275
2023-03-12 08:07:00.000000 UTC,19.1255969996
2023-03-12 08:08:00.000000 UTC,18.597886066
2023-03-12 08:09:00.000000 UTC,18.032483071
2023-03-12 08:10:00.000000 UTC,20.2350112192
2023-03-12 08:11:00.000000 UTC,18.760553727599998
2023-03-12 08:12:00.000000 UTC,18.5734412324
2023-03-12 08:13:00.000000 UTC,18.6686722026
2023-03-12 08:14:00.000000 UTC,18.639573074
2023-03-12 08:15:00.000000 UTC,18.2730498438
2023-03-12 08:16:00.000000 UTC,17.8997515534
2023-03-12 08:17:00.000000 UTC,18.9621082534
2023-03-12 08:18:00.000000 UTC,17.951279816
2023-03-12 08:19:00.000000 UTC,17.6989739732
2023-03-12 08:20:00.000000 UTC,18.5445485118
2023-03-12 08:21:00.000000 UTC,17.8338863436
2023-03-12 08:22:00.000000 UTC,19.218853733400003
2023-03-12 08:23:00.000000 UTC,30.6353813984
2023-03-12 08:24:00.000000 UTC,52.9540984914
2023-03-12 08:25:00.000000 UTC,71.0275138052
2023-03-12 08:26:00.000000 UTC,56.0639312334
2023-03-12 08:27:00.000000 UTC,40.7994775604
2023-03-12 08:28:00.000000 UTC,34.508953541800004
2023-03-12 08:29:00.000000 UTC,28.1356639658
2023-03-12 08:30:00.000000 UTC,24.7003201512
2023-03-12 08:31:00.000000 UTC,24.9877611426
2023-03-12 08:32:00.000000 UTC,22.9980698224
2023-03-12 08:33:00.000000 UTC,21.285046918
2023-03-12 08:34:00.000000 UTC,19.619514040200002
2023-03-12 08:35:00.000000 UTC,19.073261852
2023-03-12 08:36:00.000000 UTC,19.136283509
2023-03-12 08:37:00.000000 UTC,19.1161148694
2023-03-12 08:38:00.000000 UTC,18.609769485599998
2023-03-12 08:39:00.000000 UTC,21.3421862738
2023-03-12 08:40:00.000000 UTC,18.7604013864
2023-03-12 08:41:00.000000 UTC,18.5404880306
2023-03-12 08:42:00.000000 UTC,18.354015977400003
2023-03-12 08:43:00.000000 UTC,17.8344987872
2023-03-12 08:44:00.000000 UTC,18.8680696126
2023-03-12 08:45:00.000000 UTC,18.9382524716
2023-03-12 08:46:00.000000 UTC,17.972378215
2023-03-12 08:47:00.000000 UTC,17.8273999748
2023-03-12 08:48:00.000000 UTC,20.9313425386
2023-03-12 08:49:00.000000 UTC,18.3803791426
2023-03-12 08:50:00.000000 UTC,17.6962411106
2023-03-12 08:51:00.000000 UTC,18.100871911200002
2023-03-12 08:52:00.000000 UTC,18.2045947696
2023-03-12 08:53:00.000000 UTC,18.744087136
2023-03-12 08:54:00.000000 UTC,18.5096285664
2023-03-12 08:55:00.000000 UTC,18.337249367
2023-03-12 08:56:00.000000 UTC,18.105334298400003
2023-03-12 08:57:00.000000 UTC,18.4209388618
2023-03-12 08:58:00.000000 UTC,19.2875226886
2023-03-12 08:59:00.000000 UTC,18.4900330054
2023-03-12 09:00:00.000000 UTC,19.2983737178
2023-03-12 09:01:00.000000 UTC,18.5263238436
2023-03-12 09:02:00.000000 UTC,17.8564613482
2023-03-12 09:03:00.000000 UTC,17.957340110599997
2023-03-12 09:04:00.000000 UTC,17.5969777428
2023-03-12 09:05:00.000000 UTC,19.173341330400003
2023-03-12 09:06:00.000000 UTC,17.8265782942
2023-03-12 09:07:00.000000 UTC,18.26186088
2023-03-12 09:08:00.000000 UTC,18.163572484400003
2023-03-12 09:09:00.000000 UTC,18.1268262584
2023-03-12 09:10:00.000000 UTC,18.345219369400002
2023-03-12 09:11:00.000000 UTC,18.4332490632
2023-03-12 09:12:00.000000 UTC,17.7245130204
2023-03-12 09:13:00.000000 UTC,17.4449787846
2023-03-12 09:14:00.000000 UTC,18.2082592626
2023-03-12 09:15:00.000000 UTC,17.0983492292
2023-03-12 09:16:00.000000 UTC,16.8140345018
2023-03-12 09:17:00.000000 UTC,17.0702048286
2023-03-12 09:18:00.000000 UTC,17.005157286
2023-03-12 09:19:00.000000 UTC,17.8657472444
2023-03-12 09:20:00.000000 UTC,18.249896873
2023-03-12 09:21:00.000000 UTC,18.4664766108
2023-03-12 09:22:00.000000 UTC,18.1385134484
2023-03-12 09:23:00.000000 UTC,20.3849307625
2023-03-12 09:24:00.000000 UTC,21.0015805132
2023-03-12 09:25:00.000000 UTC,19.1998416466
2023-03-12 09:26:00.000000 UTC,21.735865266599998
2023-03-12 09:27:00.000000 UTC,18.9565762
2023-03-12 09:28:00.000000 UTC,21.497763219
2023-03-12 09:29:00.000000 UTC,22.158663735799998
2023-03-12 09:30:00.000000 UTC,22.243408856200002
2023-03-12 09:31:00.000000 UTC,20.306489595
2023-03-12 09:32:00.000000 UTC,21.6655568238
2023-03-12 09:33:00.000000 UTC,20.8400566722
2023-03-12 09:34:00.000000 UTC,19.893926572
2023-03-12 09:35:00.000000 UTC,19.763165202
2023-03-12 09:36:00.000000 UTC,19.638836821599998
2023-03-12 09:37:00.000000 UTC,19.787311485
2023-03-12 09:38:00.000000 UTC,18.7723688122
2023-03-12 09:39:00.000000 UTC,18.4431384688
2023-03-12 09:40:00.000000 UTC,18.3809665174
2023-03-12 09:41:00.000000 UTC,20.705526326
2023-03-12 09:42:00.000000 UTC,19.0019674896
2023-03-12 09:43:00.000000 UTC,18.218707339599998
2023-03-12 09:44:00.000000 UTC,18.2933402554
2023-03-12 09:45:00.000000 UTC,18.271227576599998
2023-03-12 09:46:00.000000 UTC,17.8784070108
2023-03-12 09:47:00.000000 UTC,18.162107257200002
2023-03-12 09:48:00.000000 UTC,17.65923428
2023-03-12 09:49:00.000000 UTC,17.6080228786
2023-03-12 09:50:00.000000 UTC,17.0552693212
2023-03-12 09:51:00.000000 UTC,17.9016689484
2023-03-12 09:52:00.000000 UTC,18.073498584
2023-03-12 09:53:00.000000 UTC,17.198344441
2023-03-12 09:54:00.000000 UTC,17.138316706799998
2023-03-12 09:55:00.000000 UTC,17.673068498400003
2023-03-12 09:56:00.000000 UTC,17.7150680652
2023-03-12 09:57:00.000000 UTC,18.2268574622
2023-03-12 09:58:00.000000 UTC,18.678680203400003
2023-03-12 09:59:00.000000 UTC,18.2659002082
2023-03-12 10:00:00.000000 UTC,18.077360870400003
2023-03-12 10:01:00.000000 UTC,24.159987699200002
2023-03-12 10:02:00.000000 UTC,25.5034045886
2023-03-12 10:03:00.000000 UTC,24.1922608564
2023-03-12 10:04:00.000000 UTC,23.1721051006
2023-03-12 10:05:00.000000 UTC,21.69810854475
2023-03-12 10:06:00.000000 UTC,19.73144484
2023-03-12 10:07:00.000000 UTC,19.3943483232
2023-03-12 10:08:00.000000 UTC,18.5188121364
2023-03-12 10:09:00.000000 UTC,18.0831380188
2023-03-12 10:10:00.000000 UTC,17.9350845398
2023-03-12 10:11:00.000000 UTC,17.821799827400003
2023-03-12 10:12:00.000000 UTC,18.513049420599998
2023-03-12 10:13:00.000000 UTC,17.604129326
2023-03-12 10:14:00.000000 UTC,17.8294595446
2023-03-12 10:15:00.000000 UTC,17.282647656400002
2023-03-12 10:16:00.000000 UTC,16.8978806422
2023-03-12 10:17:00.000000 UTC,17.245051479599997
2023-03-12 10:18:00.000000 UTC,17.1412000202
2023-03-12 10:19:00.000000 UTC,17.7508392224
2023-03-12 10:20:00.000000 UTC,16.9112370058
2023-03-12 10:21:00.000000 UTC,16.5151304432
2023-03-12 10:22:00.000000 UTC,16.39409809525
2023-03-12 10:23:00.000000 UTC,16.623114147
2023-03-12 10:24:00.000000 UTC,17.088489792
2023-03-12 10:25:00.000000 UTC,17.3004625008
2023-03-12 10:26:00.000000 UTC,16.559322854799998
2023-03-12 10:27:00.000000 UTC,16.613667276
2023-03-12 10:28:00.000000 UTC,16.7726059174
2023-03-12 10:29:00.000000 UTC,16.6547207944
2023-03-12 10:30:00.000000 UTC,17.5543598736
2023-03-12 10:31:00.000000 UTC,17.9175496548
2023-03-12 10:32:00.000000 UTC,18.285548773200002
2023-03-12 10:33:00.000000 UTC,17.3795016442
2023-03-12 10:34:00.000000 UTC,17.0789327144
2023-03-12 10:35:00.000000 UTC,17.749090558
2023-03-12 10:36:00.000000 UTC,17.877407457599997
2023-03-12 10:37:00.000000 UTC,17.084813908
2023-03-12 10:38:00.000000 UTC,17.0854752166
2023-03-12 10:39:00.000000 UTC,16.9928774864
2023-03-12 10:40:00.000000 UTC,17.082793747
2023-03-12 10:41:00.000000 UTC,18.073746974400002
2023-03-12 10:42:00.000000 UTC,19.0537358822
2023-03-12 10:43:00.000000 UTC,18.204857614799998
2023-03-12 10:44:00.000000 UTC,17.883699255
2023-03-12 10:45:00.000000 UTC,17.5581172156
2023-03-12 10:46:00.000000 UTC,16.718507674399998
2023-03-12 10:47:00.000000 UTC,16.8866079716
2023-03-12 10:48:00.000000 UTC,16.3533053545
2023-03-12 10:49:00.000000 UTC,19.624045463599998
2023-03-12 10:50:00.000000 UTC,17.1794174104
2023-03-12 10:51:00.000000 UTC,15.9766936402
2023-03-12 10:52:00.000000 UTC,18.2312543882
2023-03-12 10:53:00.000000 UTC,17.7505215452
2023-03-12 10:54:00.000000 UTC,17.4753368044
2023-03-12 10:55:00.000000 UTC,16.7883948162
2023-03-12 10:56:00.000000 UTC,16.2433903716
2023-03-12 10:57:00.000000 UTC,17.2361603162
2023-03-12 10:58:00.000000 UTC,16.750069794799998
2023-03-12 10:59:00.000000 UTC,16.1542651094
2023-03-12 11:00:00.000000 UTC,16.1441257384
2023-03-12 11:01:00.000000 UTC,16.5969263888
2023-03-12 11:02:00.000000 UTC,16.7422285704
2023-03-12 11:03:00.000000 UTC,16.770490931
2023-03-12 11:04:00.000000 UTC,16.1571892002
2023-03-12 11:05:00.000000 UTC,16.6851683368
2023-03-12 11:06:00.000000 UTC,16.650910233799998
2023-03-12 11:07:00.000000 UTC,16.2594665466
2023-03-12 11:08:00.000000 UTC,17.0370331918
2023-03-12 11:09:00.000000 UTC,16.4691861988
2023-03-12 11:10:00.000000 UTC,15.974012893
2023-03-12 11:11:00.000000 UTC,16.4218116888
2023-03-12 11:12:00.000000 UTC,16.4050042032
2023-03-12 11:13:00.000000 UTC,16.5594957328
2023-03-12 11:14:00.000000 UTC,17.377419467400003
2023-03-12 11:15:00.000000 UTC,16.6531673414
2023-03-12 11:16:00.000000 UTC,16.3559719922
2023-03-12 11:17:00.000000 UTC,16.2098258544
2023-03-12 11:18:00.000000 UTC,16.6719210702
2023-03-12 11:19:00.000000 UTC,17.714384983200002
2023-03-12 11:20:00.000000 UTC,16.6551469878
2023-03-12 11:21:00.000000 UTC,16.8302547538
2023-03-12 11:22:00.000000 UTC,17.9313182904
2023-03-12 11:23:00.000000 UTC,16.5778664988
2023-03-12 11:24:00.000000 UTC,16.698817170799998
2023-03-12 11:25:00.000000 UTC,17.105298342799998
2023-03-12 11:26:00.000000 UTC,17.1114488538
2023-03-12 11:27:00.000000 UTC,17.5387342708
2023-03-12 11:28:00.000000 UTC,18.5313245732
2023-03-12 11:29:00.000000 UTC,17.5891377568
2023-03-12 11:30:00.000000 UTC,17.6117466602
2023-03-12 11:31:00.000000 UTC,17.2917402998
2023-03-12 11:32:00.000000 UTC,17.811361032
2023-03-12 11:33:00.000000 UTC,16.322190721600002
2023-03-12 11:34:00.000000 UTC,17.1176799936
2023-03-12 11:35:00.000000 UTC,17.339540595
2023-03-12 11:36:00.000000 UTC,16.5456705444
2023-03-12 11:37:00.000000 UTC,16.325996749399998
2023-03-12 11:38:00.000000 UTC,17.915975032
2023-03-12 11:39:00.000000 UTC,16.9188322328
2023-03-12 11:40:00.000000 UTC,16.1009485244
2023-03-12 11:41:00.000000 UTC,15.8606990176
2023-03-12 11:42:00.000000 UTC,16.389365600399998
2023-03-12 11:43:00.000000 UTC,16.6529474478
2023-03-12 11:44:00.000000 UTC,17.161655037
2023-03-12 11:45:00.000000 UTC,18.5124524828
2023-03-12 11:46:00.000000 UTC,17.6736852728
2023-03-12 11:47:00.000000 UTC,15.941357669
2023-03-12 11:48:00.000000 UTC,17.4313705298
2023-03-12 11:49:00.000000 UTC,16.6223054346
2023-03-12 11:50:00.000000 UTC,17.641579196200002
2023-03-12 11:51:00.000000 UTC,16.4408402006
2023-03-12 11:52:00.000000 UTC,15.969653422
2023-03-12 11:53:00.000000 UTC,16.602273859
2023-03-12 11:54:00.000000 UTC,16.11332816
2023-03-12 11:55:00.000000 UTC,18.6701712855
2023-03-12 11:56:00.000000 UTC,17.5046907566
2023-03-12 11:57:00.000000 UTC,16.9109058546
2023-03-12 11:58:00.000000 UTC,16.564630091799998
2023-03-12 11:59:00.000000 UTC,16.897417990799998
2023-03-12 12:00:00.000000 UTC,16.507776365
2023-03-12 12:01:00.000000 UTC,16.381292466399998
2023-03-12 12:02:00.000000 UTC,15.886927317200001
2023-03-12 12:03:00.000000 UTC,16.295426817
2023-03-12 12:04:00.000000 UTC,16.1477009764
2023-03-12 12:05:00.000000 UTC,16.6075774408
2023-03-12 12:06:00.000000 UTC,17.049465125
2023-03-12 12:07:00.000000 UTC,16.760414863
2023-03-12 12:08:00.000000 UTC,16.869029016200003
2023-03-12 12:09:00.000000 UTC,16.9447411816
2023-03-12 12:10:00.000000 UTC,17.7391221048
2023-03-12 12:11:00.000000 UTC,16.629767105
2023-03-12 12:12:00.000000 UTC,19.423790050599997
2023-03-12 12:13:00.000000 UTC,20.02977355475
2023-03-12 12:14:00.000000 UTC,20.4623718204
2023-03-12 12:15:00.000000 UTC,20.1245642844
2023-03-12 12:16:00.000000 UTC,19.517331605
2023-03-12 12:17:00.000000 UTC,20.558025814599997
2023-03-12 12:18:00.000000 UTC,20.661105667
2023-03-12 12:19:00.000000 UTC,19.8453298642
2023-03-12 12:20:00.000000 UTC,20.425601056599998
2023-03-12 12:21:00.000000 UTC,23.0668944808
2023-03-12 12:22:00.000000 UTC,28.2340254305
2023-03-12 12:23:00.000000 UTC,29.8714458346
2023-03-12 12:24:00.000000 UTC,27.1093731058
2023-03-12 12:25:00.000000 UTC,22.7505283188
2023-03-12 12:26:00.000000 UTC,20.693749338
2023-03-12 12:27:00.000000 UTC,19.257919186
2023-03-12 12:28:00.000000 UTC,17.7719338252
2023-03-12 12:29:00.000000 UTC,19.1680989438
2023-03-12 12:30:00.000000 UTC,18.5378541934
2023-03-12 12:31:00.000000 UTC,17.923115262400003
2023-03-12 12:32:00.000000 UTC,18.4679536702
2023-03-12 12:33:00.000000 UTC,18.990285531799998
2023-03-12 12:34:00.000000 UTC,18.2439404442
2023-03-12 12:35:00.000000 UTC,17.276012825200002
2023-03-12 12:36:00.000000 UTC,17.4863075252
2023-03-12 12:37:00.000000 UTC,16.8392439815
2023-03-12 12:38:00.000000 UTC,18.1496996435
2023-03-12 12:39:00.000000 UTC,20.06033093225
2023-03-12 12:40:00.000000 UTC,19.4092388952
2023-03-12 12:41:00.000000 UTC,18.6176599162
2023-03-12 12:42:00.000000 UTC,17.254168044
2023-03-12 12:43:00.000000 UTC,18.2535754222
2023-03-12 12:44:00.000000 UTC,17.683193528599997
2023-03-12 12:45:00.000000 UTC,18.520539391
2023-03-12 12:46:00.000000 UTC,18.0342457574
2023-03-12 12:47:00.000000 UTC,17.2168799456
2023-03-12 12:48:00.000000 UTC,17.493995744
2023-03-12 12:49:00.000000 UTC,16.1036430146
2023-03-12 12:50:00.000000 UTC,17.321506872599997
2023-03-12 12:51:00.000000 UTC,17.323961005
2023-03-12 12:52:00.000000 UTC,16.601048675
2023-03-12 12:53:00.000000 UTC,16.4711723426
2023-03-12 12:54:00.000000 UTC,18.184337989400003
2023-03-12 12:55:00.000000 UTC,17.084559882
2023-03-12 12:56:00.000000 UTC,18.739544930799998
2023-03-12 12:57:00.000000 UTC,19.323142930400003
2023-03-12 12:58:00.000000 UTC,19.1067823826
2023-03-12 12:59:00.000000 UTC,18.188516396
2023-03-12 13:00:00.000000 UTC,17.365186618
2023-03-12 13:01:00.000000 UTC,17.787253394
2023-03-12 13:02:00.000000 UTC,19.053369834
2023-03-12 13:03:00.000000 UTC,18.429908836
2023-03-12 13:04:00.000000 UTC,18.0404114658
2023-03-12 13:05:00.000000 UTC,18.72010495875
2023-03-12 13:06:00.000000 UTC,19.3474876548
2023-03-12 13:07:00.000000 UTC,18.269708412
2023-03-12 13:08:00.000000 UTC,18.559149118599997
2023-03-12 13:09:00.000000 UTC,17.997827040599997
2023-03-12 13:10:00.000000 UTC,18.735221103
2023-03-12 13:11:00.000000 UTC,23.229021969799998
2023-03-12 13:12:00.000000 UTC,19.731271341400003
2023-03-12 13:13:00.000000 UTC,17.939525506400003
2023-03-12 13:14:00.000000 UTC,17.2446998574
2023-03-12 13:15:00.000000 UTC,17.6783335018
2023-03-12 13:16:00.000000 UTC,18.5253630602
2023-03-12 13:17:00.000000 UTC,18.8755535428
2023-03-12 13:18:00.000000 UTC,17.8854693346
2023-03-12 13:19:00.000000 UTC,16.7880437084
2023-03-12 13:20:00.000000 UTC,18.7983001138
2023-03-12 13:21:00.000000 UTC,18.1349251052
2023-03-12 13:22:00.000000 UTC,17.5516632716
2023-03-12 13:23:00.000000 UTC,17.240276252799998
2023-03-12 13:24:00.000000 UTC,17.0507150916
2023-03-12 13:25:00.000000 UTC,17.4732348338
2023-03-12 13:26:00.000000 UTC,18.1524389238
2023-03-12 13:27:00.000000 UTC,17.4619604028
2023-03-12 13:28:00.000000 UTC,17.711808537400003
2023-03-12 13:29:00.000000 UTC,17.7575911152
2023-03-12 13:30:00.000000 UTC,19.7821387708
2023-03-12 13:31:00.000000 UTC,21.109640177400003
2023-03-12 13:32:00.000000 UTC,20.0835883782
2023-03-12 13:33:00.000000 UTC,19.6193551592
2023-03-12 13:34:00.000000 UTC,19.1412740056
2023-03-12 13:35:00.000000 UTC,20.1363094832
2023-03-12 13:36:00.000000 UTC,18.564841033
2023-03-12 13:37:00.000000 UTC,17.9465038254
2023-03-12 13:38:00.000000 UTC,17.965437087599998
2023-03-12 13:39:00.000000 UTC,16.7019002036
2023-03-12 13:40:00.000000 UTC,18.0310584102
2023-03-12 13:41:00.000000 UTC,17.700638141
2023-03-12 13:42:00.000000 UTC,18.669113173
2023-03-12 13:43:00.000000 UTC,19.0179625578
2023-03-12 13:44:00.000000 UTC,19.2928349072
2023-03-12 13:45:00.000000 UTC,19.298898309400002
2023-03-12 13:46:00.000000 UTC,19.3895027598
2023-03-12 13:47:00.000000 UTC,18.8300260544
2023-03-12 13:48:00.000000 UTC,19.9324312954
2023-03-12 13:49:00.000000 UTC,18.0621710108
2023-03-12 13:50:00.000000 UTC,18.258184803200002
2023-03-12 13:51:00.000000 UTC,18.842338153
2023-03-12 13:52:00.000000 UTC,18.317013078400002
2023-03-12 13:53:00.000000 UTC,18.0518212112
2023-03-12 13:54:00.000000 UTC,18.0217204138
2023-03-12 13:55:00.000000 UTC,18.8082887492
2023-03-12 13:56:00.000000 UTC,19.410089251400002
2023-03-12 13:57:00.000000 UTC,19.159834455
2023-03-12 13:58:00.000000 UTC,19.22171976
2023-03-12 13:59:00.000000 UTC,19.149176909
2023-03-12 14:00:00.000000 UTC,18.93912799
2023-03-12 14:01:00.000000 UTC,19.252199851
2023-03-12 14:02:00.000000 UTC,19.369495409400002
2023-03-12 14:03:00.000000 UTC,19.170987711400002
2023-03-12 14:04:00.000000 UTC,19.2831963728
2023-03-12 14:05:00.000000 UTC,22.158620889599998
2023-03-12 14:06:00.000000 UTC,22.1395840458
2023-03-12 14:07:00.000000 UTC,21.167877712400003
2023-03-12 14:08:00.000000 UTC,21.209286676599998
2023-03-12 14:09:00.000000 UTC,21.885367116799998
2023-03-12 14:10:00.000000 UTC,20.7310880866
2023-03-12 14:11:00.000000 UTC,20.6148250002
2023-03-12 14:12:00.000000 UTC,20.291673431400003
2023-03-12 14:13:00.000000 UTC,20.2677727446
2023-03-12 14:14:00.000000 UTC,20.2847136886
2023-03-12 14:15:00.000000 UTC,19.7020439002
2023-03-12 14:16:00.000000 UTC,20.0129341556
2023-03-12 14:17:00.000000 UTC,20.120394873
2023-03-12 14:18:00.000000 UTC,20.644550978799998
2023-03-12 14:19:00.000000 UTC,19.161588261200002
2023-03-12 14:20:00.000000 UTC,19.195217543200002
2023-03-12 14:21:00.000000 UTC,18.407837752
2023-03-12 14:22:00.000000 UTC,18.2245114362
2023-03-12 14:23:00.000000 UTC,19.2283275174
2023-03-12 14:24:00.000000 UTC,18.45279610525
2023-03-12 14:25:00.000000 UTC,20.7376227876
2023-03-12 14:26:00.000000 UTC,20.295227815
2023-03-12 14:27:00.000000 UTC,20.275648721400003
2023-03-12 14:28:00.000000 UTC,19.188306144200002
2023-03-12 14:29:00.000000 UTC,19.3562390458
2023-03-12 14:30:00.000000 UTC,19.772921105
2023-03-12 14:31:00.000000 UTC,19.8805472156
2023-03-12 14:32:00.000000 UTC,19.6686396166
2023-03-12 14:33:00.000000 UTC,19.3515063278
2023-03-12 14:34:00.000000 UTC,18.867925365799998
2023-03-12 14:35:00.000000 UTC,18.400960985599998
2023-03-12 14:36:00.000000 UTC,19.0363349276
2023-03-12 14:37:00.000000 UTC,18.8420516044
2023-03-12 14:38:00.000000 UTC,18.9919412948
2023-03-12 14:39:00.000000 UTC,20.665795494
2023-03-12 14:40:00.000000 UTC,25.1052597528
2023-03-12 14:41:00.000000 UTC,22.7871363868
2023-03-12 14:42:00.000000 UTC,24.434739977400003
2023-03-12 14:43:00.000000 UTC,30.0675569056
2023-03-12 14:44:00.000000 UTC,29.810260919799997
2023-03-12 14:45:00.000000 UTC,31.4138457368
2023-03-12 14:46:00.000000 UTC,32.1851000184
2023-03-12 14:47:00.000000 UTC,30.267346227599997
2023-03-12 14:48:00.000000 UTC,30.1828784888
2023-03-12 14:49:00.000000 UTC,28.473540826
2023-03-12 14:50:00.000000 UTC,27.287876231400002
2023-03-12 14:51:00.000000 UTC,28.628945839
2023-03-12 14:52:00.000000 UTC,29.6276939102
2023-03-12 14:53:00.000000 UTC,30.971446849400003
2023-03-12 14:54:00.000000 UTC,29.979867401
2023-03-12 14:55:00.000000 UTC,28.731217274400002
2023-03-12 14:56:00.000000 UTC,28.8169648698
2023-03-12 14:57:00.000000 UTC,26.263910863400003
2023-03-12 14:58:00.000000 UTC,24.7552648468
2023-03-12 14:59:00.000000 UTC,25.5263799512
2023-03-12 15:00:00.000000 UTC,28.21862252625
2023-03-12 15:01:00.000000 UTC,27.563588662
2023-03-12 15:02:00.000000 UTC,26.959739865400003
2023-03-12 15:03:00.000000 UTC,27.917910635200002
2023-03-12 15:04:00.000000 UTC,25.7084829072
2023-03-12 15:05:00.000000 UTC,24.182651825
2023-03-12 15:06:00.000000 UTC,22.687382768400003
2023-03-12 15:07:00.000000 UTC,21.2207844644
2023-03-12 15:08:00.000000 UTC,20.078464326400002
2023-03-12 15:09:00.000000 UTC,20.633051855
2023-03-12 15:10:00.000000 UTC,20.8211992018
2023-03-12 15:11:00.000000 UTC,20.397061392799998
2023-03-12 15:12:00.000000 UTC,19.867417116
2023-03-12 15:13:00.000000 UTC,20.1130383624
2023-03-12 15:14:00.000000 UTC,19.0355398668
2023-03-12 15:15:00.000000 UTC,18.9898182136
2023-03-12 15:16:00.000000 UTC,19.262412507599997
2023-03-12 15:17:00.000000 UTC,18.6517386976
2023-03-12 15:18:00.000000 UTC,18.5575763652
2023-03-12 15:19:00.000000 UTC,19.42576208875
2023-03-12 15:20:00.000000 UTC,20.516173901200002
2023-03-12 15:21:00.000000 UTC,20.3985891088
2023-03-12 15:22:00.000000 UTC,20.180212318
2023-03-12 15:23:00.000000 UTC,23.20322122
2023-03-12 15:24:00.000000 UTC,23.6329442372
2023-03-12 15:25:00.000000 UTC,21.0963265964
2023-03-12 15:26:00.000000 UTC,21.1718363846
2023-03-12 15:27:00.000000 UTC,20.611149579400003
2023-03-12 15:28:00.000000 UTC,22.2522818018
2023-03-12 15:29:00.000000 UTC,22.7515199972
2023-03-12 15:30:00.000000 UTC,25.5959294328
2023-03-12 15:31:00.000000 UTC,25.4119356552
2023-03-12 15:32:00.000000 UTC,25.264857015
2023-03-12 15:33:00.000000 UTC,24.8825029408
2023-03-12 15:34:00.000000 UTC,22.475833447400003
2023-03-12 15:35:00.000000 UTC,21.686990252
2023-03-12 15:36:00.000000 UTC,20.8370554382
2023-03-12 15:37:00.000000 UTC,19.8075752586
2023-03-12 15:38:00.000000 UTC,21.361354079799998
2023-03-12 15:39:00.000000 UTC,21.2834552016
2023-03-12 15:40:00.000000 UTC,20.429597703
2023-03-12 15:41:00.000000 UTC,20.404448053
2023-03-12 15:42:00.000000 UTC,20.1543428508
2023-03-12 15:43:00.000000 UTC,21.0645603722
2023-03-12 15:44:00.000000 UTC,22.0576999528
2023-03-12 15:45:00.000000 UTC,21.187228683
2023-03-12 15:46:00.000000 UTC,20.504987206
2023-03-12 15:47:00.000000 UTC,20.9852416638
2023-03-12 15:48:00.000000 UTC,20.2674423182
2023-03-12 15:49:00.000000 UTC,19.2236498596
2023-03-12 15:50:00.000000 UTC,18.9325196512
2023-03-12 15:51:00.000000 UTC,21.4880404098
2023-03-12 15:52:00.000000 UTC,23.0473551678
2023-03-12 15:53:00.000000 UTC,20.6432712408
2023-03-12 15:54:00.000000 UTC,20.223547749799998
2023-03-12 15:55:00.000000 UTC,19.899055931400003
2023-03-12 15:56:00.000000 UTC,20.471897511599998
2023-03-12 15:57:00.000000 UTC,21.849296925599997
2023-03-12 15:58:00.000000 UTC,20.9474663164
2023-03-12 15:59:00.000000 UTC,21.6926448952
2023-03-12 16:00:00.000000 UTC,20.019024818400002
2023-03-12 16:01:00.000000 UTC,20.1286428822
2023-03-12 16:02:00.000000 UTC,18.933961179599997
2023-03-12 16:03:00.000000 UTC,18.5564663932
2023-03-12 16:04:00.000000 UTC,19.7775684046
2023-03-12 16:05:00.000000 UTC,19.786211546599997
2023-03-12 16:06:00.000000 UTC,20.422444879
2023-03-12 16:07:00.000000 UTC,21.081083384400003
2023-03-12 16:08:00.000000 UTC,19.654384483799998
2023-03-12 16:09:00.000000 UTC,19.585010505
2023-03-12 16:10:00.000000 UTC,18.8935702486
2023-03-12 16:11:00.000000 UTC,19.1906353308
2023-03-12 16:12:00.000000 UTC,18.8960076626
2023-03-12 16:13:00.000000 UTC,18.4274828614
2023-03-12 16:14:00.000000 UTC,18.5925890792
2023-03-12 16:15:00.000000 UTC,18.851114923
2023-03-12 16:16:00.000000 UTC,19.430892097
2023-03-12 16:17:00.000000 UTC,19.366861465
2023-03-12 16:18:00.000000 UTC,20.2354142276
2023-03-12 16:19:00.000000 UTC,19.4986802998
2023-03-12 16:20:00.000000 UTC,18.7473254718
2023-03-12 16:21:00.000000 UTC,19.425642399599997
2023-03-12 16:22:00.000000 UTC,17.989846981400003
2023-03-12 16:23:00.000000 UTC,18.674339696
2023-03-12 16:24:00.000000 UTC,19.5029661008
2023-03-12 16:25:00.000000 UTC,19.377269030599997
2023-03-12 16:26:00.000000 UTC,21.5444967286
2023-03-12 16:27:00.000000 UTC,22.3640759604
2023-03-12 16:28:00.000000 UTC,20.9342395666
2023-03-12 16:29:00.000000 UTC,19.3869690308
2023-03-12 16:30:00.000000 UTC,20.063825603
2023-03-12 16:31:00.000000 UTC,19.434128361400003
2023-03-12 16:32:00.000000 UTC,18.6359412674
2023-03-12 16:33:00.000000 UTC,19.7287128964
2023-03-12 16:34:00.000000 UTC,19.728335081
2023-03-12 16:35:00.000000 UTC,19.8711356254
2023-03-12 16:36:00.000000 UTC,19.487965845599998
2023-03-12 16:37:00.000000 UTC,18.608117579
2023-03-12 16:38:00.000000 UTC,18.5623032448
2023-03-12 16:39:00.000000 UTC,19.25172243175
2023-03-12 16:40:00.000000 UTC,19.398268906
2023-03-12 16:41:00.000000 UTC,18.7651153276
2023-03-12 16:42:00.000000 UTC,20.284181158
2023-03-12 16:43:00.000000 UTC,20.5329034128
2023-03-12 16:44:00.000000 UTC,20.5771092158
2023-03-12 16:45:00.000000 UTC,19.7139094208
2023-03-12 16:46:00.000000 UTC,22.7138536834
2023-03-12 16:47:00.000000 UTC,23.3123936105
2023-03-12 16:48:00.000000 UTC,26.3067154128
2023-03-12 16:49:00.000000 UTC,24.8487313524
2023-03-12 16:50:00.000000 UTC,25.0463516276
2023-03-12 16:51:00.000000 UTC,29.455490715
2023-03-12 16:52:00.000000 UTC,26.916875986599997
2023-03-12 16:53:00.000000 UTC,25.6653310692
2023-03-12 16:54:00.000000 UTC,23.395773994400002
2023-03-12 16:55:00.000000 UTC,22.4600737562
2023-03-12 16:56:00.000000 UTC,24.841336423599998
2023-03-12 16:57:00.000000 UTC,25.5350593748
2023-03-12 16:58:00.000000 UTC,24.7066476984
2023-03-12 16:59:00.000000 UTC,23.8601290816
2023-03-12 17:00:00.000000 UTC,24.524404134599997
2023-03-12 17:01:00.000000 UTC,27.662183716599998
2023-03-12 17:02:00.000000 UTC,28.7999503724
2023-03-12 17:03:00.000000 UTC,27.4381753116
2023-03-12 17:04:00.000000 UTC,29.418340084599997
2023-03-12 17:05:00.000000 UTC,28.0224172514
2023-03-12 17:06:00.000000 UTC,27.6798064008
2023-03-12 17:07:00.000000 UTC,26.378897455599997
2023-03-12 17:08:00.000000 UTC,23.971727774799998
2023-03-12 17:09:00.000000 UTC,22.8663078452
2023-03-12 17:10:00.000000 UTC,23.11747758375
2023-03-12 17:11:00.000000 UTC,23.8740507118
2023-03-12 17:12:00.000000 UTC,24.571611508
2023-03-12 17:13:00.000000 UTC,26.3664114028
2023-03-12 17:14:00.000000 UTC,24.337415841
2023-03-12 17:15:00.000000 UTC,23.296536961
2023-03-12 17:16:00.000000 UTC,23.0571303736
2023-03-12 17:17:00.000000 UTC,22.562190455400003
2023-03-12 17:18:00.000000 UTC,23.242150465799998
2023-03-12 17:19:00.000000 UTC,23.2458588298
2023-03-12 17:20:00.000000 UTC,22.0550322368
2023-03-12 17:21:00.000000 UTC,20.673211422799998
2023-03-12 17:22:00.000000 UTC,21.0077364472
2023-03-12 17:23:00.000000 UTC,21.650481504400002
2023-03-12 17:24:00.000000 UTC,20.4585056274
2023-03-12 17:25:00.000000 UTC,22.3552617772
2023-03-12 17:26:00.000000 UTC,26.837054882
2023-03-12 17:27:00.000000 UTC,41.607136671199996
2023-03-12 17:28:00.000000 UTC,50.474198442
2023-03-12 17:29:00.000000 UTC,53.777325668
2023-03-12 17:30:00.000000 UTC,71.828645659
2023-03-12 17:31:00.000000 UTC,106.1474448674
2023-03-12 17:32:00.000000 UTC,93.6815789784
2023-03-12 17:33:00.000000 UTC,78.656769537199992
2023-03-12 17:34:00.000000 UTC,69.06277247860001
2023-03-12 17:35:00.000000 UTC,62.206919207800006
2023-03-12 17:36:00.000000 UTC,61.50204414
2023-03-12 17:37:00.000000 UTC,51.61302557
2023-03-12 17:38:00.000000 UTC,46.143758905599995
2023-03-12 17:39:00.000000 UTC,41.554773086800004
2023-03-12 17:40:00.000000 UTC,38.34267873
2023-03-12 17:41:00.000000 UTC,36.5609603624
2023-03-12 17:42:00.000000 UTC,34.818965420199994
2023-03-12 17:43:00.000000 UTC,32.585762035
2023-03-12 17:44:00.000000 UTC,31.101418791
2023-03-12 17:45:00.000000 UTC,29.418741688
2023-03-12 17:46:00.000000 UTC,28.883247171
2023-03-12 17:47:00.000000 UTC,31.5159181742
2023-03-12 17:48:00.000000 UTC,31.968565145400003
2023-03-12 17:49:00.000000 UTC,29.7883821806
2023-03-12 17:50:00.000000 UTC,28.6163436732
2023-03-12 17:51:00.000000 UTC,27.272881295
2023-03-12 17:52:00.000000 UTC,26.284937549400002
2023-03-12 17:53:00.000000 UTC,25.4046445952
2023-03-12 17:54:00.000000 UTC,24.266158583
2023-03-12 17:55:00.000000 UTC,24.0256983436
2023-03-12 17:56:00.000000 UTC,22.915926392
2023-03-12 17:57:00.000000 UTC,22.1894135974
2023-03-12 17:58:00.000000 UTC,21.2772693238
2023-03-12 17:59:00.000000 UTC,21.10596363
2023-03-12 18:00:00.000000 UTC,21.681797116
2023-03-12 18:01:00.000000 UTC,24.282090155400002
2023-03-12 18:02:00.000000 UTC,25.562407246
2023-03-12 18:03:00.000000 UTC,26.840868378
2023-03-12 18:04:00.000000 UTC,26.822654413
2023-03-12 18:05:00.000000 UTC,26.8451769264
2023-03-12 18:06:00.000000 UTC,26.859542008200002
2023-03-12 18:07:00.000000 UTC,26.318515055200002
2023-03-12 18:08:00.000000 UTC,25.2080521052
2023-03-12 18:09:00.000000 UTC,23.8450093462
2023-03-12 18:10:00.000000 UTC,23.7349004432
2023-03-12 18:11:00.000000 UTC,22.7270751166
2023-03-12 18:12:00.000000 UTC,22.73415580875
2023-03-12 18:13:00.000000 UTC,22.737889937200002
2023-03-12 18:14:00.000000 UTC,24.8486836716
2023-03-12 18:15:00.000000 UTC,22.8632354706
2023-03-12 18:16:00.000000 UTC,21.7652310402
2023-03-12 18:17:00.000000 UTC,21.7856500468
2023-03-12 18:18:00.000000 UTC,20.945834665
2023-03-12 18:19:00.000000 UTC,19.7331454666
2023-03-12 18:20:00.000000 UTC,19.986897152599997
2023-03-12 18:21:00.000000 UTC,22.5866806516
2023-03-12 18:22:00.000000 UTC,27.4387379486
2023-03-12 18:23:00.000000 UTC,29.0182751934
2023-03-12 18:24:00.000000 UTC,30.6285773478
2023-03-12 18:25:00.000000 UTC,30.730386089
2023-03-12 18:26:00.000000 UTC,30.1707241138
2023-03-12 18:27:00.000000 UTC,30.8871276508
2023-03-12 18:28:00.000000 UTC,31.092555875200002
2023-03-12 18:29:00.000000 UTC,29.8446691266
2023-03-12 18:30:00.000000 UTC,32.9111858246
2023-03-12 18:31:00.000000 UTC,31.9533210548
2023-03-12 18:32:00.000000 UTC,30.6712984938
2023-03-12 18:33:00.000000 UTC,30.27605952775
2023-03-12 18:34:00.000000 UTC,33.8368323306
2023-03-12 18:35:00.000000 UTC,34.8889300512
2023-03-12 18:36:00.000000 UTC,32.326146747
2023-03-12 18:37:00.000000 UTC,32.101722796
2023-03-12 18:38:00.000000 UTC,30.2929275912
2023-03-12 18:39:00.000000 UTC,30.6242019634
2023-03-12 18:40:00.000000 UTC,30.8382936786
2023-03-12 18:41:00.000000 UTC,32.7221392938
2023-03-12 18:42:00.000000 UTC,32.8597288198
2023-03-12 18:43:00.000000 UTC,31.918939399400003
2023-03-12 18:44:00.000000 UTC,30.5663499204
2023-03-12 18:45:00.000000 UTC,29.959371244
2023-03-12 18:46:00.000000 UTC,29.9657991268
2023-03-12 18:47:00.000000 UTC,27.2170128346
2023-03-12 18:48:00.000000 UTC,26.2946123818
2023-03-12 18:49:00.000000 UTC,26.165380399
2023-03-12 18:50:00.000000 UTC,24.886556002
2023-03-12 18:51:00.000000 UTC,25.505286691200002
2023-03-12 18:52:00.000000 UTC,28.03811652025
2023-03-12 18:53:00.000000 UTC,30.135971131
2023-03-12 18:54:00.000000 UTC,27.4627997036
2023-03-12 18:55:00.000000 UTC,26.097150295
2023-03-12 18:56:00.000000 UTC,25.7248886904
2023-03-12 18:57:00.000000 UTC,25.816211520400003
2023-03-12 18:58:00.000000 UTC,24.8956664118
2023-03-12 18:59:00.000000 UTC,24.4461035924
2023-03-12 19:00:00.000000 UTC,25.3782571336
2023-03-12 19:01:00.000000 UTC,26.263681702400003
2023-03-12 19:02:00.000000 UTC,26.3647102262
2023-03-12 19:03:00.000000 UTC,23.3246360996
2023-03-12 19:04:00.000000 UTC,23.364401996799998
2023-03-12 19:05:00.000000 UTC,24.011579141200002
2023-03-12 19:06:00.000000 UTC,23.072281647599997
2023-03-12 19:07:00.000000 UTC,23.7474441942
2023-03-12 19:08:00.000000 UTC,23.72035087
2023-03-12 19:09:00.000000 UTC,23.295284968
2023-03-12 19:10:00.000000 UTC,23.9407267672
2023-03-12 19:11:00.000000 UTC,24.4519661508
2023-03-12 19:12:00.000000 UTC,25.0023546606
2023-03-12 19:13:00.000000 UTC,24.067709392
2023-03-12 19:14:00.000000 UTC,24.063104238
2023-03-12 19:15:00.000000 UTC,25.8802336828
2023-03-12 19:16:00.000000 UTC,27.486097528200002
2023-03-12 19:17:00.000000 UTC,27.9470056092
2023-03-12 19:18:00.000000 UTC,28.237953687799997
2023-03-12 19:19:00.000000 UTC,34.551763143
2023-03-12 19:20:00.000000 UTC,45.7588579146
2023-03-12 19:21:00.000000 UTC,53.4489168246
2023-03-12 19:22:00.000000 UTC,46.8013297992
2023-03-12 19:23:00.000000 UTC,44.7688804846
2023-03-12 19:24:00.000000 UTC,44.898889970599996
2023-03-12 19:25:00.000000 UTC,43.115102869400005
2023-03-12 19:26:00.000000 UTC,46.33141008725
2023-03-12 19:27:00.000000 UTC,47.1897858844
2023-03-12 19:28:00.000000 UTC,46.219448456
2023-03-12 19:29:00.000000 UTC,45.786366572199995
2023-03-12 19:30:00.000000 UTC,50.124177655400004
2023-03-12 19:31:00.000000 UTC,47.6084031986
2023-03-12 19:32:00.000000 UTC,45.3733350958
2023-03-12 19:33:00.000000 UTC,45.673110879599996
2023-03-12 19:34:00.000000 UTC,45.8371797792
2023-03-12 19:35:00.000000 UTC,43.7471688408
2023-03-12 19:36:00.000000 UTC,39.8284046912
2023-03-12 19:37:00.000000 UTC,38.4935906212
2023-03-12 19:38:00.000000 UTC,34.961861299599995
2023-03-12 19:39:00.000000 UTC,33.329871879
2023-03-12 19:40:00.000000 UTC,32.0448946342
2023-03-12 19:41:00.000000 UTC,32.368321505
2023-03-12 19:42:00.000000 UTC,32.8417892078
2023-03-12 19:43:00.000000 UTC,32.4439901964
2023-03-12 19:44:00.000000 UTC,30.3105863666
2023-03-12 19:45:00.000000 UTC,28.56361815425
2023-03-12 19:46:00.000000 UTC,30.0677393202
2023-03-12 19:47:00.000000 UTC,27.3751660342
2023-03-12 19:48:00.000000 UTC,26.3651335436
2023-03-12 19:49:00.000000 UTC,27.730389328
2023-03-12 19:50:00.000000 UTC,27.0332506556
2023-03-12 19:51:00.000000 UTC,26.9878286934
2023-03-12 19:52:00.000000 UTC,24.931602780400002
2023-03-12 19:53:00.000000 UTC,24.3929219328
2023-03-12 19:54:00.000000 UTC,23.872765428799998
2023-03-12 19:55:00.000000 UTC,23.8301771358
2023-03-12 19:56:00.000000 UTC,24.6270301994
2023-03-12 19:57:00.000000 UTC,24.7183692282
2023-03-12 19:58:00.000000 UTC,25.1861586956
2023-03-12 19:59:00.000000 UTC,24.679481069
2023-03-12 20:00:00.000000 UTC,26.7709318698
2023-03-12 20:01:00.000000 UTC,27.926900824599997
2023-03-12 20:02:00.000000 UTC,28.2076474126
2023-03-12 20:03:00.000000 UTC,28.6180164606
2023-03-12 20:04:00.000000 UTC,27.0223143824
2023-03-12 20:05:00.000000 UTC,25.6725867574
2023-03-12 20:06:00.000000 UTC,25.7206181916
2023-03-12 20:07:00.000000 UTC,25.212355824400003
2023-03-12 20:08:00.000000 UTC,24.1591875158
2023-03-12 20:09:00.000000 UTC,24.264695368799998
2023-03-12 20:10:00.000000 UTC,24.5727268666
2023-03-12 20:11:00.000000 UTC,24.5617164918
2023-03-12 20:12:00.000000 UTC,24.329193678400003
2023-03-12 20:13:00.000000 UTC,25.9492411216
2023-03-12 20:14:00.000000 UTC,25.7963991066
2023-03-12 20:15:00.000000 UTC,25.253178007400003
2023-03-12 20:16:00.000000 UTC,26.1109653952
2023-03-12 20:17:00.000000 UTC,25.978328094200002
2023-03-12 20:18:00.000000 UTC,23.3275216014
2023-03-12 20:19:00.000000 UTC,23.5214668598
2023-03-12 20:20:00.000000 UTC,24.780477224200002
2023-03-12 20:21:00.000000 UTC,26.190825391
2023-03-12 20:22:00.000000 UTC,25.5565020264
2023-03-12 20:23:00.000000 UTC,24.855016301400003
2023-03-12 20:24:00.000000 UTC,24.096130901400002
2023-03-12 20:25:00.000000 UTC,23.2058331464
2023-03-12 20:26:00.000000 UTC,23.4591637002
2023-03-12 20:27:00.000000 UTC,24.364725388
2023-03-12 20:28:00.000000 UTC,23.473019782
2023-03-12 20:29:00.000000 UTC,25.907298520599998
2023-03-12 20:30:00.000000 UTC,28.0934517138
2023-03-12 20:31:00.000000 UTC,26.433793828200002
2023-03-12 20:32:00.000000 UTC,25.7626162032
2023-03-12 20:33:00.000000 UTC,25.463120779599997
2023-03-12 20:34:00.000000 UTC,24.783142979599997
2023-03-12 20:35:00.000000 UTC,25.6730173778
2023-03-12 20:36:00.000000 UTC,24.960907983200002
2023-03-12 20:37:00.000000 UTC,24.923079621400003
2023-03-12 20:38:00.000000 UTC,26.6006106484
2023-03-12 20:39:00.000000 UTC,25.428645930200002
2023-03-12 20:40:00.000000 UTC,25.6333201762
2023-03-12 20:41:00.000000 UTC,23.816990515599997
2023-03-12 20:42:00.000000 UTC,23.8831671652
2023-03-12 20:43:00.000000 UTC,24.1860087056
2023-03-12 20:44:00.000000 UTC,24.7015490016
2023-03-12 20:45:00.000000 UTC,25.0465766968
2023-03-12 20:46:00.000000 UTC,26.7884508482
2023-03-12 20:47:00.000000 UTC,25.6711230778
2023-03-12 20:48:00.000000 UTC,24.2053148362
2023-03-12 20:49:00.000000 UTC,22.463446291
2023-03-12 20:50:00.000000 UTC,22.18275904
2023-03-12 20:51:00.000000 UTC,22.198920917200002
2023-03-12 20:52:00.000000 UTC,21.650021597400002
2023-03-12 20:53:00.000000 UTC,22.114412191
2023-03-12 20:54:00.000000 UTC,22.1467792092
2023-03-12 20:55:00.000000 UTC,20.869265083200002
2023-03-12 20:56:00.000000 UTC,22.1803863048
2023-03-12 20:57:00.000000 UTC,21.4062147306
2023-03-12 20:58:00.000000 UTC,20.2135902978
2023-03-12 20:59:00.000000 UTC,20.6654385504
2023-03-12 21:00:00.000000 UTC,23.6100157414
2023-03-12 21:01:00.000000 UTC,24.431121044799998
2023-03-12 21:02:00.000000 UTC,24.5660983316
2023-03-12 21:03:00.000000 UTC,23.0263301178
2023-03-12 21:04:00.000000 UTC,22.0696952576
2023-03-12 21:05:00.000000 UTC,21.299954705599998
2023-03-12 21:06:00.000000 UTC,21.4787217012
2023-03-12 21:07:00.000000 UTC,22.5287539188
2023-03-12 21:08:00.000000 UTC,22.3804746418
2023-03-12 21:09:00.000000 UTC,21.3181594108
2023-03-12 21:10:00.000000 UTC,22.143349881400002
2023-03-12 21:11:00.000000 UTC,20.7351623222
2023-03-12 21:12:00.000000 UTC,21.1246843886
2023-03-12 21:13:00.000000 UTC,20.942039571400002
2023-03-12 21:14:00.000000 UTC,20.0944563208
2023-03-12 21:15:00.000000 UTC,20.200690667
2023-03-12 21:16:00.000000 UTC,21.8752490114
2023-03-12 21:17:00.000000 UTC,20.3037834736
2023-03-12 21:18:00.000000 UTC,19.4859026046
2023-03-12 21:19:00.000000 UTC,19.4745577678
2023-03-12 21:20:00.000000 UTC,18.6881584334
2023-03-12 21:21:00.000000 UTC,19.381100718
2023-03-12 21:22:00.000000 UTC,21.2753105224
2023-03-12 21:23:00.000000 UTC,20.341525645
2023-03-12 21:24:00.000000 UTC,19.417799331599998
2023-03-12 21:25:00.000000 UTC,20.55883439625
2023-03-12 21:26:00.000000 UTC,20.9501478382
2023-03-12 21:27:00.000000 UTC,20.286605859799998
2023-03-12 21:28:00.000000 UTC,20.936220842599997
2023-03-12 21:29:00.000000 UTC,20.7698832092
2023-03-12 21:30:00.000000 UTC,21.489465763400002
2023-03-12 21:31:00.000000 UTC,20.4108550548
2023-03-12 21:32:00.000000 UTC,19.4500598506
2023-03-12 21:33:00.000000 UTC,19.3085765854
2023-03-12 21:34:00.000000 UTC,18.565334447599998
2023-03-12 21:35:00.000000 UTC,18.913618926599998
2023-03-12 21:36:00.000000 UTC,18.078036141400002
2023-03-12 21:37:00.000000 UTC,19.373719102
2023-03-12 21:38:00.000000 UTC,19.088009235
2023-03-12 21:39:00.000000 UTC,20.00623845575
2023-03-12 21:40:00.000000 UTC,19.861699769799998
2023-03-12 21:41:00.000000 UTC,18.813755446
2023-03-12 21:42:00.000000 UTC,18.6108078808
2023-03-12 21:43:00.000000 UTC,19.2556344968
2023-03-12 21:44:00.000000 UTC,18.07744480025
2023-03-12 21:45:00.000000 UTC,19.345281308599997
2023-03-12 21:46:00.000000 UTC,19.594069745400002
2023-03-12 21:47:00.000000 UTC,18.653546622
2023-03-12 21:48:00.000000 UTC,18.2064604952
2023-03-12 21:49:00.000000 UTC,18.557074495400002
2023-03-12 21:50:00.000000 UTC,17.712968083
2023-03-12 21:51:00.000000 UTC,18.5904504446
2023-03-12 21:52:00.000000 UTC,18.753577073200002
2023-03-12 21:53:00.000000 UTC,18.304585474400003
2023-03-12 21:54:00.000000 UTC,18.4437698615
2023-03-12 21:55:00.000000 UTC,20.5642782868
2023-03-12 21:56:00.000000 UTC,20.9180964498
2023-03-12 21:57:00.000000 UTC,19.8409904795
2023-03-12 21:58:00.000000 UTC,19.360146481799998
2023-03-12 21:59:00.000000 UTC,19.3415615512
2023-03-12 22:00:00.000000 UTC,21.71817085475
2023-03-12 22:01:00.000000 UTC,26.738382819799998
2023-03-12 22:02:00.000000 UTC,34.0249102496
2023-03-12 22:03:00.000000 UTC,37.9509627714
2023-03-12 22:04:00.000000 UTC,43.7337472902
2023-03-12 22:05:00.000000 UTC,39.623803742
2023-03-12 22:06:00.000000 UTC,37.018779262
2023-03-12 22:07:00.000000 UTC,34.0612908016
2023-03-12 22:08:00.000000 UTC,37.437810825599996
2023-03-12 22:09:00.000000 UTC,32.1192394048
2023-03-12 22:10:00.000000 UTC,30.9271072866
2023-03-12 22:11:00.000000 UTC,28.3317232744
2023-03-12 22:12:00.000000 UTC,26.534033046
2023-03-12 22:13:00.000000 UTC,27.1634886222
2023-03-12 22:14:00.000000 UTC,28.3940619064
2023-03-12 22:15:00.000000 UTC,30.7123198725
2023-03-12 22:16:00.000000 UTC,32.8925790134
2023-03-12 22:17:00.000000 UTC,31.038468902400002
2023-03-12 22:18:00.000000 UTC,39.9282339578
2023-03-12 22:19:00.000000 UTC,51.2054664784
2023-03-12 22:20:00.000000 UTC,53.8423698862
2023-03-12 22:21:00.000000 UTC,49.9595280206
2023-03-12 22:22:00.000000 UTC,53.545203731
2023-03-12 22:23:00.000000 UTC,50.4317239248
2023-03-12 22:24:00.000000 UTC,50.6608204528
2023-03-12 22:25:00.000000 UTC,59.2798279714
2023-03-12 22:26:00.000000 UTC,64.0912362268
2023-03-12 22:27:00.000000 UTC,61.0159164746
2023-03-12 22:28:00.000000 UTC,60.068439941
2023-03-12 22:29:00.000000 UTC,63.4803953658
2023-03-12 22:30:00.000000 UTC,67.2300489182
2023-03-12 22:31:00.000000 UTC,70.90133821660001
2023-03-12 22:32:00.000000 UTC,73.84170260675
2023-03-12 22:33:00.000000 UTC,73.7262806544
2023-03-12 22:34:00.000000 UTC,69.1082616854
2023-03-12 22:35:00.000000 UTC,67.7313448596
2023-03-12 22:36:00.000000 UTC,72.030152829
2023-03-12 22:37:00.000000 UTC,66.859907645
2023-03-12 22:38:00.000000 UTC,60.781646310599996
2023-03-12 22:39:00.000000 UTC,59.093738677199994
2023-03-12 22:40:00.000000 UTC,57.6531220566
2023-03-12 22:41:00.000000 UTC,58.126496025
2023-03-12 22:42:00.000000 UTC,57.2771585894
2023-03-12 22:43:00.000000 UTC,56.322410981400004
2023-03-12 22:44:00.000000 UTC,53.80829882
2023-03-12 22:45:00.000000 UTC,53.8209253524
2023-03-12 22:46:00.000000 UTC,56.3383793596
2023-03-12 22:47:00.000000 UTC,51.9122995684
2023-03-12 22:48:00.000000 UTC,52.0979699354
2023-03-12 22:49:00.000000 UTC,50.900261538
2023-03-12 22:50:00.000000 UTC,51.597810024800005
2023-03-12 22:51:00.000000 UTC,50.327688323400004
2023-03-12 22:52:00.000000 UTC,49.9845737506
2023-03-12 22:53:00.000000 UTC,51.085902388
2023-03-12 22:54:00.000000 UTC,50.261716761
2023-03-12 22:55:00.000000 UTC,49.7162076782
2023-03-12 22:56:00.000000 UTC,48.885500522
2023-03-12 22:57:00.000000 UTC,53.5127408146
2023-03-12 22:58:00.000000 UTC,55.691377973
2023-03-12 22:59:00.000000 UTC,55.9288857706
2023-03-12 23:00:00.000000 UTC,54.2859888676
2023-03-12 23:01:00.000000 UTC,53.5704915014
2023-03-12 23:02:00.000000 UTC,48.0133801894
2023-03-12 23:03:00.000000 UTC,47.4507381195
2023-03-12 23:04:00.000000 UTC,46.77818664
2023-03-12 23:05:00.000000 UTC,43.1590663108
2023-03-12 23:06:00.000000 UTC,41.345963924
2023-03-12 23:07:00.000000 UTC,39.096359091666663
2023-03-12 23:08:00.000000 UTC,44.860799782
2023-03-12 23:09:00.000000 UTC,43.6336551756
2023-03-12 23:10:00.000000 UTC,41.62474612925
2023-03-12 23:11:00.000000 UTC,43.707634079
2023-03-12 23:12:00.000000 UTC,43.507164338
2023-03-12 23:13:00.000000 UTC,42.5932062846
2023-03-12 23:14:00.000000 UTC,42.9398316776
2023-03-12 23:15:00.000000 UTC,41.6867582812
2023-03-12 23:16:00.000000 UTC,42.8660510562
2023-03-12 23:17:00.000000 UTC,40.4674404452
2023-03-12 23:18:00.000000 UTC,38.3050093048
2023-03-12 23:19:00.000000 UTC,36.392358521199995
2023-03-12 23:20:00.000000 UTC,37.1964697618
2023-03-12 23:21:00.000000 UTC,37.674893499599996
2023-03-12 23:22:00.000000 UTC,38.2562401494
2023-03-12 23:23:00.000000 UTC,37.900748046400004
2023-03-12 23:24:00.000000 UTC,36.9319611828
2023-03-12 23:25:00.000000 UTC,35.3084842592
2023-03-12 23:26:00.000000 UTC,35.310611548400004
2023-03-12 23:27:00.000000 UTC,36.1947277372
2023-03-12 23:28:00.000000 UTC,36.405551137
2023-03-12 23:29:00.000000 UTC,35.362538915
2023-03-12 23:30:00.000000 UTC,36.8675238994
2023-03-12 23:31:00.000000 UTC,42.7521296446
2023-03-12 23:32:00.000000 UTC,40.365016293800004
2023-03-12 23:33:00.000000 UTC,39.8764013272
2023-03-12 23:34:00.000000 UTC,42.8107077358
2023-03-12 23:35:00.000000 UTC,41.7560848372
2023-03-12 23:36:00.000000 UTC,44.366160619599995
2023-03-12 23:37:00.000000 UTC,40.5652514056
2023-03-12 23:38:00.000000 UTC,37.4505205236
2023-03-12 23:39:00.000000 UTC,36.8133294342
2023-03-12 23:40:00.000000 UTC,37.605629957
2023-03-12 23:41:00.000000 UTC,36.1954838996
2023-03-12 23:42:00.000000 UTC,36.804582294800007
2023-03-12 23:43:00.000000 UTC,35.705797063199995
2023-03-12 23:44:00.000000 UTC,34.9727606566
2023-03-12 23:45:00.000000 UTC,39.181014849
2023-03-12 23:46:00.000000 UTC,43.471886046
2023-03-12 23:47:00.000000 UTC,41.529933863400004
2023-03-12 23:48:00.000000 UTC,43.799934818800004
2023-03-12 23:49:00.000000 UTC,41.5334096858
2023-03-12 23:50:00.000000 UTC,42.6799713176
2023-03-12 23:51:00.000000 UTC,42.9750005125
2023-03-12 23:52:00.000000 UTC,41.4713189968
2023-03-12 23:53:00.000000 UTC,38.0846322974
2023-03-12 23:54:00.000000 UTC,36.5322437706
2023-03-12 23:55:00.000000 UTC,34.4147735444
2023-03-12 23:56:00.000000 UTC,36.0500363234
2023-03-12 23:57:00.000000 UTC,34.535654515
2023-03-12 23:58:00.000000 UTC,31.795068703400002
2023-03-12 23:59:00.000000 UTC,32.295102779
2023-03-13 00:00:00.000000 UTC,34.0816569096
2023-03-13 00:01:00.000000 UTC,37.119507680199995
2023-03-13 00:02:00.000000 UTC,38.0873158772
2023-03-13 00:03:00.000000 UTC,42.708612686
2023-03-13 00:04:00.000000 UTC,43.5007362382
2023-03-13 00:05:00.000000 UTC,42.863646237199994
2023-03-13 00:06:00.000000 UTC,40.52556623
2023-03-13 00:07:00.000000 UTC,40.02467066675
2023-03-13 00:08:00.000000 UTC,38.927047903
2023-03-13 00:09:00.000000 UTC,37.2333317234
2023-03-13 00:10:00.000000 UTC,36.556567851400004
2023-03-13 00:11:00.000000 UTC,41.640880131
2023-03-13 00:12:00.000000 UTC,43.165981761400005
2023-03-13 00:13:00.000000 UTC,38.7455252138
2023-03-13 00:14:00.000000 UTC,34.398802177
2023-03-13 00:15:00.000000 UTC,36.444195066599995
2023-03-13 00:16:00.000000 UTC,35.042980316800005
2023-03-13 00:17:00.000000 UTC,33.34834237975
2023-03-13 00:18:00.000000 UTC,34.040457678
2023-03-13 00:19:00.000000 UTC,33.1621881226
2023-03-13 00:20:00.000000 UTC,36.4499524712
2023-03-13 00:21:00.000000 UTC,36.71697771725
2023-03-13 00:22:00.000000 UTC,38.7844155416
2023-03-13 00:23:00.000000 UTC,36.832126882199994
2023-03-13 00:24:00.000000 UTC,37.327179126199994
2023-03-13 00:25:00.000000 UTC,41.506028579
2023-03-13 00:26:00.000000 UTC,40.015934968
2023-03-13 00:27:00.000000 UTC,36.006339780800005
2023-03-13 00:28:00.000000 UTC,33.5121469532
2023-03-13 00:29:00.000000 UTC,33.0074606884
2023-03-13 00:30:00.000000 UTC,35.2210203506
2023-03-13 00:31:00.000000 UTC,34.135163192200004
2023-03-13 00:32:00.000000 UTC,32.741477247599995
2023-03-13 00:33:00.000000 UTC,31.6500332746
2023-03-13 00:34:00.000000 UTC,30.539617715400002
2023-03-13 00:35:00.000000 UTC,29.9773711008
2023-03-13 00:36:00.000000 UTC,29.227349194
2023-03-13 00:37:00.000000 UTC,30.082634972799998
2023-03-13 00:38:00.000000 UTC,32.57456209825
2023-03-13 00:39:00.000000 UTC,31.1228781638
2023-03-13 00:40:00.000000 UTC,29.640289072799998
2023-03-13 00:41:00.000000 UTC,30.3573200862
2023-03-13 00:42:00.000000 UTC,37.165997817199994
2023-03-13 00:43:00.000000 UTC,39.2784598144
2023-03-13 00:44:00.000000 UTC,40.15504148575
2023-03-13 00:45:00.000000 UTC,43.5094010608
2023-03-13 00:46:00.000000 UTC,41.171041452400004
2023-03-13 00:47:00.000000 UTC,39.8190718765
2023-03-13 00:48:00.000000 UTC,38.173811056199995
2023-03-13 00:49:00.000000 UTC,37.6228153348
2023-03-13 00:50:00.000000 UTC,37.358722351800004
2023-03-13 00:51:00.000000 UTC,34.866482863
2023-03-13 00:52:00.000000 UTC,34.370672499
2023-03-13 00:53:00.000000 UTC,34.6076155756
2023-03-13 00:54:00.000000 UTC,33.4079822112
2023-03-13 00:55:00.000000 UTC,31.4907183226
2023-03-13 00:56:00.000000 UTC,29.800844561
2023-03-13 00:57:00.000000 UTC,30.9150579708
2023-03-13 00:58:00.000000 UTC,29.8990971986
2023-03-13 00:59:00.000000 UTC,29.5820667418
2023-03-13 01:00:00.000000 UTC,29.6960259764
2023-03-13 01:01:00.000000 UTC,29.6813058818
2023-03-13 01:02:00.000000 UTC,31.9795795928
2023-03-13 01:03:00.000000 UTC,32.4601042384
2023-03-13 01:04:00.000000 UTC,31.5776295872
2023-03-13 01:05:00.000000 UTC,30.3429790908
2023-03-13 01:06:00.000000 UTC,30.345137553
2023-03-13 01:07:00.000000 UTC,30.883343106799998
2023-03-13 01:08:00.000000 UTC,30.180255373799998
2023-03-13 01:09:00.000000 UTC,30.1227248902
2023-03-13 01:10:00.000000 UTC,31.0396563354
2023-03-13 01:11:00.000000 UTC,31.603300363
2023-03-13 01:12:00.000000 UTC,31.538830158
2023-03-13 01:13:00.000000 UTC,29.3450143272
2023-03-13 01:14:00.000000 UTC,27.3231094828
2023-03-13 01:15:00.000000 UTC,28.018846280400002
2023-03-13 01:16:00.000000 UTC,30.944716696599997
2023-03-13 01:17:00.000000 UTC,30.410868827599998
2023-03-13 01:18:00.000000 UTC,27.568715663
2023-03-13 01:19:00.000000 UTC,26.660688098799998
2023-03-13 01:20:00.000000 UTC,29.362260468400002
2023-03-13 01:21:00.000000 UTC,30.210196976
2023-03-13 01:22:00.000000 UTC,28.692975276
2023-03-13 01:23:00.000000 UTC,26.419836255
2023-03-13 01:24:00.000000 UTC,25.7682513538
2023-03-13 01:25:00.000000 UTC,27.708899649400003
2023-03-13 01:26:00.000000 UTC,26.5760311578
2023-03-13 01:27:00.000000 UTC,25.706831093799998
2023-03-13 01:28:00.000000 UTC,24.4282326324
2023-03-13 01:29:00.000000 UTC,23.724338193799998
2023-03-13 01:30:00.000000 UTC,28.794117230799998
2023-03-13 01:31:00.000000 UTC,29.0371473708
2023-03-13 01:32:00.000000 UTC,25.2271858206
2023-03-13 01:33:00.000000 UTC,24.178532902599997
2023-03-13 01:34:00.000000 UTC,23.738325787599997
2023-03-13 01:35:00.000000 UTC,24.5091633394
2023-03-13 01:36:00.000000 UTC,25.0117955602
2023-03-13 01:37:00.000000 UTC,23.768992727
2023-03-13 01:38:00.000000 UTC,23.033702472599998
2023-03-13 01:39:00.000000 UTC,22.18556617
2023-03-13 01:40:00.000000 UTC,22.168319951599997
2023-03-13 01:41:00.000000 UTC,21.479617607799998
2023-03-13 01:42:00.000000 UTC,22.035758481200002
2023-03-13 01:43:00.000000 UTC,23.211339049400003
2023-03-13 01:44:00.000000 UTC,22.3624442956
2023-03-13 01:45:00.000000 UTC,22.0520663882
2023-03-13 01:46:00.000000 UTC,21.0478162954
2023-03-13 01:47:00.000000 UTC,22.5369443724
2023-03-13 01:48:00.000000 UTC,22.1913463408
2023-03-13 01:49:00.000000 UTC,22.2529067414
2023-03-13 01:50:00.000000 UTC,24.79950392175
2023-03-13 01:51:00.000000 UTC,26.3667177704
2023-03-13 01:52:00.000000 UTC,24.035287651
2023-03-13 01:53:00.000000 UTC,23.914944421
2023-03-13 01:54:00.000000 UTC,21.847882623
2023-03-13 01:55:00.000000 UTC,22.7459136734
2023-03-13 01:56:00.000000 UTC,21.3223879282
2023-03-13 01:57:00.000000 UTC,21.0335045046
2023-03-13 01:58:00.000000 UTC,20.542984299
2023-03-13 01:59:00.000000 UTC,19.6199520686
2023-03-13 02:00:00.000000 UTC,20.586505587799998
2023-03-13 02:01:00.000000 UTC,20.7203570386
2023-03-13 02:02:00.000000 UTC,19.7576747942
2023-03-13 02:03:00.000000 UTC,20.5563800726
2023-03-13 02:04:00.000000 UTC,20.3537950046
2023-03-13 02:05:00.000000 UTC,19.7835680576
2023-03-13 02:06:00.000000 UTC,20.1612416122
2023-03-13 02:07:00.000000 UTC,19.4775068058
2023-03-13 02:08:00.000000 UTC,19.2192376504
2023-03-13 02:09:00.000000 UTC,18.9748969354
2023-03-13 02:10:00.000000 UTC,19.7557877564
2023-03-13 02:11:00.000000 UTC,19.2539988476
2023-03-13 02:12:00.000000 UTC,18.813830039
2023-03-13 02:13:00.000000 UTC,18.6461758822
2023-03-13 02:14:00.000000 UTC,18.7237040906
2023-03-13 02:15:00.000000 UTC,18.726245067599997
2023-03-13 02:16:00.000000 UTC,19.0894818884
2023-03-13 02:17:00.000000 UTC,18.5280371512
2023-03-13 02:18:00.000000 UTC,19.626430478
2023-03-13 02:19:00.000000 UTC,18.9998079668
2023-03-13 02:20:00.000000 UTC,19.5053608822
2023-03-13 02:21:00.000000 UTC,18.492741289799998
2023-03-13 02:22:00.000000 UTC,19.2268283032
2023-03-13 02:23:00.000000 UTC,18.764151005400002
2023-03-13 02:24:00.000000 UTC,18.7684900125
2023-03-13 02:25:00.000000 UTC,20.075954283599998
2023-03-13 02:26:00.000000 UTC,19.716901927200002
2023-03-13 02:27:00.000000 UTC,19.974115231
2023-03-13 02:28:00.000000 UTC,20.3166443982
2023-03-13 02:29:00.000000 UTC,21.14684801625
2023-03-13 02:30:00.000000 UTC,24.1136284528
2023-03-13 02:31:00.000000 UTC,22.6236918866
2023-03-13 02:32:00.000000 UTC,21.916187096
2023-03-13 02:33:00.000000 UTC,21.515302168599998
2023-03-13 02:34:00.000000 UTC,22.22814114
2023-03-13 02:35:00.000000 UTC,21.615359219
2023-03-13 02:36:00.000000 UTC,21.2320688482
2023-03-13 02:37:00.000000 UTC,22.3322917386
2023-03-13 02:38:00.000000 UTC,21.3397456762
2023-03-13 02:39:00.000000 UTC,22.511056098
2023-03-13 02:40:00.000000 UTC,21.723327721599997
2023-03-13 02:41:00.000000 UTC,22.2572110946
2023-03-13 02:42:00.000000 UTC,22.309217830599998
2023-03-13 02:43:00.000000 UTC,23.318060915599997
2023-03-13 02:44:00.000000 UTC,23.009164845599997
2023-03-13 02:45:00.000000 UTC,22.5458294166
2023-03-13 02:46:00.000000 UTC,23.030600684
2023-03-13 02:47:00.000000 UTC,24.1071886564
2023-03-13 02:48:00.000000 UTC,23.314897732400002
2023-03-13 02:49:00.000000 UTC,22.294572687
2023-03-13 02:50:00.000000 UTC,22.648025548400003
2023-03-13 02:51:00.000000 UTC,23.0153674168
2023-03-13 02:52:00.000000 UTC,24.8170052775
2023-03-13 02:53:00.000000 UTC,25.8135585628
2023-03-13 02:54:00.000000 UTC,27.2068638138
2023-03-13 02:55:00.000000 UTC,28.9010838332
2023-03-13 02:56:00.000000 UTC,32.564505041400004
2023-03-13 02:57:00.000000 UTC,32.1921112036
2023-03-13 02:58:00.000000 UTC,27.451473322
2023-03-13 02:59:00.000000 UTC,25.0279348012
2023-03-13 03:00:00.000000 UTC,24.700887704
2023-03-13 03:01:00.000000 UTC,23.2958721608
2023-03-13 03:02:00.000000 UTC,22.637323566
2023-03-13 03:03:00.000000 UTC,21.8015099006
2023-03-13 03:04:00.000000 UTC,22.1923714124
2023-03-13 03:05:00.000000 UTC,22.60849285
2023-03-13 03:06:00.000000 UTC,24.111946917
2023-03-13 03:07:00.000000 UTC,26.1216518668
2023-03-13 03:08:00.000000 UTC,24.9088418342
2023-03-13 03:09:00.000000 UTC,24.1127909904
2023-03-13 03:10:00.000000 UTC,23.2841205544
2023-03-13 03:11:00.000000 UTC,22.442587076200002
2023-03-13 03:12:00.000000 UTC,23.8444582568
2023-03-13 03:13:00.000000 UTC,23.5108509424
2023-03-13 03:14:00.000000 UTC,21.4632282036
2023-03-13 03:15:00.000000 UTC,22.23977629725
2023-03-13 03:16:00.000000 UTC,22.633973364400003
2023-03-13 03:17:00.000000 UTC,21.2338589864
2023-03-13 03:18:00.000000 UTC,21.4069714114
2023-03-13 03:19:00.000000 UTC,21.547475765799998
2023-03-13 03:20:00.000000 UTC,20.9941249554
2023-03-13 03:21:00.000000 UTC,20.568933693
2023-03-13 03:22:00.000000 UTC,21.2769670214
2023-03-13 03:23:00.000000 UTC,21.5052199582
2023-03-13 03:24:00.000000 UTC,20.7567582878
2023-03-13 03:25:00.000000 UTC,19.7460257768
2023-03-13 03:26:00.000000 UTC,19.7847933616
2023-03-13 03:27:00.000000 UTC,19.0485458862
2023-03-13 03:28:00.000000 UTC,18.7014400138
2023-03-13 03:29:00.000000 UTC,19.211484938799998
2023-03-13 03:30:00.000000 UTC,20.9419153824
2023-03-13 03:31:00.000000 UTC,20.5101374152
2023-03-13 03:32:00.000000 UTC,19.7868846422
2023-03-13 03:33:00.000000 UTC,18.541324076
2023-03-13 03:34:00.000000 UTC,19.0025703214
2023-03-13 03:35:00.000000 UTC,18.4113955894
2023-03-13 03:36:00.000000 UTC,18.7334241628
2023-03-13 03:37:00.000000 UTC,19.8785195172
2023-03-13 03:38:00.000000 UTC,18.9310938085
2023-03-13 03:39:00.000000 UTC,18.585272582200002
2023-03-13 03:40:00.000000 UTC,18.5864761038
2023-03-13 03:41:00.000000 UTC,18.3373638302
2023-03-13 03:42:00.000000 UTC,18.302837633400003
2023-03-13 03:43:00.000000 UTC,17.915760388200002
2023-03-13 03:44:00.000000 UTC,17.798357234599997
2023-03-13 03:45:00.000000 UTC,17.699431204400003
2023-03-13 03:46:00.000000 UTC,18.195189005
2023-03-13 03:47:00.000000 UTC,19.117632586
2023-03-13 03:48:00.000000 UTC,18.5313512356
2023-03-13 03:49:00.000000 UTC,17.373512899
2023-03-13 03:50:00.000000 UTC,17.83704450975
2023-03-13 03:51:00.000000 UTC,21.3715568256
2023-03-13 03:52:00.000000 UTC,18.5298009536
2023-03-13 03:53:00.000000 UTC,18.3124259484
2023-03-13 03:54:00.000000 UTC,17.7425008704
2023-03-13 03:55:00.000000 UTC,17.0297939314
2023-03-13 03:56:00.000000 UTC,17.595890894
2023-03-13 03:57:00.000000 UTC,18.3034548522
2023-03-13 03:58:00.000000 UTC,16.9506299662
2023-03-13 03:59:00.000000 UTC,16.8404078208
2023-03-13 04:00:00.000000 UTC,17.758746529
2023-03-13 04:01:00.000000 UTC,17.6359786096
2023-03-13 04:02:00.000000 UTC,18.8918997335
2023-03-13 04:03:00.000000 UTC,18.2733130926
2023-03-13 04:04:00.000000 UTC,17.467157906
2023-03-13 04:05:00.000000 UTC,17.250770963
2023-03-13 04:06:00.000000 UTC,17.8452239762
2023-03-13 04:07:00.000000 UTC,17.8890656056
2023-03-13 04:08:00.000000 UTC,18.00595187
2023-03-13 04:09:00.000000 UTC,17.6484082018
2023-03-13 04:10:00.000000 UTC,17.5437213652
2023-03-13 04:11:00.000000 UTC,17.0947852274
2023-03-13 04:12:00.000000 UTC,16.444309818
2023-03-13 04:13:00.000000 UTC,16.3022743074
2023-03-13 04:14:00.000000 UTC,16.8133330306
2023-03-13 04:15:00.000000 UTC,17.116885709
2023-03-13 04:16:00.000000 UTC,16.401195479600002
2023-03-13 04:17:00.000000 UTC,18.023322358799998
2023-03-13 04:18:00.000000 UTC,17.9772066178
2023-03-13 04:19:00.000000 UTC,17.2397397616
2023-03-13 04:20:00.000000 UTC,18.046780964
2023-03-13 04:21:00.000000 UTC,16.5264590272
2023-03-13 04:22:00.000000 UTC,17.7949262752
2023-03-13 04:23:00.000000 UTC,18.578791295
2023-03-13 04:24:00.000000 UTC,18.2739428034
2023-03-13 04:25:00.000000 UTC,16.712345419200002
2023-03-13 04:26:00.000000 UTC,17.716780636400003
2023-03-13 04:27:00.000000 UTC,19.101614099400003
2023-03-13 04:28:00.000000 UTC,19.94702488425
2023-03-13 04:29:00.000000 UTC,19.7419969554
2023-03-13 04:30:00.000000 UTC,19.8232136128
2023-03-13 04:31:00.000000 UTC,19.531430407
2023-03-13 04:32:00.000000 UTC,17.810815634
2023-03-13 04:33:00.000000 UTC,17.529721691400002
2023-03-13 04:34:00.000000 UTC,16.7486053654
2023-03-13 04:35:00.000000 UTC,17.0201998972
2023-03-13 04:36:00.000000 UTC,16.3921564874
2023-03-13 04:37:00.000000 UTC,17.7810214438
2023-03-13 04:38:00.000000 UTC,16.8487721954
2023-03-13 04:39:00.000000 UTC,17.2386464004
2023-03-13 04:40:00.000000 UTC,16.853313778
2023-03-13 04:41:00.000000 UTC,18.0323244454
2023-03-13 04:42:00.000000 UTC,16.5702916812
2023-03-13 04:43:00.000000 UTC,16.2075432328
2023-03-13 04:44:00.000000 UTC,16.243142075399998
2023-03-13 04:45:00.000000 UTC,18.3829722622
2023-03-13 04:46:00.000000 UTC,18.0616566788
2023-03-13 04:47:00.000000 UTC,18.637162622
2023-03-13 04:48:00.000000 UTC,18.8214465728
2023-03-13 04:49:00.000000 UTC,17.2439198842
2023-03-13 04:50:00.000000 UTC,17.1244279785
2023-03-13 04:51:00.000000 UTC,17.360161165
2023-03-13 04:52:00.000000 UTC,16.1537805328
2023-03-13 04:53:00.000000 UTC,17.5216784602
2023-03-13 04:54:00.000000 UTC,18.7992525476
2023-03-13 04:55:00.000000 UTC,19.0114026082
2023-03-13 04:56:00.000000 UTC,19.244776747400003
2023-03-13 04:57:00.000000 UTC,17.885276180400002
2023-03-13 04:58:00.000000 UTC,17.367307272599998
2023-03-13 04:59:00.000000 UTC,17.5307497678
2023-03-13 05:00:00.000000 UTC,17.139814348
2023-03-13 05:01:00.000000 UTC,17.4477686328
2023-03-13 05:02:00.000000 UTC,17.8595300492
2023-03-13 05:03:00.000000 UTC,17.406815279
2023-03-13 05:04:00.000000 UTC,17.0695386256
2023-03-13 05:05:00.000000 UTC,16.376789931
2023-03-13 05:06:00.000000 UTC,16.3169178032
2023-03-13 05:07:00.000000 UTC,16.6956264574
2023-03-13 05:08:00.000000 UTC,16.965023210600002
2023-03-13 05:09:00.000000 UTC,15.7942259642
2023-03-13 05:10:00.000000 UTC,16.1380179928
2023-03-13 05:11:00.000000 UTC,16.1533535832
2023-03-13 05:12:00.000000 UTC,15.6189569602
2023-03-13 05:13:00.000000 UTC,16.6642778838
2023-03-13 05:14:00.000000 UTC,16.8675060892
2023-03-13 05:15:00.000000 UTC,16.7540207262
2023-03-13 05:16:00.000000 UTC,15.872137751799999
2023-03-13 05:17:00.000000 UTC,16.852084992200002
2023-03-13 05:18:00.000000 UTC,17.3344974184
2023-03-13 05:19:00.000000 UTC,18.151093196
2023-03-13 05:20:00.000000 UTC,18.5476798884
2023-03-13 05:21:00.000000 UTC,18.6316379222
2023-03-13 05:22:00.000000 UTC,17.452037182599998
2023-03-13 05:23:00.000000 UTC,17.386889257
2023-03-13 05:24:00.000000 UTC,16.6293541426
2023-03-13 05:25:00.000000 UTC,18.714654063599998
2023-03-13 05:26:00.000000 UTC,18.023811106
2023-03-13 05:27:00.000000 UTC,17.1742954704
2023-03-13 05:28:00.000000 UTC,16.93996751
2023-03-13 05:29:00.000000 UTC,16.34363239
2023-03-13 05:30:00.000000 UTC,17.139031088
2023-03-13 05:31:00.000000 UTC,16.939372734
2023-03-13 05:32:00.000000 UTC,15.5683674562
2023-03-13 05:33:00.000000 UTC,16.026018105
2023-03-13 05:34:00.000000 UTC,15.5711513006
2023-03-13 05:35:00.000000 UTC,16.4409917684
2023-03-13 05:36:00.000000 UTC,16.4598412566
2023-03-13 05:37:00.000000 UTC,15.98898298
2023-03-13 05:38:00.000000 UTC,16.3102957322
2023-03-13 05:39:00.000000 UTC,15.8320073244
2023-03-13 05:40:00.000000 UTC,15.5016489552
2023-03-13 05:41:00.000000 UTC,15.6727533984
2023-03-13 05:42:00.000000 UTC,17.0723770018
2023-03-13 05:43:00.000000 UTC,15.8842962936
2023-03-13 05:44:00.000000 UTC,15.7380055036
2023-03-13 05:45:00.000000 UTC,15.8643041894
2023-03-13 05:46:00.000000 UTC,16.9456330386
2023-03-13 05:47:00.000000 UTC,16.4348893938
2023-03-13 05:48:00.000000 UTC,16.225936858
2023-03-13 05:49:00.000000 UTC,15.814932992600001
2023-03-13 05:50:00.000000 UTC,15.696129301200001
2023-03-13 05:51:00.000000 UTC,16.315608883
2023-03-13 05:52:00.000000 UTC,15.655295557399999
2023-03-13 05:53:00.000000 UTC,16.233489473200002
2023-03-13 05:54:00.000000 UTC,15.464082467
2023-03-13 05:55:00.000000 UTC,15.9619697304
2023-03-13 05:56:00.000000 UTC,15.7041501206
2023-03-13 05:57:00.000000 UTC,15.9596746226
2023-03-13 05:58:00.000000 UTC,16.687619902799998
2023-03-13 05:59:00.000000 UTC,15.961842241600001
2023-03-13 06:00:00.000000 UTC,17.4922622584
2023-03-13 06:01:00.000000 UTC,16.0900924226
2023-03-13 06:02:00.000000 UTC,15.8573340588
2023-03-13 06:03:00.000000 UTC,15.720108059600001
2023-03-13 06:04:00.000000 UTC,15.8390887914
2023-03-13 06:05:00.000000 UTC,15.602706119399999
2023-03-13 06:06:00.000000 UTC,15.8569976932
2023-03-13 06:07:00.000000 UTC,15.6291737938
2023-03-13 06:08:00.000000 UTC,15.4068360622
2023-03-13 06:09:00.000000 UTC,16.018097628
2023-03-13 06:10:00.000000 UTC,18.0231314756
2023-03-13 06:11:00.000000 UTC,16.0067128936
2023-03-13 06:12:00.000000 UTC,16.5470565488
2023-03-13 06:13:00.000000 UTC,15.882723094600001
2023-03-13 06:14:00.000000 UTC,16.174809676
2023-03-13 06:15:00.000000 UTC,17.0794198994
2023-03-13 06:16:00.000000 UTC,16.352522335
2023-03-13 06:17:00.000000 UTC,15.7886634372
2023-03-13 06:18:00.000000 UTC,17.8072758892
2023-03-13 06:19:00.000000 UTC,15.9686463034
2023-03-13 06:20:00.000000 UTC,15.861260053399999
2023-03-13 06:21:00.000000 UTC,17.214341304599998
2023-03-13 06:22:00.000000 UTC,16.2262631796
2023-03-13 06:23:00.000000 UTC,16.4321660804
2023-03-13 06:24:00.000000 UTC,16.2347141898
2023-03-13 06:25:00.000000 UTC,16.1266225202
2023-03-13 06:26:00.000000 UTC,16.2129656818
2023-03-13 06:27:00.000000 UTC,18.9299571728
2023-03-13 06:28:00.000000 UTC,17.7324220968
2023-03-13 06:29:00.000000 UTC,16.580063638200002
2023-03-13 06:30:00.000000 UTC,18.0652572538
2023-03-13 06:31:00.000000 UTC,16.9650923166
2023-03-13 06:32:00.000000 UTC,16.7996522636
2023-03-13 06:33:00.000000 UTC,16.4046959595
2023-03-13 06:34:00.000000 UTC,16.5650547998
2023-03-13 06:35:00.000000 UTC,15.4916040582
2023-03-13 06:36:00.000000 UTC,15.3862258892
2023-03-13 06:37:00.000000 UTC,15.714011885
2023-03-13 06:38:00.000000 UTC,16.7462663148
2023-03-13 06:39:00.000000 UTC,15.700348677600001
2023-03-13 06:40:00.000000 UTC,15.7452990046
2023-03-13 06:41:00.000000 UTC,16.161314792200002
2023-03-13 06:42:00.000000 UTC,14.9350575258
2023-03-13 06:43:00.000000 UTC,15.47465912625
2023-03-13 06:44:00.000000 UTC,15.5554982946
2023-03-13 06:45:00.000000 UTC,15.5444538996
2023-03-13 06:46:00.000000 UTC,15.427512415799999
2023-03-13 06:47:00.000000 UTC,15.7180097966
2023-03-13 06:48:00.000000 UTC,16.562422823200002
2023-03-13 06:49:00.000000 UTC,17.250670255400003
2023-03-13 06:50:00.000000 UTC,16.6395225458
2023-03-13 06:51:00.000000 UTC,16.149059948799998
2023-03-13 06:52:00.000000 UTC,18.6357170928
2023-03-13 06:53:00.000000 UTC,17.671174235200002
2023-03-13 06:54:00.000000 UTC,18.4368446912
2023-03-13 06:55:00.000000 UTC,18.9345576172
2023-03-13 06:56:00.000000 UTC,17.667272955599998
2023-03-13 06:57:00.000000 UTC,17.247268525400003
2023-03-13 06:58:00.000000 UTC,18.1423351635
2023-03-13 06:59:00.000000 UTC,19.2141009404
2023-03-13 07:00:00.000000 UTC,20.3252015026
2023-03-13 07:01:00.000000 UTC,22.9238405996
2023-03-13 07:02:00.000000 UTC,20.2576710728
2023-03-13 07:03:00.000000 UTC,19.437890625799998
2023-03-13 07:04:00.000000 UTC,19.3760159038
2023-03-13 07:05:00.000000 UTC,18.480496247
2023-03-13 07:06:00.000000 UTC,17.9859964966
2023-03-13 07:07:00.000000 UTC,18.236512474599998
2023-03-13 07:08:00.000000 UTC,17.770119602599998
2023-03-13 07:09:00.000000 UTC,17.3619456668
2023-03-13 07:10:00.000000 UTC,16.899246083
2023-03-13 07:11:00.000000 UTC,16.5959782746
2023-03-13 07:12:00.000000 UTC,17.756427760799998
2023-03-13 07:13:00.000000 UTC,17.1101140116
2023-03-13 07:14:00.000000 UTC,17.2641574576
2023-03-13 07:15:00.000000 UTC,16.6309323914
2023-03-13 07:16:00.000000 UTC,16.078040522600002
2023-03-13 07:17:00.000000 UTC,17.1007511818
2023-03-13 07:18:00.000000 UTC,16.6049894404
2023-03-13 07:19:00.000000 UTC,18.9143619446
2023-03-13 07:20:00.000000 UTC,17.433118608
2023-03-13 07:21:00.000000 UTC,16.9527892608
2023-03-13 07:22:00.000000 UTC,17.2010719604
2023-03-13 07:23:00.000000 UTC,17.9458748476
2023-03-13 07:24:00.000000 UTC,19.0252100978
2023-03-13 07:25:00.000000 UTC,19.457888582
2023-03-13 07:26:00.000000 UTC,19.881490504400002
2023-03-13 07:27:00.000000 UTC,20.562204271200002
2023-03-13 07:28:00.000000 UTC,19.8464923484
2023-03-13 07:29:00.000000 UTC,19.1193156462
2023-03-13 07:30:00.000000 UTC,19.4065993132
2023-03-13 07:31:00.000000 UTC,19.4701812212
2023-03-13 07:32:00.000000 UTC,18.528320364
2023-03-13 07:33:00.000000 UTC,18.721769903
2023-03-13 07:34:00.000000 UTC,18.046267154400002
2023-03-13 07:35:00.000000 UTC,17.455961876
2023-03-13 07:36:00.000000 UTC,17.526330219
2023-03-13 07:37:00.000000 UTC,17.552589356
2023-03-13 07:38:00.000000 UTC,17.910633939599997
2023-03-13 07:39:00.000000 UTC,17.5588126978
2023-03-13 07:40:00.000000 UTC,17.748183186400002
2023-03-13 07:41:00.000000 UTC,17.5035700826
2023-03-13 07:42:00.000000 UTC,17.5638191268
2023-03-13 07:43:00.000000 UTC,18.9025478028
2023-03-13 07:44:00.000000 UTC,17.803946505
2023-03-13 07:45:00.000000 UTC,17.4200451152
2023-03-13 07:46:00.000000 UTC,17.431915816
2023-03-13 07:47:00.000000 UTC,16.659377658
2023-03-13 07:48:00.000000 UTC,17.140545953
2023-03-13 07:49:00.000000 UTC,17.684317325400002
2023-03-13 07:50:00.000000 UTC,17.515274344
2023-03-13 07:51:00.000000 UTC,17.625810859
2023-03-13 07:52:00.000000 UTC,18.422218951799998
2023-03-13 07:53:00.000000 UTC,17.7063216956
2023-03-13 07:54:00.000000 UTC,18.250050260200002
2023-03-13 07:55:00.000000 UTC,18.2952675958
2023-03-13 07:56:00.000000 UTC,17.9402414732
2023-03-13 07:57:00.000000 UTC,16.925761277
2023-03-13 07:58:00.000000 UTC,16.8988857202
2023-03-13 07:59:00.000000 UTC,16.6577251356
2023-03-13 08:00:00.000000 UTC,21.543046191
2023-03-13 08:01:00.000000 UTC,21.0454054492
2023-03-13 08:02:00.000000 UTC,20.095312985
2023-03-13 08:03:00.000000 UTC,21.4497308298
2023-03-13 08:04:00.000000 UTC,21.84394235
2023-03-13 08:05:00.000000 UTC,21.388299922599998
2023-03-13 08:06:00.000000 UTC,20.172647089599998
2023-03-13 08:07:00.000000 UTC,19.777253431400002
2023-03-13 08:08:00.000000 UTC,19.611696711599997
2023-03-13 08:09:00.000000 UTC,19.5721208462
2023-03-13 08:10:00.000000 UTC,19.10915822
2023-03-13 08:11:00.000000 UTC,19.815391926
2023-03-13 08:12:00.000000 UTC,18.0595074626
2023-03-13 08:13:00.000000 UTC,17.0816285828
2023-03-13 08:14:00.000000 UTC,16.944690351600002
2023-03-13 08:15:00.000000 UTC,16.291785638
2023-03-13 08:16:00.000000 UTC,16.4143989894
2023-03-13 08:17:00.000000 UTC,16.3521604332
2023-03-13 08:18:00.000000 UTC,16.2513410688
2023-03-13 08:19:00.000000 UTC,16.2353307516
2023-03-13 08:20:00.000000 UTC,16.662561445
2023-03-13 08:21:00.000000 UTC,16.277695005200002
2023-03-13 08:22:00.000000 UTC,16.287702844200002
2023-03-13 08:23:00.000000 UTC,16.0376817428
2023-03-13 08:24:00.000000 UTC,15.7221522396
2023-03-13 08:25:00.000000 UTC,16.1716840066
2023-03-13 08:26:00.000000 UTC,16.4297930074
2023-03-13 08:27:00.000000 UTC,16.1921797636
2023-03-13 08:28:00.000000 UTC,17.528109009799998
2023-03-13 08:29:00.000000 UTC,17.0699796622
2023-03-13 08:30:00.000000 UTC,18.279028681
2023-03-13 08:31:00.000000 UTC,18.007793662799997
2023-03-13 08:32:00.000000 UTC,17.4255373174
2023-03-13 08:33:00.000000 UTC,16.2075044556
2023-03-13 08:34:00.000000 UTC,15.9028204278
2023-03-13 08:35:00.000000 UTC,15.9380990502
2023-03-13 08:36:00.000000 UTC,16.3512694952
2023-03-13 08:37:00.000000 UTC,15.5326770258
2023-03-13 08:38:00.000000 UTC,16.0119596072
2023-03-13 08:39:00.000000 UTC,17.776017635200002
2023-03-13 08:40:00.000000 UTC,18.179169801
2023-03-13 08:41:00.000000 UTC,16.3588471194
2023-03-13 08:42:00.000000 UTC,15.9336021984
2023-03-13 08:43:00.000000 UTC,15.6606697522
2023-03-13 08:44:00.000000 UTC,17.230234716400002
2023-03-13 08:45:00.000000 UTC,17.905300033400003
2023-03-13 08:46:00.000000 UTC,19.4555457048
2023-03-13 08:47:00.000000 UTC,18.911982886599997
2023-03-13 08:48:00.000000 UTC,18.4727849522
2023-03-13 08:49:00.000000 UTC,19.00752857975
2023-03-13 08:50:00.000000 UTC,19.443606021
2023-03-13 08:51:00.000000 UTC,19.2804253688
2023-03-13 08:52:00.000000 UTC,20.1300693072
2023-03-13 08:53:00.000000 UTC,19.7470273002
2023-03-13 08:54:00.000000 UTC,20.619044151
2023-03-13 08:55:00.000000 UTC,19.8502646604
2023-03-13 08:56:00.000000 UTC,19.0989971226
2023-03-13 08:57:00.000000 UTC,18.754574301799998
2023-03-13 08:58:00.000000 UTC,17.9818570086
2023-03-13 08:59:00.000000 UTC,18.0492575508
2023-03-13 09:00:00.000000 UTC,18.5813947404
2023-03-13 09:01:00.000000 UTC,19.70202997425
2023-03-13 09:02:00.000000 UTC,19.8484123544
2023-03-13 09:03:00.000000 UTC,20.379560695
2023-03-13 09:04:00.000000 UTC,21.9969929918
2023-03-13 09:05:00.000000 UTC,24.0952674148
2023-03-13 09:06:00.000000 UTC,22.9266638708
2023-03-13 09:07:00.000000 UTC,21.318815402400002
2023-03-13 09:08:00.000000 UTC,19.2719745008
2023-03-13 09:09:00.000000 UTC,19.283870508
2023-03-13 09:10:00.000000 UTC,18.355956892400002
2023-03-13 09:11:00.000000 UTC,18.8661579746
2023-03-13 09:12:00.000000 UTC,18.2978710678
2023-03-13 09:13:00.000000 UTC,20.40508343875
2023-03-13 09:14:00.000000 UTC,20.1605333276
2023-03-13 09:15:00.000000 UTC,20.321498031599997
2023-03-13 09:16:00.000000 UTC,20.371425926599997
2023-03-13 09:17:00.000000 UTC,18.6366294458
2023-03-13 09:18:00.000000 UTC,17.3971747556
2023-03-13 09:19:00.000000 UTC,17.3975864198
2023-03-13 09:20:00.000000 UTC,18.8410771856
2023-03-13 09:21:00.000000 UTC,19.2005024274
2023-03-13 09:22:00.000000 UTC,17.2979824284
2023-03-13 09:23:00.000000 UTC,18.250957081
2023-03-13 09:24:00.000000 UTC,18.295326245
2023-03-13 09:25:00.000000 UTC,18.885983405599998
2023-03-13 09:26:00.000000 UTC,18.149351585799998
2023-03-13 09:27:00.000000 UTC,18.094128349200002
2023-03-13 09:28:00.000000 UTC,18.700218087400003
2023-03-13 09:29:00.000000 UTC,20.1002977848
2023-03-13 09:30:00.000000 UTC,25.767596057
2023-03-13 09:31:00.000000 UTC,26.991102794
2023-03-13 09:32:00.000000 UTC,27.481157769400003
2023-03-13 09:33:00.000000 UTC,28.082242154
2023-03-13 09:34:00.000000 UTC,28.9144484495
2023-03-13 09:35:00.000000 UTC,30.0502907292
2023-03-13 09:36:00.000000 UTC,29.7234032904
2023-03-13 09:37:00.000000 UTC,31.1067176728
2023-03-13 09:38:00.000000 UTC,31.511841950599997
2023-03-13 09:39:00.000000 UTC,34.672960927800005
2023-03-13 09:40:00.000000 UTC,34.7476842784
2023-03-13 09:41:00.000000 UTC,37.67360330925
2023-03-13 09:42:00.000000 UTC,36.242966535
2023-03-13 09:43:00.000000 UTC,32.7369350724
2023-03-13 09:44:00.000000 UTC,30.8187477168
2023-03-13 09:45:00.000000 UTC,28.4743939338
2023-03-13 09:46:00.000000 UTC,27.832822827799998
2023-03-13 09:47:00.000000 UTC,28.1334413958
2023-03-13 09:48:00.000000 UTC,27.913217623599998
2023-03-13 09:49:00.000000 UTC,25.9782661996
2023-03-13 09:50:00.000000 UTC,25.7694423168
2023-03-13 09:51:00.000000 UTC,25.425320533599997
2023-03-13 09:52:00.000000 UTC,26.739448863
2023-03-13 09:53:00.000000 UTC,25.6586788798
2023-03-13 09:54:00.000000 UTC,23.263739368400003
2023-03-13 09:55:00.000000 UTC,22.690884012799998
2023-03-13 09:56:00.000000 UTC,28.192248196
2023-03-13 09:57:00.000000 UTC,27.464388462200002
2023-03-13 09:58:00.000000 UTC,25.4496241862
2023-03-13 09:59:00.000000 UTC,25.715229589
2023-03-13 10:00:00.000000 UTC,27.314038185
2023-03-13 10:01:00.000000 UTC,27.3083274594
2023-03-13 10:02:00.000000 UTC,25.3611933912
2023-03-13 10:03:00.000000 UTC,23.816793535
2023-03-13 10:04:00.000000 UTC,23.4941147256
2023-03-13 10:05:00.000000 UTC,23.671292597
2023-03-13 10:06:00.000000 UTC,22.729809621799998
2023-03-13 10:07:00.000000 UTC,21.97093761
2023-03-13 10:08:00.000000 UTC,21.0885011426
2023-03-13 10:09:00.000000 UTC,21.5041994148
2023-03-13 10:10:00.000000 UTC,20.8340444026
2023-03-13 10:11:00.000000 UTC,20.602269081400003
2023-03-13 10:12:00.000000 UTC,21.827354006
2023-03-13 10:13:00.000000 UTC,21.7921342534
2023-03-13 10:14:00.000000 UTC,20.226682367400002
2023-03-13 10:15:00.000000 UTC,21.8948171158
2023-03-13 10:16:00.000000 UTC,23.1611097902
2023-03-13 10:17:00.000000 UTC,21.225819139
2023-03-13 10:18:00.000000 UTC,21.759353095
2023-03-13 10:19:00.000000 UTC,22.4211632794
2023-03-13 10:20:00.000000 UTC,21.5560457946
2023-03-13 10:21:00.000000 UTC,20.780809172799998
2023-03-13 10:22:00.000000 UTC,19.80330981
2023-03-13 10:23:00.000000 UTC,19.4036804212
2023-03-13 10:24:00.000000 UTC,18.471376179
2023-03-13 10:25:00.000000 UTC,20.757774804
2023-03-13 10:26:00.000000 UTC,20.8017540806
2023-03-13 10:27:00.000000 UTC,19.806114880400003
2023-03-13 10:28:00.000000 UTC,20.421676727799998
2023-03-13 10:29:00.000000 UTC,20.403104496599997
2023-03-13 10:30:00.000000 UTC,21.8226045012
2023-03-13 10:31:00.000000 UTC,22.133837359799998
2023-03-13 10:32:00.000000 UTC,22.394483049
2023-03-13 10:33:00.000000 UTC,24.3237634232
2023-03-13 10:34:00.000000 UTC,24.613630427599997
2023-03-13 10:35:00.000000 UTC,23.69336690775
2023-03-13 10:36:00.000000 UTC,23.146939462
2023-03-13 10:37:00.000000 UTC,23.420759729599997
2023-03-13 10:38:00.000000 UTC,24.788821063599997
2023-03-13 10:39:00.000000 UTC,28.692374054
2023-03-13 10:40:00.000000 UTC,26.2722907058
2023-03-13 10:41:00.000000 UTC,23.3316345445
2023-03-13 10:42:00.000000 UTC,21.7882306264
2023-03-13 10:43:00.000000 UTC,20.1442015472
2023-03-13 10:44:00.000000 UTC,18.891776698599998
2023-03-13 10:45:00.000000 UTC,18.6340004138
2023-03-13 10:46:00.000000 UTC,18.3568226494
2023-03-13 10:47:00.000000 UTC,17.478741795799998
2023-03-13 10:48:00.000000 UTC,17.614917584
2023-03-13 10:49:00.000000 UTC,17.956120201
2023-03-13 10:50:00.000000 UTC,17.207401860599997
2023-03-13 10:51:00.000000 UTC,16.842413838200002
2023-03-13 10:52:00.000000 UTC,17.011219829799998
2023-03-13 10:53:00.000000 UTC,17.7612923348
2023-03-13 10:54:00.000000 UTC,19.364152874400002
2023-03-13 10:55:00.000000 UTC,17.926589166
2023-03-13 10:56:00.000000 UTC,18.4688867252
2023-03-13 10:57:00.000000 UTC,17.6771684388
2023-03-13 10:58:00.000000 UTC,18.4823662368
2023-03-13 10:59:00.000000 UTC,17.756526414400003
2023-03-13 11:00:00.000000 UTC,18.2637821778
2023-03-13 11:01:00.000000 UTC,19.2801536662
2023-03-13 11:02:00.000000 UTC,19.6170926346
2023-03-13 11:03:00.000000 UTC,19.050664034
2023-03-13 11:04:00.000000 UTC,20.279603886599997
2023-03-13 11:05:00.000000 UTC,18.481737855400002
2023-03-13 11:06:00.000000 UTC,18.095416778
2023-03-13 11:07:00.000000 UTC,17.703806709
2023-03-13 11:08:00.000000 UTC,18.835282279799998
2023-03-13 11:09:00.000000 UTC,19.119626526599998
2023-03-13 11:10:00.000000 UTC,20.1159608792
2023-03-13 11:11:00.000000 UTC,19.302397821400003
2023-03-13 11:12:00.000000 UTC,17.631322181
2023-03-13 11:13:00.000000 UTC,17.345321992
2023-03-13 11:14:00.000000 UTC,17.321257143
2023-03-13 11:15:00.000000 UTC,17.0666378242
2023-03-13 11:16:00.000000 UTC,17.021157791
2023-03-13 11:17:00.000000 UTC,16.5464993588
2023-03-13 11:18:00.000000 UTC,16.3423489024
2023-03-13 11:19:00.000000 UTC,16.287379683
2023-03-13 11:20:00.000000 UTC,17.8516524744
2023-03-13 11:21:00.000000 UTC,17.28579304
2023-03-13 11:22:00.000000 UTC,16.7086111186
2023-03-13 11:23:00.000000 UTC,15.861262157799999
2023-03-13 11:24:00.000000 UTC,16.1545398956
2023-03-13 11:25:00.000000 UTC,15.6627965876
2023-03-13 11:26:00.000000 UTC,15.2106238632
2023-03-13 11:27:00.000000 UTC,16.7069695832
2023-03-13 11:28:00.000000 UTC,16.062268745
2023-03-13 11:29:00.000000 UTC,15.8280382004
2023-03-13 11:30:00.000000 UTC,19.915811581
2023-03-13 11:31:00.000000 UTC,22.6140688038
2023-03-13 11:32:00.000000 UTC,23.495913256799998
2023-03-13 11:33:00.000000 UTC,24.105250897599998
2023-03-13 11:34:00.000000 UTC,23.69293258
2023-03-13 11:35:00.000000 UTC,22.772736041799998
2023-03-13 11:36:00.000000 UTC,21.0171281028
2023-03-13 11:37:00.000000 UTC,20.2165766256
2023-03-13 11:38:00.000000 UTC,19.2815548866
2023-03-13 11:39:00.000000 UTC,20.3493073858
2023-03-13 11:40:00.000000 UTC,20.709319532400002
2023-03-13 11:41:00.000000 UTC,21.5034430175
2023-03-13 11:42:00.000000 UTC,20.04813275
2023-03-13 11:43:00.000000 UTC,19.161125418599998
2023-03-13 11:44:00.000000 UTC,18.5068700526
2023-03-13 11:45:00.000000 UTC,18.3501632348
2023-03-13 11:46:00.000000 UTC,18.678057840599998
2023-03-13 11:47:00.000000 UTC,17.1406945532
2023-03-13 11:48:00.000000 UTC,18.487502522
2023-03-13 11:49:00.000000 UTC,18.0914874876
2023-03-13 11:50:00.000000 UTC,17.686651561
2023-03-13 11:51:00.000000 UTC,17.1168701348
2023-03-13 11:52:00.000000 UTC,16.4079429094
2023-03-13 11:53:00.000000 UTC,16.357884486
2023-03-13 11:54:00.000000 UTC,17.231472838
2023-03-13 11:55:00.000000 UTC,17.549311746
2023-03-13 11:56:00.000000 UTC,17.0014817276
2023-03-13 11:57:00.000000 UTC,17.0039585794
2023-03-13 11:58:00.000000 UTC,17.632596416400002
2023-03-13 11:59:00.000000 UTC,16.070058288200002
2023-03-13 12:00:00.000000 UTC,17.7444895004
2023-03-13 12:01:00.000000 UTC,19.1446345026
2023-03-13 12:02:00.000000 UTC,18.1559032322
2023-03-13 12:03:00.000000 UTC,17.6600278518
2023-03-13 12:04:00.000000 UTC,17.0864130185
2023-03-13 12:05:00.000000 UTC,19.027816188400003
2023-03-13 12:06:00.000000 UTC,19.5068056866
2023-03-13 12:07:00.000000 UTC,19.615481846
2023-03-13 12:08:00.000000 UTC,19.260429580599997
2023-03-13 12:09:00.000000 UTC,19.340432628200002
2023-03-13 12:10:00.000000 UTC,18.2435268024
2023-03-13 12:11:00.000000 UTC,18.362495784
2023-03-13 12:12:00.000000 UTC,18.5618378944
2023-03-13 12:13:00.000000 UTC,19.8525209562
2023-03-13 12:14:00.000000 UTC,19.435696512
2023-03-13 12:15:00.000000 UTC,19.423528222599998
2023-03-13 12:16:00.000000 UTC,19.9482875038
2023-03-13 12:17:00.000000 UTC,21.1869978162
2023-03-13 12:18:00.000000 UTC,19.7517229736
2023-03-13 12:19:00.000000 UTC,19.5808944866
2023-03-13 12:20:00.000000 UTC,19.0666231658
2023-03-13 12:21:00.000000 UTC,18.396630045400002
2023-03-13 12:22:00.000000 UTC,20.2617658712
2023-03-13 12:23:00.000000 UTC,20.027568914
2023-03-13 12:24:00.000000 UTC,19.4566735222
2023-03-13 12:25:00.000000 UTC,19.643508049599998
2023-03-13 12:26:00.000000 UTC,20.103690120400003
2023-03-13 12:27:00.000000 UTC,20.4712496372
2023-03-13 12:28:00.000000 UTC,20.2372957888
2023-03-13 12:29:00.000000 UTC,19.898236077
2023-03-13 12:30:00.000000 UTC,20.800596635599998
2023-03-13 12:31:00.000000 UTC,19.851556505799998
2023-03-13 12:32:00.000000 UTC,19.32908216125
2023-03-13 12:33:00.000000 UTC,22.341472135
2023-03-13 12:34:00.000000 UTC,20.9836244144
2023-03-13 12:35:00.000000 UTC,21.9707797616
2023-03-13 12:36:00.000000 UTC,20.807701342599998
2023-03-13 12:37:00.000000 UTC,20.089695981200002
2023-03-13 12:38:00.000000 UTC,19.7957662936
2023-03-13 12:39:00.000000 UTC,20.761177128
2023-03-13 12:40:00.000000 UTC,20.1264949676
2023-03-13 12:41:00.000000 UTC,19.51019822
2023-03-13 12:42:00.000000 UTC,18.8138467506
2023-03-13 12:43:00.000000 UTC,19.201395492400003
2023-03-13 12:44:00.000000 UTC,19.474712708200002
2023-03-13 12:45:00.000000 UTC,19.9453741166
2023-03-13 12:46:00.000000 UTC,19.1912507632
2023-03-13 12:47:00.000000 UTC,19.8968620785
2023-03-13 12:48:00.000000 UTC,19.969855978400002
2023-03-13 12:49:00.000000 UTC,19.538408022
2023-03-13 12:50:00.000000 UTC,19.35807781225
2023-03-13 12:51:00.000000 UTC,20.259641432200002
2023-03-13 12:52:00.000000 UTC,19.519359377
2023-03-13 12:53:00.000000 UTC,19.3705074012
2023-03-13 12:54:00.000000 UTC,18.6930168152
2023-03-13 12:55:00.000000 UTC,18.892834134599997
2023-03-13 12:56:00.000000 UTC,18.334173850400003
2023-03-13 12:57:00.000000 UTC,19.28886722075
2023-03-13 12:58:00.000000 UTC,19.782014348599997
2023-03-13 12:59:00.000000 UTC,19.7298109364
2023-03-13 13:00:00.000000 UTC,23.09853809
2023-03-13 13:01:00.000000 UTC,23.629926293599997
2023-03-13 13:02:00.000000 UTC,24.450862407
2023-03-13 13:03:00.000000 UTC,26.7070994892
2023-03-13 13:04:00.000000 UTC,27.805846661
2023-03-13 13:05:00.000000 UTC,30.0722107272
2023-03-13 13:06:00.000000 UTC,30.355598267799998
2023-03-13 13:07:00.000000 UTC,28.3687513066
2023-03-13 13:08:00.000000 UTC,28.086474077
2023-03-13 13:09:00.000000 UTC,28.0819075202
2023-03-13 13:10:00.000000 UTC,27.561395895599997
2023-03-13 13:11:00.000000 UTC,25.8843066566
2023-03-13 13:12:00.000000 UTC,25.617097681
2023-03-13 13:13:00.000000 UTC,28.176091368799998
2023-03-13 13:14:00.000000 UTC,27.9699803582
2023-03-13 13:15:00.000000 UTC,26.0902228574
2023-03-13 13:16:00.000000 UTC,25.2581053542
2023-03-13 13:17:00.000000 UTC,25.34620804475
2023-03-13 13:18:00.000000 UTC,26.8681921178
2023-03-13 13:19:00.000000 UTC,28.307638696
2023-03-13 13:20:00.000000 UTC,27.896789644200002
2023-03-13 13:21:00.000000 UTC,26.639569490400003
2023-03-13 13:22:00.000000 UTC,25.701413825400003
2023-03-13 13:23:00.000000 UTC,26.080590284
2023-03-13 13:24:00.000000 UTC,23.923976154
2023-03-13 13:25:00.000000 UTC,24.7541015208
2023-03-13 13:26:00.000000 UTC,23.3096214326
2023-03-13 13:27:00.000000 UTC,23.0843815358
2023-03-13 13:28:00.000000 UTC,21.6478253126
2023-03-13 13:29:00.000000 UTC,24.1071185096
2023-03-13 13:30:00.000000 UTC,27.2606134296
2023-03-13 13:31:00.000000 UTC,27.8988751445
2023-03-13 13:32:00.000000 UTC,28.5020199302
2023-03-13 13:33:00.000000 UTC,28.7608278748
2023-03-13 13:34:00.000000 UTC,27.6689308636
2023-03-13 13:35:00.000000 UTC,26.7339506348
2023-03-13 13:36:00.000000 UTC,27.386422765
2023-03-13 13:37:00.000000 UTC,25.6880664112
2023-03-13 13:38:00.000000 UTC,25.589647890400002
2023-03-13 13:39:00.000000 UTC,25.4636034934
2023-03-13 13:40:00.000000 UTC,25.8095254385
2023-03-13 13:41:00.000000 UTC,25.0325892492
2023-03-13 13:42:00.000000 UTC,23.7842134652
2023-03-13 13:43:00.000000 UTC,22.7635596818
2023-03-13 13:44:00.000000 UTC,22.7839510292
2023-03-13 13:45:00.000000 UTC,24.0064639952
2023-03-13 13:46:00.000000 UTC,23.8843248646
2023-03-13 13:47:00.000000 UTC,22.993382318200002
2023-03-13 13:48:00.000000 UTC,23.357732312400003
2023-03-13 13:49:00.000000 UTC,22.4097482955
2023-03-13 13:50:00.000000 UTC,25.989425891
2023-03-13 13:51:00.000000 UTC,31.8143750866
2023-03-13 13:52:00.000000 UTC,30.396920145
2023-03-13 13:53:00.000000 UTC,33.091110501799996
2023-03-13 13:54:00.000000 UTC,44.785419898
2023-03-13 13:55:00.000000 UTC,56.7143505854
2023-03-13 13:56:00.000000 UTC,63.5596768194
2023-03-13 13:57:00.000000 UTC,80.2420748654
2023-03-13 13:58:00.000000 UTC,94.3030894372
2023-03-13 13:59:00.000000 UTC,104.7183212116
2023-03-13 14:00:00.000000 UTC,115.0298682064
2023-03-13 14:01:00.000000 UTC,124.8407531604
2023-03-13 14:02:00.000000 UTC,130.3570384106
2023-03-13 14:03:00.000000 UTC,147.4178760664
2023-03-13 14:04:00.000000 UTC,151.3396061562
2023-03-13 14:05:00.000000 UTC,147.48258396079999
2023-03-13 14:06:00.000000 UTC,143.568003877
2023-03-13 14:07:00.000000 UTC,137.6539983288
2023-03-13 14:08:00.000000 UTC,133.4762350072
2023-03-13 14:09:00.000000 UTC,140.0592797202
2023-03-13 14:10:00.000000 UTC,143.563279733
2023-03-13 14:11:00.000000 UTC,143.4866788094
2023-03-13 14:12:00.000000 UTC,131.620317887
2023-03-13 14:13:00.000000 UTC,121.514989653
2023-03-13 14:14:00.000000 UTC,119.2337646142
2023-03-13 14:15:00.000000 UTC,129.15078411225
2023-03-13 14:16:00.000000 UTC,157.7437096856
2023-03-13 14:17:00.000000 UTC,137.6290802888
2023-03-13 14:18:00.000000 UTC,124.208320047
2023-03-13 14:19:00.000000 UTC,111.95567233780001
2023-03-13 14:20:00.000000 UTC,113.099819031
2023-03-13 14:21:00.000000 UTC,107.1228108048
2023-03-13 14:22:00.000000 UTC,107.3825331492
2023-03-13 14:23:00.000000 UTC,111.30230738280001
2023-03-13 14:24:00.000000 UTC,105.08221829
2023-03-13 14:25:00.000000 UTC,111.11341877080001
2023-03-13 14:26:00.000000 UTC,107.504867627
2023-03-13 14:27:00.000000 UTC,108.6590164534
2023-03-13 14:28:00.000000 UTC,101.468101259
2023-03-13 14:29:00.000000 UTC,97.0192934812
2023-03-13 14:30:00.000000 UTC,102.489906602
2023-03-13 14:31:00.000000 UTC,101.2531378595
2023-03-13 14:32:00.000000 UTC,96.3005153496
2023-03-13 14:33:00.000000 UTC,91.8001002444
2023-03-13 14:34:00.000000 UTC,85.756232915600009
2023-03-13 14:35:00.000000 UTC,82.4857820566
2023-03-13 14:36:00.000000 UTC,80.2639335888
2023-03-13 14:37:00.000000 UTC,77.50399735175
2023-03-13 14:38:00.000000 UTC,72.048520770399989
2023-03-13 14:39:00.000000 UTC,66.224204196199992
2023-03-13 14:40:00.000000 UTC,61.7553574282
2023-03-13 14:41:00.000000 UTC,60.544203802199995
2023-03-13 14:42:00.000000 UTC,55.9885995832
2023-03-13 14:43:00.000000 UTC,57.272655429800004
2023-03-13 14:44:00.000000 UTC,59.474638743
2023-03-13 14:45:00.000000 UTC,57.3276480722
2023-03-13 14:46:00.000000 UTC,56.6624660192
2023-03-13 14:47:00.000000 UTC,57.4106838786
2023-03-13 14:48:00.000000 UTC,57.0555994652
2023-03-13 14:49:00.000000 UTC,59.294847353
2023-03-13 14:50:00.000000 UTC,64.036897248
2023-03-13 14:51:00.000000 UTC,63.8746300472
2023-03-13 14:52:00.000000 UTC,60.974658553
2023-03-13 14:53:00.000000 UTC,61.026862812199994
2023-03-13 14:54:00.000000 UTC,55.6688708376
2023-03-13 14:55:00.000000 UTC,51.097218219800006
2023-03-13 14:56:00.000000 UTC,49.7419965324
2023-03-13 14:57:00.000000 UTC,47.74782965
2023-03-13 14:58:00.000000 UTC,47.849141053400004
2023-03-13 14:59:00.000000 UTC,50.8461827042
2023-03-13 15:00:00.000000 UTC,53.734757019
2023-03-13 15:01:00.000000 UTC,60.625598659199994
2023-03-13 15:02:00.000000 UTC,63.4639407804
2023-03-13 15:03:00.000000 UTC,72.7316631864
2023-03-13 15:04:00.000000 UTC,73.2658959054
2023-03-13 15:05:00.000000 UTC,70.911467982
2023-03-13 15:06:00.000000 UTC,63.918042326
2023-03-13 15:07:00.000000 UTC,69.1107237848
2023-03-13 15:08:00.000000 UTC,71.2142274714
2023-03-13 15:09:00.000000 UTC,86.7078910652
2023-03-13 15:10:00.000000 UTC,92.868737149
2023-03-13 15:11:00.000000 UTC,91.730620456600008
2023-03-13 15:12:00.000000 UTC,87.5861795378
2023-03-13 15:13:00.000000 UTC,88.070909044
2023-03-13 15:14:00.000000 UTC,83.3324184215
2023-03-13 15:15:00.000000 UTC,94.5990877875
2023-03-13 15:16:00.000000 UTC,93.352550955
2023-03-13 15:17:00.000000 UTC,91.832370611
2023-03-13 15:18:00.000000 UTC,87.4035929074
2023-03-13 15:19:00.000000 UTC,83.6819690288
2023-03-13 15:20:00.000000 UTC,84.68666903
2023-03-13 15:21:00.000000 UTC,81.8252068194
2023-03-13 15:22:00.000000 UTC,80.325350081
2023-03-13 15:23:00.000000 UTC,79.38644056519999
2023-03-13 15:24:00.000000 UTC,78.0678613712
2023-03-13 15:25:00.000000 UTC,73.302628328
2023-03-13 15:26:00.000000 UTC,69.8374765602
2023-03-13 15:27:00.000000 UTC,67.7585875402
2023-03-13 15:28:00.000000 UTC,67.07954113
2023-03-13 15:29:00.000000 UTC,66.0273355266
2023-03-13 15:30:00.000000 UTC,73.541086502
2023-03-13 15:31:00.000000 UTC,74.879207119600011
2023-03-13 15:32:00.000000 UTC,73.082007707
2023-03-13 15:33:00.000000 UTC,70.422298079600012
2023-03-13 15:34:00.000000 UTC,68.5779365188
2023-03-13 15:35:00.000000 UTC,69.20541768
2023-03-13 15:36:00.000000 UTC,69.8389016448
2023-03-13 15:37:00.000000 UTC,68.5876389558
2023-03-13 15:38:00.000000 UTC,70.469752522800007
2023-03-13 15:39:00.000000 UTC,72.201623223600009
2023-03-13 15:40:00.000000 UTC,70.204206524
2023-03-13 15:41:00.000000 UTC,66.729242218
2023-03-13 15:42:00.000000 UTC,65.0157577954
2023-03-13 15:43:00.000000 UTC,62.3375920756
2023-03-13 15:44:00.000000 UTC,62.2884335576
2023-03-13 15:45:00.000000 UTC,60.0483340292
2023-03-13 15:46:00.000000 UTC,56.1412682344
2023-03-13 15:47:00.000000 UTC,60.0673171694
2023-03-13 15:48:00.000000 UTC,58.283635989400004
2023-03-13 15:49:00.000000 UTC,62.4930527444
2023-03-13 15:50:00.000000 UTC,62.955359462
2023-03-13 15:51:00.000000 UTC,60.5463975886
2023-03-13 15:52:00.000000 UTC,61.4417298016
2023-03-13 15:53:00.000000 UTC,61.5890595524
2023-03-13 15:54:00.000000 UTC,58.8659348402
2023-03-13 15:55:00.000000 UTC,59.8815048805
2023-03-13 15:56:00.000000 UTC,62.574793359800005
2023-03-13 15:57:00.000000 UTC,63.111073979
2023-03-13 15:58:00.000000 UTC,61.786683335199996
2023-03-13 15:59:00.000000 UTC,58.1575102654
2023-03-13 16:00:00.000000 UTC,59.899497784
2023-03-13 16:01:00.000000 UTC,66.9025157854
2023-03-13 16:02:00.000000 UTC,65.313731146599991
2023-03-13 16:03:00.000000 UTC,74.41990752160001
2023-03-13 16:04:00.000000 UTC,90.8290495702
2023-03-13 16:05:00.000000 UTC,85.814572347
2023-03-13 16:06:00.000000 UTC,81.964259652399988
2023-03-13 16:07:00.000000 UTC,75.8637608982
2023-03-13 16:08:00.000000 UTC,72.253760680399992
2023-03-13 16:09:00.000000 UTC,65.8471780082
2023-03-13 16:10:00.000000 UTC,68.2546970496
2023-03-13 16:11:00.000000 UTC,71.16060053025
2023-03-13 16:12:00.000000 UTC,64.659908026
2023-03-13 16:13:00.000000 UTC,64.27877939519999
2023-03-13 16:14:00.000000 UTC,61.5017475784
2023-03-13 16:15:00.000000 UTC,64.529601120599992
2023-03-13 16:16:00.000000 UTC,61.767098626199996
2023-03-13 16:17:00.000000 UTC,59.3555250798
2023-03-13 16:18:00.000000 UTC,56.061373638800006
2023-03-13 16:19:00.000000 UTC,52.062335374199996
2023-03-13 16:20:00.000000 UTC,55.303202072
2023-03-13 16:21:00.000000 UTC,53.534283337800005
2023-03-13 16:22:00.000000 UTC,56.83229642375
2023-03-13 16:23:00.000000 UTC,60.1446611545
2023-03-13 16:24:00.000000 UTC,64.17207751125
2023-03-13 16:25:00.000000 UTC,66.695842835800008
2023-03-13 16:26:00.000000 UTC,62.1740974056
2023-03-13 16:27:00.000000 UTC,60.559168888
2023-03-13 16:28:00.000000 UTC,54.6280635416
2023-03-13 16:29:00.000000 UTC,50.484289364
2023-03-13 16:30:00.000000 UTC,54.3074197606
2023-03-13 16:31:00.000000 UTC,52.3914436414
2023-03-13 16:32:00.000000 UTC,53.114125875199996
2023-03-13 16:33:00.000000 UTC,52.517219658
2023-03-13 16:34:00.000000 UTC,53.770467995400004
2023-03-13 16:35:00.000000 UTC,52.9779429276
2023-03-13 16:36:00.000000 UTC,51.575565176400005
2023-03-13 16:37:00.000000 UTC,46.7824857576
2023-03-13 16:38:00.000000 UTC,44.9783636776
2023-03-13 16:39:00.000000 UTC,43.5568602908
2023-03-13 16:40:00.000000 UTC,44.4559050974
2023-03-13 16:41:00.000000 UTC,43.597916972
2023-03-13 16:42:00.000000 UTC,43.043409745
2023-03-13 16:43:00.000000 UTC,44.9958017248
2023-03-13 16:44:00.000000 UTC,49.076183130400004
2023-03-13 16:45:00.000000 UTC,49.6348562296
2023-03-13 16:46:00.000000 UTC,48.451606358199996
2023-03-13 16:47:00.000000 UTC,45.3998260992
2023-03-13 16:48:00.000000 UTC,42.242526197800004
2023-03-13 16:49:00.000000 UTC,43.73390843625
2023-03-13 16:50:00.000000 UTC,45.227703008599995
2023-03-13 16:51:00.000000 UTC,43.2976962836
2023-03-13 16:52:00.000000 UTC,42.266525577
2023-03-13 16:53:00.000000 UTC,41.4780968602
2023-03-13 16:54:00.000000 UTC,41.6351250794
2023-03-13 16:55:00.000000 UTC,39.217257413800006
2023-03-13 16:56:00.000000 UTC,37.8938014358
2023-03-13 16:57:00.000000 UTC,40.064228245
2023-03-13 16:58:00.000000 UTC,38.5149895368
2023-03-13 16:59:00.000000 UTC,37.3609470886
2023-03-13 17:00:00.000000 UTC,37.4411884184
2023-03-13 17:01:00.000000 UTC,42.1498194222
2023-03-13 17:02:00.000000 UTC,41.8403921508
2023-03-13 17:03:00.000000 UTC,41.572522660199994
2023-03-13 17:04:00.000000 UTC,40.5619858374
2023-03-13 17:05:00.000000 UTC,39.828398717599995
2023-03-13 17:06:00.000000 UTC,38.453051017199996
2023-03-13 17:07:00.000000 UTC,39.5966676176
2023-03-13 17:08:00.000000 UTC,37.964340615199994
2023-03-13 17:09:00.000000 UTC,39.3158260338
2023-03-13 17:10:00.000000 UTC,38.0089317604
2023-03-13 17:11:00.000000 UTC,37.5880068356
2023-03-13 17:12:00.000000 UTC,37.278582102
2023-03-13 17:13:00.000000 UTC,37.8433260874
2023-03-13 17:14:00.000000 UTC,35.857599855400004
2023-03-13 17:15:00.000000 UTC,36.698809692400005
2023-03-13 17:16:00.000000 UTC,39.511588517599996
2023-03-13 17:17:00.000000 UTC,38.262711121
2023-03-13 17:18:00.000000 UTC,35.0210177396
2023-03-13 17:19:00.000000 UTC,35.0501232744
2023-03-13 17:20:00.000000 UTC,35.1625670822
2023-03-13 17:21:00.000000 UTC,33.9612764978
2023-03-13 17:22:00.000000 UTC,33.9471338762
2023-03-13 17:23:00.000000 UTC,35.6523075362
2023-03-13 17:24:00.000000 UTC,34.179346354
2023-03-13 17:25:00.000000 UTC,32.2825716612
2023-03-13 17:26:00.000000 UTC,33.099293237
2023-03-13 17:27:00.000000 UTC,32.0501235976
2023-03-13 17:28:00.000000 UTC,31.9428904142
2023-03-13 17:29:00.000000 UTC,31.383562779
2023-03-13 17:30:00.000000 UTC,33.7458405634
2023-03-13 17:31:00.000000 UTC,35.4387017814
2023-03-13 17:32:00.000000 UTC,33.270961051200004
2023-03-13 17:33:00.000000 UTC,30.885772849400002
2023-03-13 17:34:00.000000 UTC,29.991447908
2023-03-13 17:35:00.000000 UTC,30.9477962744
2023-03-13 17:36:00.000000 UTC,32.8188765368
2023-03-13 17:37:00.000000 UTC,30.679983874599998
2023-03-13 17:38:00.000000 UTC,29.1806851672
2023-03-13 17:39:00.000000 UTC,29.708245882
2023-03-13 17:40:00.000000 UTC,28.817055638400003
2023-03-13 17:41:00.000000 UTC,28.978324715
2023-03-13 17:42:00.000000 UTC,30.430091424599997
2023-03-13 17:43:00.000000 UTC,30.527745664599998
2023-03-13 17:44:00.000000 UTC,28.501794303599997
2023-03-13 17:45:00.000000 UTC,29.269281712799998
2023-03-13 17:46:00.000000 UTC,33.15279283575
2023-03-13 17:47:00.000000 UTC,34.758040851199993
2023-03-13 17:48:00.000000 UTC,32.8249785554
2023-03-13 17:49:00.000000 UTC,30.4569856948
2023-03-13 17:50:00.000000 UTC,30.6115203678
2023-03-13 17:51:00.000000 UTC,30.2009345546
2023-03-13 17:52:00.000000 UTC,31.5340345802
2023-03-13 17:53:00.000000 UTC,30.2079497144
2023-03-13 17:54:00.000000 UTC,30.681744092400002
2023-03-13 17:55:00.000000 UTC,32.5506926994
2023-03-13 17:56:00.000000 UTC,31.4212170682
2023-03-13 17:57:00.000000 UTC,31.182692436
2023-03-13 17:58:00.000000 UTC,29.817403922
2023-03-13 17:59:00.000000 UTC,30.512044251400003
2023-03-13 18:00:00.000000 UTC,33.0738777808
2023-03-13 18:01:00.000000 UTC,33.6595133792
2023-03-13 18:02:00.000000 UTC,34.1117046432
2023-03-13 18:03:00.000000 UTC,32.336313940400004
2023-03-13 18:04:00.000000 UTC,29.7409687498
2023-03-13 18:05:00.000000 UTC,33.7454399188
2023-03-13 18:06:00.000000 UTC,33.0042020848
2023-03-13 18:07:00.000000 UTC,33.3953594102
2023-03-13 18:08:00.000000 UTC,34.130800672599996
2023-03-13 18:09:00.000000 UTC,39.071906002800006
2023-03-13 18:10:00.000000 UTC,52.354466859
2023-03-13 18:11:00.000000 UTC,74.9541995486
2023-03-13 18:12:00.000000 UTC,82.1169635042
2023-03-13 18:13:00.000000 UTC,67.2358461776
2023-03-13 18:14:00.000000 UTC,56.0567945424
2023-03-13 18:15:00.000000 UTC,56.6479447906
2023-03-13 18:16:00.000000 UTC,55.5405855222
2023-03-13 18:17:00.000000 UTC,55.241443436199994
2023-03-13 18:18:00.000000 UTC,54.692936632199995
2023-03-13 18:19:00.000000 UTC,52.5362628196
2023-03-13 18:20:00.000000 UTC,47.809214319
2023-03-13 18:21:00.000000 UTC,44.799403762400004
2023-03-13 18:22:00.000000 UTC,43.113967244
2023-03-13 18:23:00.000000 UTC,40.820725997400004
2023-03-13 18:24:00.000000 UTC,42.464290085
2023-03-13 18:25:00.000000 UTC,44.0008377646
2023-03-13 18:26:00.000000 UTC,43.142484638599996
2023-03-13 18:27:00.000000 UTC,43.3413155076
2023-03-13 18:28:00.000000 UTC,43.853380976
2023-03-13 18:29:00.000000 UTC,42.3371913148
2023-03-13 18:30:00.000000 UTC,46.0805889968
2023-03-13 18:31:00.000000 UTC,46.3506252742
2023-03-13 18:32:00.000000 UTC,44.471964951400004
2023-03-13 18:33:00.000000 UTC,42.511409723599996
2023-03-13 18:34:00.000000 UTC,39.4796910848
2023-03-13 18:35:00.000000 UTC,39.3300657528
2023-03-13 18:36:00.000000 UTC,38.6740125806
2023-03-13 18:37:00.000000 UTC,36.889989807199996
2023-03-13 18:38:00.000000 UTC,35.768498745
2023-03-13 18:39:00.000000 UTC,36.5799761062
2023-03-13 18:40:00.000000 UTC,38.115139553599995
2023-03-13 18:41:00.000000 UTC,37.2714432414
2023-03-13 18:42:00.000000 UTC,40.3405548956
2023-03-13 18:43:00.000000 UTC,40.873916228599995
2023-03-13 18:44:00.000000 UTC,38.883296137
2023-03-13 18:45:00.000000 UTC,37.1489033206
2023-03-13 18:46:00.000000 UTC,33.8015007622
2023-03-13 18:47:00.000000 UTC,32.9022616828
2023-03-13 18:48:00.000000 UTC,34.0809774086
2023-03-13 18:49:00.000000 UTC,32.029090462
2023-03-13 18:50:00.000000 UTC,33.1563282584
2023-03-13 18:51:00.000000 UTC,33.0905908924
2023-03-13 18:52:00.000000 UTC,30.930485279
2023-03-13 18:53:00.000000 UTC,30.528264493200002
2023-03-13 18:54:00.000000 UTC,30.3790489198
2023-03-13 18:55:00.000000 UTC,30.002957263400003
2023-03-13 18:56:00.000000 UTC,29.5775804552
2023-03-13 18:57:00.000000 UTC,31.3066418238
2023-03-13 18:58:00.000000 UTC,35.290247383
2023-03-13 18:59:00.000000 UTC,32.9786708166
2023-03-13 19:00:00.000000 UTC,34.9938276086
2023-03-13 19:01:00.000000 UTC,36.916119599199995
2023-03-13 19:02:00.000000 UTC,37.2971402435
2023-03-13 19:03:00.000000 UTC,35.4820636472
2023-03-13 19:04:00.000000 UTC,33.7305498414
2023-03-13 19:05:00.000000 UTC,32.6008717276
2023-03-13 19:06:00.000000 UTC,36.0259600835
2023-03-13 19:07:00.000000 UTC,35.4688521394
2023-03-13 19:08:00.000000 UTC,32.8010299432
2023-03-13 19:09:00.000000 UTC,34.3933466738
2023-03-13 19:10:00.000000 UTC,32.2595520648
2023-03-13 19:11:00.000000 UTC,32.9827427978
2023-03-13 19:12:00.000000 UTC,33.2732252275
2023-03-13 19:13:00.000000 UTC,34.425380739199994
2023-03-13 19:14:00.000000 UTC,34.0036728532
2023-03-13 19:15:00.000000 UTC,33.311465229599996
2023-03-13 19:16:00.000000 UTC,32.1590385366
2023-03-13 19:17:00.000000 UTC,32.8570164054
2023-03-13 19:18:00.000000 UTC,33.0549197868
2023-03-13 19:19:00.000000 UTC,31.0754592308
2023-03-13 19:20:00.000000 UTC,29.395125110200002
2023-03-13 19:21:00.000000 UTC,32.038404545599995
2023-03-13 19:22:00.000000 UTC,29.962835441
2023-03-13 19:23:00.000000 UTC,29.508806302
2023-03-13 19:24:00.000000 UTC,31.5309763988
2023-03-13 19:25:00.000000 UTC,33.151206079400005
2023-03-13 19:26:00.000000 UTC,41.6777500294
2023-03-13 19:27:00.000000 UTC,44.337152380599996
2023-03-13 19:28:00.000000 UTC,35.9337838778
2023-03-13 19:29:00.000000 UTC,32.6666956788
2023-03-13 19:30:00.000000 UTC,33.9454153616
2023-03-13 19:31:00.000000 UTC,36.7228388595
2023-03-13 19:32:00.000000 UTC,34.5156746746
2023-03-13 19:33:00.000000 UTC,34.0392157468
2023-03-13 19:34:00.000000 UTC,33.3388858526
2023-03-13 19:35:00.000000 UTC,31.920995950400002
2023-03-13 19:36:00.000000 UTC,30.206485926
2023-03-13 19:37:00.000000 UTC,28.8124696256
2023-03-13 19:38:00.000000 UTC,28.148667763
2023-03-13 19:39:00.000000 UTC,30.4302997136
2023-03-13 19:40:00.000000 UTC,30.485971229
2023-03-13 19:41:00.000000 UTC,29.651062262
2023-03-13 19:42:00.000000 UTC,30.2467059976
2023-03-13 19:43:00.000000 UTC,31.1353371978
2023-03-13 19:44:00.000000 UTC,29.934069822599998
2023-03-13 19:45:00.000000 UTC,29.485724816599998
2023-03-13 19:46:00.000000 UTC,28.603307239
2023-03-13 19:47:00.000000 UTC,28.1989335472
2023-03-13 19:48:00.000000 UTC,29.321688677599997
2023-03-13 19:49:00.000000 UTC,30.6825562964
2023-03-13 19:50:00.000000 UTC,30.42683760875
2023-03-13 19:51:00.000000 UTC,33.9396005658
2023-03-13 19:52:00.000000 UTC,32.0310234082
2023-03-13 19:53:00.000000 UTC,34.0539042386
2023-03-13 19:54:00.000000 UTC,39.154146214
2023-03-13 19:55:00.000000 UTC,36.084606896400004
2023-03-13 19:56:00.000000 UTC,33.2402631008
2023-03-13 19:57:00.000000 UTC,33.9197721108
2023-03-13 19:58:00.000000 UTC,32.9514690316
2023-03-13 19:59:00.000000 UTC,33.8292785426
2023-03-13 20:00:00.000000 UTC,34.8508133488
2023-03-13 20:01:00.000000 UTC,36.2803634444
2023-03-13 20:02:00.000000 UTC,34.606403123
2023-03-13 20:03:00.000000 UTC,33.104361141
2023-03-13 20:04:00.000000 UTC,31.833954132400002
2023-03-13 20:05:00.000000 UTC,31.8363970718
2023-03-13 20:06:00.000000 UTC,30.8979087612
2023-03-13 20:07:00.000000 UTC,32.7176629486
2023-03-13 20:08:00.000000 UTC,32.797158691599996
2023-03-13 20:09:00.000000 UTC,32.1219001276
2023-03-13 20:10:00.000000 UTC,30.149384506
2023-03-13 20:11:00.000000 UTC,29.9012547158
2023-03-13 20:12:00.000000 UTC,29.846581986599997
2023-03-13 20:13:00.000000 UTC,31.27163628
2023-03-13 20:14:00.000000 UTC,30.7634438128
2023-03-13 20:15:00.000000 UTC,29.645791092
2023-03-13 20:16:00.000000 UTC,29.206545833
2023-03-13 20:17:00.000000 UTC,31.0455471792
2023-03-13 20:18:00.000000 UTC,30.137881376400003
2023-03-13 20:19:00.000000 UTC,32.4132416966
2023-03-13 20:20:00.000000 UTC,30.6359259044
2023-03-13 20:21:00.000000 UTC,29.5848075426
2023-03-13 20:22:00.000000 UTC,27.188058679599997
2023-03-13 20:23:00.000000 UTC,27.760691629
2023-03-13 20:24:00.000000 UTC,31.75311284
2023-03-13 20:25:00.000000 UTC,29.7891248994
2023-03-13 20:26:00.000000 UTC,36.6803908234
2023-03-13 20:27:00.000000 UTC,35.4813773428
2023-03-13 20:28:00.000000 UTC,33.457066641400004
2023-03-13 20:29:00.000000 UTC,31.5843010362
2023-03-13 20:30:00.000000 UTC,32.4643288934
2023-03-13 20:31:00.000000 UTC,32.79151209
2023-03-13 20:32:00.000000 UTC,31.132275575599998
2023-03-13 20:33:00.000000 UTC,31.50694947675
2023-03-13 20:34:00.000000 UTC,30.720010259400002
2023-03-13 20:35:00.000000 UTC,28.749215880599998
2023-03-13 20:36:00.000000 UTC,27.8233010982
2023-03-13 20:37:00.000000 UTC,27.761243394
2023-03-13 20:38:00.000000 UTC,26.776327208599998
2023-03-13 20:39:00.000000 UTC,26.4851726824
2023-03-13 20:40:00.000000 UTC,26.041841611200002
2023-03-13 20:41:00.000000 UTC,26.3886751922
2023-03-13 20:42:00.000000 UTC,25.524951396400002
2023-03-13 20:43:00.000000 UTC,26.409688253400002
2023-03-13 20:44:00.000000 UTC,27.158746830400002
2023-03-13 20:45:00.000000 UTC,29.141310541
2023-03-13 20:46:00.000000 UTC,31.214169569
2023-03-13 20:47:00.000000 UTC,29.945234891200002
2023-03-13 20:48:00.000000 UTC,27.9304988234
2023-03-13 20:49:00.000000 UTC,26.746805424
2023-03-13 20:50:00.000000 UTC,24.7679997094
2023-03-13 20:51:00.000000 UTC,25.4299476476
2023-03-13 20:52:00.000000 UTC,24.4799946508
2023-03-13 20:53:00.000000 UTC,25.8183495008
2023-03-13 20:54:00.000000 UTC,25.871642491
2023-03-13 20:55:00.000000 UTC,24.883908074599997
2023-03-13 20:56:00.000000 UTC,25.1607995766
2023-03-13 20:57:00.000000 UTC,24.973013191
2023-03-13 20:58:00.000000 UTC,24.0838349262
2023-03-13 20:59:00.000000 UTC,23.613208437
2023-03-13 21:00:00.000000 UTC,26.750627682799998
2023-03-13 21:01:00.000000 UTC,29.144162669
2023-03-13 21:02:00.000000 UTC,27.448672131200002
2023-03-13 21:03:00.000000 UTC,27.1738752548
2023-03-13 21:04:00.000000 UTC,26.4065324318
2023-03-13 21:05:00.000000 UTC,29.037620371
2023-03-13 21:06:00.000000 UTC,29.3862159202
2023-03-13 21:07:00.000000 UTC,28.3598525152
2023-03-13 21:08:00.000000 UTC,26.9111736676
2023-03-13 21:09:00.000000 UTC,26.446384519
2023-03-13 21:10:00.000000 UTC,24.3696229684
2023-03-13 21:11:00.000000 UTC,25.6650994562
2023-03-13 21:12:00.000000 UTC,35.540789522800004
2023-03-13 21:13:00.000000 UTC,36.572800353
2023-03-13 21:14:00.000000 UTC,31.0245859648
2023-03-13 21:15:00.000000 UTC,25.916197074400003
2023-03-13 21:16:00.000000 UTC,28.9419381648
2023-03-13 21:17:00.000000 UTC,27.488598586400002
2023-03-13 21:18:00.000000 UTC,27.618475328200002
2023-03-13 21:19:00.000000 UTC,25.4493987232
2023-03-13 21:20:00.000000 UTC,27.265651898799998
2023-03-13 21:21:00.000000 UTC,28.3054665058
2023-03-13 21:22:00.000000 UTC,28.4932973264
2023-03-13 21:23:00.000000 UTC,27.7226487898
2023-03-13 21:24:00.000000 UTC,26.800035757
2023-03-13 21:25:00.000000 UTC,26.0814586792
2023-03-13 21:26:00.000000 UTC,26.0033614088
2023-03-13 21:27:00.000000 UTC,25.628798065
2023-03-13 21:28:00.000000 UTC,25.2919355324
2023-03-13 21:29:00.000000 UTC,24.8430887152
2023-03-13 21:30:00.000000 UTC,24.4218640862
2023-03-13 21:31:00.000000 UTC,23.4390621692
2023-03-13 21:32:00.000000 UTC,24.3304038446
2023-03-13 21:33:00.000000 UTC,25.096606481
2023-03-13 21:34:00.000000 UTC,25.310653352400003
2023-03-13 21:35:00.000000 UTC,25.447084353
2023-03-13 21:36:00.000000 UTC,25.769637127
2023-03-13 21:37:00.000000 UTC,23.8713247026
2023-03-13 21:38:00.000000 UTC,23.5590131238
2023-03-13 21:39:00.000000 UTC,22.2245359098
2023-03-13 21:40:00.000000 UTC,21.934284140400003
2023-03-13 21:41:00.000000 UTC,22.7109140396
2023-03-13 21:42:00.000000 UTC,21.5278128232
2023-03-13 21:43:00.000000 UTC,22.813518059
2023-03-13 21:44:00.000000 UTC,21.0568733962
2023-03-13 21:45:00.000000 UTC,21.0838001912
2023-03-13 21:46:00.000000 UTC,21.3796504058
2023-03-13 21:47:00.000000 UTC,21.773518142599997
2023-03-13 21:48:00.000000 UTC,22.8786344578
2023-03-13 21:49:00.000000 UTC,22.897527265
2023-03-13 21:50:00.000000 UTC,22.152651984200002
2023-03-13 21:51:00.000000 UTC,21.549597346
2023-03-13 21:52:00.000000 UTC,21.2979696254
2023-03-13 21:53:00.000000 UTC,23.0409716805
2023-03-13 21:54:00.000000 UTC,24.8248223956
2023-03-13 21:55:00.000000 UTC,27.52831932
2023-03-13 21:56:00.000000 UTC,30.621496717400003
2023-03-13 21:57:00.000000 UTC,31.8732785518
2023-03-13 21:58:00.000000 UTC,32.5492233846
2023-03-13 21:59:00.000000 UTC,30.397756637599997
2023-03-13 22:00:00.000000 UTC,30.462035204
2023-03-13 22:01:00.000000 UTC,28.65269124175
2023-03-13 22:02:00.000000 UTC,32.6006089242
2023-03-13 22:03:00.000000 UTC,29.6874087508
2023-03-13 22:04:00.000000 UTC,28.1821718776
2023-03-13 22:05:00.000000 UTC,25.043638739200002
2023-03-13 22:06:00.000000 UTC,25.524631600400003
2023-03-13 22:07:00.000000 UTC,23.548498343200002
2023-03-13 22:08:00.000000 UTC,22.319515240599998
2023-03-13 22:09:00.000000 UTC,22.0798909154
2023-03-13 22:10:00.000000 UTC,21.7993526898
2023-03-13 22:11:00.000000 UTC,21.4918959496
2023-03-13 22:12:00.000000 UTC,21.07235337
2023-03-13 22:13:00.000000 UTC,21.554269992200002
2023-03-13 22:14:00.000000 UTC,21.9399001515
2023-03-13 22:15:00.000000 UTC,22.220743981400002
2023-03-13 22:16:00.000000 UTC,23.234579871
2023-03-13 22:17:00.000000 UTC,22.7948640574
2023-03-13 22:18:00.000000 UTC,22.616405248
2023-03-13 22:19:00.000000 UTC,22.63344722675
2023-03-13 22:20:00.000000 UTC,23.305263841400002
2023-03-13 22:21:00.000000 UTC,22.8280246422
2023-03-13 22:22:00.000000 UTC,22.1803982118
2023-03-13 22:23:00.000000 UTC,23.7927734666
2023-03-13 22:24:00.000000 UTC,22.974330787400003
2023-03-13 22:25:00.000000 UTC,21.554244468
2023-03-13 22:26:00.000000 UTC,21.9410429114
2023-03-13 22:27:00.000000 UTC,20.8729518648
2023-03-13 22:28:00.000000 UTC,21.8488597252
2023-03-13 22:29:00.000000 UTC,20.7109880688
2023-03-13 22:30:00.000000 UTC,22.485652689
2023-03-13 22:31:00.000000 UTC,21.974946205200002
2023-03-13 22:32:00.000000 UTC,23.114828207
2023-03-13 22:33:00.000000 UTC,24.1485990308
2023-03-13 22:34:00.000000 UTC,24.1671350988
2023-03-13 22:35:00.000000 UTC,22.6400582826
2023-03-13 22:36:00.000000 UTC,24.6349125112
2023-03-13 22:37:00.000000 UTC,22.210405096
2023-03-13 22:38:00.000000 UTC,21.2668908546
2023-03-13 22:39:00.000000 UTC,21.324926722
2023-03-13 22:40:00.000000 UTC,22.433635149
2023-03-13 22:41:00.000000 UTC,21.1034455896
2023-03-13 22:42:00.000000 UTC,20.6443007398
2023-03-13 22:43:00.000000 UTC,21.7879334918
2023-03-13 22:44:00.000000 UTC,21.028086203
2023-03-13 22:45:00.000000 UTC,21.4277692796
2023-03-13 22:46:00.000000 UTC,23.4498160448
2023-03-13 22:47:00.000000 UTC,21.246958398599997
2023-03-13 22:48:00.000000 UTC,20.490958754799998
2023-03-13 22:49:00.000000 UTC,20.5863703546
2023-03-13 22:50:00.000000 UTC,21.5310765854
2023-03-13 22:51:00.000000 UTC,23.203491187599997
2023-03-13 22:52:00.000000 UTC,21.799459506599998
2023-03-13 22:53:00.000000 UTC,21.7054777512
2023-03-13 22:54:00.000000 UTC,20.4978504188
2023-03-13 22:55:00.000000 UTC,20.105712117
2023-03-13 22:56:00.000000 UTC,19.576880597400002
2023-03-13 22:57:00.000000 UTC,20.6583448458
2023-03-13 22:58:00.000000 UTC,19.925003322200002
2023-03-13 22:59:00.000000 UTC,19.5433438148
2023-03-13 23:00:00.000000 UTC,22.652644298200002
2023-03-13 23:01:00.000000 UTC,22.259464046599998
2023-03-13 23:02:00.000000 UTC,20.9965871714
2023-03-13 23:03:00.000000 UTC,19.8994432806
2023-03-13 23:04:00.000000 UTC,20.9926581336
2023-03-13 23:05:00.000000 UTC,21.7615550382
2023-03-13 23:06:00.000000 UTC,22.189341519400003
2023-03-13 23:07:00.000000 UTC,22.425075946
2023-03-13 23:08:00.000000 UTC,21.835632151200002
2023-03-13 23:09:00.000000 UTC,23.2665136036
2023-03-13 23:10:00.000000 UTC,25.0212895305
2023-03-13 23:11:00.000000 UTC,23.600079883400003
2023-03-13 23:12:00.000000 UTC,23.0502568728
2023-03-13 23:13:00.000000 UTC,22.5837870794
2023-03-13 23:14:00.000000 UTC,22.8701627812
2023-03-13 23:15:00.000000 UTC,23.5289882156
2023-03-13 23:16:00.000000 UTC,23.7543837916
2023-03-13 23:17:00.000000 UTC,22.698269076
2023-03-13 23:18:00.000000 UTC,22.8121362798
2023-03-13 23:19:00.000000 UTC,22.675715879200002
2023-03-13 23:20:00.000000 UTC,23.4914663006
2023-03-13 23:21:00.000000 UTC,24.061036649
2023-03-13 23:22:00.000000 UTC,22.7933138854
2023-03-13 23:23:00.000000 UTC,22.8628999542
2023-03-13 23:24:00.000000 UTC,22.30978094
2023-03-13 23:25:00.000000 UTC,21.587413398200002
2023-03-13 23:26:00.000000 UTC,21.3912065962
2023-03-13 23:27:00.000000 UTC,19.806767463
2023-03-13 23:28:00.000000 UTC,19.615715826400002
2023-03-13 23:29:00.000000 UTC,18.814304189599998
2023-03-13 23:30:00.000000 UTC,19.805617704
2023-03-13 23:31:00.000000 UTC,19.314368598599998
2023-03-13 23:32:00.000000 UTC,19.089686352799998
2023-03-13 23:33:00.000000 UTC,20.215812569
2023-03-13 23:34:00.000000 UTC,19.698175878
2023-03-13 23:35:00.000000 UTC,19.392358731
2023-03-13 23:36:00.000000 UTC,19.733293078400003
2023-03-13 23:37:00.000000 UTC,18.7339359508
2023-03-13 23:38:00.000000 UTC,18.7895523414
2023-03-13 23:39:00.000000 UTC,18.6966164164
2023-03-13 23:40:00.000000 UTC,19.4308713644
2023-03-13 23:41:00.000000 UTC,19.399196243400002
2023-03-13 23:42:00.000000 UTC,18.471522173599997
2023-03-13 23:43:00.000000 UTC,18.2227783116
2023-03-13 23:44:00.000000 UTC,17.5603188332
2023-03-13 23:45:00.000000 UTC,17.3243871458
2023-03-13 23:46:00.000000 UTC,17.8025346318
2023-03-13 23:47:00.000000 UTC,17.351242534
2023-03-13 23:48:00.000000 UTC,18.6847397682
2023-03-13 23:49:00.000000 UTC,18.4657850892
2023-03-13 23:50:00.000000 UTC,17.6735354564
2023-03-13 23:51:00.000000 UTC,16.703582045
2023-03-13 23:52:00.000000 UTC,16.7099001576
2023-03-13 23:53:00.000000 UTC,17.127279838
2023-03-13 23:54:00.000000 UTC,18.000760467
2023-03-13 23:55:00.000000 UTC,17.9968190836
2023-03-13 23:56:00.000000 UTC,17.629142768799998
2023-03-13 23:57:00.000000 UTC,18.103997734
2023-03-13 23:58:00.000000 UTC,18.5343847766
2023-03-13 23:59:00.000000 UTC,19.19256837525
2023-03-14 00:00:00.000000 UTC,19.237619879599997
2023-03-14 00:01:00.000000 UTC,20.6216941445
2023-03-14 00:02:00.000000 UTC,25.4150265532
2023-03-14 00:03:00.000000 UTC,25.5622350658
2023-03-14 00:04:00.000000 UTC,23.322759001799998
2023-03-14 00:05:00.000000 UTC,22.354420260599998
2023-03-14 00:06:00.000000 UTC,24.8785905526
2023-03-14 00:07:00.000000 UTC,28.1888033984
2023-03-14 00:08:00.000000 UTC,28.2287022218
2023-03-14 00:09:00.000000 UTC,25.1949249474
2023-03-14 00:10:00.000000 UTC,24.510130156200002
2023-03-14 00:11:00.000000 UTC,24.124588121
2023-03-14 00:12:00.000000 UTC,23.421068724
2023-03-14 00:13:00.000000 UTC,23.4203351185
2023-03-14 00:14:00.000000 UTC,22.040378555
2023-03-14 00:15:00.000000 UTC,21.6501817945
2023-03-14 00:16:00.000000 UTC,21.632370526400003
2023-03-14 00:17:00.000000 UTC,21.374560852200002
2023-03-14 00:18:00.000000 UTC,20.4715113992
2023-03-14 00:19:00.000000 UTC,21.1351240556
2023-03-14 00:20:00.000000 UTC,20.7765710238
2023-03-14 00:21:00.000000 UTC,19.8905673682
2023-03-14 00:22:00.000000 UTC,19.005992621
2023-03-14 00:23:00.000000 UTC,18.716558631
2023-03-14 00:24:00.000000 UTC,18.833550779400003
2023-03-14 00:25:00.000000 UTC,19.035832048
2023-03-14 00:26:00.000000 UTC,18.2576894748
2023-03-14 00:27:00.000000 UTC,19.4532469894
2023-03-14 00:28:00.000000 UTC,20.295045639
2023-03-14 00:29:00.000000 UTC,19.795452669400003
2023-03-14 00:30:00.000000 UTC,20.3304273594
2023-03-14 00:31:00.000000 UTC,19.93408455
2023-03-14 00:32:00.000000 UTC,18.8636101036
2023-03-14 00:33:00.000000 UTC,20.4919088358
2023-03-14 00:34:00.000000 UTC,19.6907563708
2023-03-14 00:35:00.000000 UTC,18.1395789928
2023-03-14 00:36:00.000000 UTC,18.49332606
2023-03-14 00:37:00.000000 UTC,19.3342529412
2023-03-14 00:38:00.000000 UTC,18.9351872236
2023-03-14 00:39:00.000000 UTC,19.0499907598
2023-03-14 00:40:00.000000 UTC,19.728344856400003
2023-03-14 00:41:00.000000 UTC,20.9688663108
2023-03-14 00:42:00.000000 UTC,20.9935259158
2023-03-14 00:43:00.000000 UTC,20.3871586072
2023-03-14 00:44:00.000000 UTC,19.62005211
2023-03-14 00:45:00.000000 UTC,21.5633381356
2023-03-14 00:46:00.000000 UTC,22.1718935768
2023-03-14 00:47:00.000000 UTC,21.372889237400003
2023-03-14 00:48:00.000000 UTC,21.461188320599998
2023-03-14 00:49:00.000000 UTC,20.5658870668
2023-03-14 00:50:00.000000 UTC,20.3943924258
2023-03-14 00:51:00.000000 UTC,21.0758205398
2023-03-14 00:52:00.000000 UTC,22.39277117475
2023-03-14 00:53:00.000000 UTC,21.7305721882
2023-03-14 00:54:00.000000 UTC,20.220364838400002
2023-03-14 00:55:00.000000 UTC,21.5572327135
2023-03-14 00:56:00.000000 UTC,23.530947036599997
2023-03-14 00:57:00.000000 UTC,21.700273042400003
2023-03-14 00:58:00.000000 UTC,20.3953419148
2023-03-14 00:59:00.000000 UTC,20.957902358400002
2023-03-14 01:00:00.000000 UTC,20.1524368522
2023-03-14 01:01:00.000000 UTC,19.4418901618
2023-03-14 01:02:00.000000 UTC,18.380762929400003
2023-03-14 01:03:00.000000 UTC,19.4604520732
2023-03-14 01:04:00.000000 UTC,19.229198835400002
2023-03-14 01:05:00.000000 UTC,18.712349503400002
2023-03-14 01:06:00.000000 UTC,18.5621875044
2023-03-14 01:07:00.000000 UTC,19.038564271
2023-03-14 01:08:00.000000 UTC,18.5717389428
2023-03-14 01:09:00.000000 UTC,17.517831681
2023-03-14 01:10:00.000000 UTC,16.616035456200002
2023-03-14 01:11:00.000000 UTC,16.6285148355
2023-03-14 01:12:00.000000 UTC,17.5663283164
2023-03-14 01:13:00.000000 UTC,17.207092291400002
2023-03-14 01:14:00.000000 UTC,16.630638341
2023-03-14 01:15:00.000000 UTC,16.603686620799998
2023-03-14 01:16:00.000000 UTC,16.482514966
2023-03-14 01:17:00.000000 UTC,17.367425239
2023-03-14 01:18:00.000000 UTC,17.1884852986
2023-03-14 01:19:00.000000 UTC,16.7471119014
2023-03-14 01:20:00.000000 UTC,17.196972101
2023-03-14 01:21:00.000000 UTC,17.370475701
2023-03-14 01:22:00.000000 UTC,17.889901987
2023-03-14 01:23:00.000000 UTC,17.7586047628
2023-03-14 01:24:00.000000 UTC,16.792014555
2023-03-14 01:25:00.000000 UTC,18.4656623236
2023-03-14 01:26:00.000000 UTC,18.058872967400003
2023-03-14 01:27:00.000000 UTC,18.592039737
2023-03-14 01:28:00.000000 UTC,18.34836618425
2023-03-14 01:29:00.000000 UTC,19.2089225118
2023-03-14 01:30:00.000000 UTC,19.349836922
2023-03-14 01:31:00.000000 UTC,19.322263097
2023-03-14 01:32:00.000000 UTC,18.470763987
2023-03-14 01:33:00.000000 UTC,18.227077806
2023-03-14 01:34:00.000000 UTC,18.0173773974
2023-03-14 01:35:00.000000 UTC,18.251518186400002
2023-03-14 01:36:00.000000 UTC,19.1039821958
2023-03-14 01:37:00.000000 UTC,19.332628506
2023-03-14 01:38:00.000000 UTC,17.9495469216
2023-03-14 01:39:00.000000 UTC,17.5269485584
2023-03-14 01:40:00.000000 UTC,17.05419264
2023-03-14 01:41:00.000000 UTC,16.9223657368
2023-03-14 01:42:00.000000 UTC,16.924303603600002
2023-03-14 01:43:00.000000 UTC,17.6819200384
2023-03-14 01:44:00.000000 UTC,17.192576469200002
2023-03-14 01:45:00.000000 UTC,16.747389613
2023-03-14 01:46:00.000000 UTC,17.655674453
2023-03-14 01:47:00.000000 UTC,17.960424119
2023-03-14 01:48:00.000000 UTC,18.045912326
2023-03-14 01:49:00.000000 UTC,18.034695337400002
2023-03-14 01:50:00.000000 UTC,17.502309976
2023-03-14 01:51:00.000000 UTC,18.777557569
2023-03-14 01:52:00.000000 UTC,20.7191085658
2023-03-14 01:53:00.000000 UTC,21.186239695
2023-03-14 01:54:00.000000 UTC,23.0900352505
2023-03-14 01:55:00.000000 UTC,22.4503015324
2023-03-14 01:56:00.000000 UTC,23.464477993400003
2023-03-14 01:57:00.000000 UTC,22.6553322736
2023-03-14 01:58:00.000000 UTC,22.5320409856
2023-03-14 01:59:00.000000 UTC,23.494246176599997
2023-03-14 02:00:00.000000 UTC,25.331832199599997
2023-03-14 02:01:00.000000 UTC,25.219025579
2023-03-14 02:02:00.000000 UTC,26.89334130475
2023-03-14 02:03:00.000000 UTC,26.4089140284
2023-03-14 02:04:00.000000 UTC,24.4028198916
2023-03-14 02:05:00.000000 UTC,23.0272901152
2023-03-14 02:06:00.000000 UTC,24.673299592400003
2023-03-14 02:07:00.000000 UTC,25.0023426268
2023-03-14 02:08:00.000000 UTC,24.752761234
2023-03-14 02:09:00.000000 UTC,26.3464973096
2023-03-14 02:10:00.000000 UTC,24.3909134398
2023-03-14 02:11:00.000000 UTC,26.9244175242
2023-03-14 02:12:00.000000 UTC,25.9345381422
2023-03-14 02:13:00.000000 UTC,26.601155548
2023-03-14 02:14:00.000000 UTC,25.4877108102
2023-03-14 02:15:00.000000 UTC,23.610085815799998
2023-03-14 02:16:00.000000 UTC,24.3826006726
2023-03-14 02:17:00.000000 UTC,26.629567488400003
2023-03-14 02:18:00.000000 UTC,27.0462483
2023-03-14 02:19:00.000000 UTC,26.7654786764
2023-03-14 02:20:00.000000 UTC,27.1057369018
2023-03-14 02:21:00.000000 UTC,26.2630341732
2023-03-14 02:22:00.000000 UTC,25.733403022
2023-03-14 02:23:00.000000 UTC,26.9483145588
2023-03-14 02:24:00.000000 UTC,25.4477401218
2023-03-14 02:25:00.000000 UTC,29.3825705118
2023-03-14 02:26:00.000000 UTC,32.953994894
2023-03-14 02:27:00.000000 UTC,29.5920657876
2023-03-14 02:28:00.000000 UTC,29.4026732228
2023-03-14 02:29:00.000000 UTC,30.709860772
2023-03-14 02:30:00.000000 UTC,28.6184809168
2023-03-14 02:31:00.000000 UTC,25.0635402608
2023-03-14 02:32:00.000000 UTC,24.648048680400002
2023-03-14 02:33:00.000000 UTC,24.6792824162
2023-03-14 02:34:00.000000 UTC,24.9561965296
2023-03-14 02:35:00.000000 UTC,25.2853593738
2023-03-14 02:36:00.000000 UTC,24.1977761694
2023-03-14 02:37:00.000000 UTC,23.9758701108
2023-03-14 02:38:00.000000 UTC,23.1702920418
2023-03-14 02:39:00.000000 UTC,22.8317436962
2023-03-14 02:40:00.000000 UTC,23.8680591798
2023-03-14 02:41:00.000000 UTC,25.6554643284
2023-03-14 02:42:00.000000 UTC,25.258427312200002
2023-03-14 02:43:00.000000 UTC,23.4392275566
2023-03-14 02:44:00.000000 UTC,22.7515831156
2023-03-14 02:45:00.000000 UTC,21.452595333599998
2023-03-14 02:46:00.000000 UTC,19.8852300716
2023-03-14 02:47:00.000000 UTC,19.9896445888
2023-03-14 02:48:00.000000 UTC,23.1962544282
2023-03-14 02:49:00.000000 UTC,21.145931045599998
2023-03-14 02:50:00.000000 UTC,21.6196289576
2023-03-14 02:51:00.000000 UTC,20.940171388
2023-03-14 02:52:00.000000 UTC,21.7106000868
2023-03-14 02:53:00.000000 UTC,20.97636117325
2023-03-14 02:54:00.000000 UTC,21.2602299222
2023-03-14 02:55:00.000000 UTC,20.6742048132
2023-03-14 02:56:00.000000 UTC,20.9562821132
2023-03-14 02:57:00.000000 UTC,21.442373119
2023-03-14 02:58:00.000000 UTC,20.2850927064
2023-03-14 02:59:00.000000 UTC,19.4527044268
2023-03-14 03:00:00.000000 UTC,19.5834665904
2023-03-14 03:01:00.000000 UTC,20.914145710400003
2023-03-14 03:02:00.000000 UTC,20.363193856200002
2023-03-14 03:03:00.000000 UTC,19.1457555888
2023-03-14 03:04:00.000000 UTC,19.084797642799998
2023-03-14 03:05:00.000000 UTC,19.5009142554
2023-03-14 03:06:00.000000 UTC,19.9937026858
2023-03-14 03:07:00.000000 UTC,20.4206347278
2023-03-14 03:08:00.000000 UTC,20.243300116599997
2023-03-14 03:09:00.000000 UTC,19.978164622
2023-03-14 03:10:00.000000 UTC,20.156135286
2023-03-14 03:11:00.000000 UTC,21.8845137878
2023-03-14 03:12:00.000000 UTC,20.1069194518
2023-03-14 03:13:00.000000 UTC,20.641929350799998
2023-03-14 03:14:00.000000 UTC,20.64432902425
2023-03-14 03:15:00.000000 UTC,19.4915797554
2023-03-14 03:16:00.000000 UTC,20.404949942200002
2023-03-14 03:17:00.000000 UTC,19.1545729552
2023-03-14 03:18:00.000000 UTC,18.857704633
2023-03-14 03:19:00.000000 UTC,18.4539781722
2023-03-14 03:20:00.000000 UTC,18.241882134
2023-03-14 03:21:00.000000 UTC,19.065389631
2023-03-14 03:22:00.000000 UTC,17.6463907324
2023-03-14 03:23:00.000000 UTC,18.6681185648
2023-03-14 03:24:00.000000 UTC,17.5880190544
2023-03-14 03:25:00.000000 UTC,17.583796128
2023-03-14 03:26:00.000000 UTC,16.795950871
2023-03-14 03:27:00.000000 UTC,16.8945843242
2023-03-14 03:28:00.000000 UTC,16.649063120799998
2023-03-14 03:29:00.000000 UTC,16.5808545282
2023-03-14 03:30:00.000000 UTC,17.7767578816
2023-03-14 03:31:00.000000 UTC,17.720835349599998
2023-03-14 03:32:00.000000 UTC,17.454595707
2023-03-14 03:33:00.000000 UTC,16.43537214025
2023-03-14 03:34:00.000000 UTC,17.1502051426
2023-03-14 03:35:00.000000 UTC,16.980331147799998
2023-03-14 03:36:00.000000 UTC,15.8922356522
2023-03-14 03:37:00.000000 UTC,16.9715238114
2023-03-14 03:38:00.000000 UTC,17.1742324206
2023-03-14 03:39:00.000000 UTC,17.6904304022
2023-03-14 03:40:00.000000 UTC,18.0363653832
2023-03-14 03:41:00.000000 UTC,18.252310381
2023-03-14 03:42:00.000000 UTC,17.4292212242
2023-03-14 03:43:00.000000 UTC,16.71580387
2023-03-14 03:44:00.000000 UTC,16.6965360124
2023-03-14 03:45:00.000000 UTC,16.776517656
2023-03-14 03:46:00.000000 UTC,17.02845225
2023-03-14 03:47:00.000000 UTC,17.0134328116
2023-03-14 03:48:00.000000 UTC,16.9629954868
2023-03-14 03:49:00.000000 UTC,17.1617020895
2023-03-14 03:50:00.000000 UTC,17.6789065112
2023-03-14 03:51:00.000000 UTC,17.161334070200002
2023-03-14 03:52:00.000000 UTC,16.3952824144
2023-03-14 03:53:00.000000 UTC,16.9714463876
2023-03-14 03:54:00.000000 UTC,17.195687857
2023-03-14 03:55:00.000000 UTC,19.0506665208
2023-03-14 03:56:00.000000 UTC,17.6737917682
2023-03-14 03:57:00.000000 UTC,16.6631353372
2023-03-14 03:58:00.000000 UTC,16.966032983
2023-03-14 03:59:00.000000 UTC,17.5132736458
2023-03-14 04:00:00.000000 UTC,17.9835741274
2023-03-14 04:01:00.000000 UTC,17.4143590792
2023-03-14 04:02:00.000000 UTC,18.8799608818
2023-03-14 04:03:00.000000 UTC,20.4838611154
2023-03-14 04:04:00.000000 UTC,19.734480783200002
2023-03-14 04:05:00.000000 UTC,18.421716227799998
2023-03-14 04:06:00.000000 UTC,17.3779472432
2023-03-14 04:07:00.000000 UTC,16.8840884802
2023-03-14 04:08:00.000000 UTC,17.735827061400002
2023-03-14 04:09:00.000000 UTC,17.879163336799998
2023-03-14 04:10:00.000000 UTC,17.548617075400003
2023-03-14 04:11:00.000000 UTC,17.0615623132
2023-03-14 04:12:00.000000 UTC,18.398497374
2023-03-14 04:13:00.000000 UTC,17.1473074274
2023-03-14 04:14:00.000000 UTC,16.403226218
2023-03-14 04:15:00.000000 UTC,17.717495535799998
2023-03-14 04:16:00.000000 UTC,17.2952626384
2023-03-14 04:17:00.000000 UTC,17.5776814704
2023-03-14 04:18:00.000000 UTC,16.8431413814
2023-03-14 04:19:00.000000 UTC,16.7897385998
2023-03-14 04:20:00.000000 UTC,17.699338563
2023-03-14 04:21:00.000000 UTC,17.512867563
2023-03-14 04:22:00.000000 UTC,17.5841381828
2023-03-14 04:23:00.000000 UTC,17.1354656864
2023-03-14 04:24:00.000000 UTC,18.403173015
2023-03-14 04:25:00.000000 UTC,17.092994658600002
2023-03-14 04:26:00.000000 UTC,17.236284968
2023-03-14 04:27:00.000000 UTC,16.4836716342
2023-03-14 04:28:00.000000 UTC,16.4730524554
2023-03-14 04:29:00.000000 UTC,16.188608556200002
2023-03-14 04:30:00.000000 UTC,16.4534404536
2023-03-14 04:31:00.000000 UTC,16.519680174
2023-03-14 04:32:00.000000 UTC,16.4450806256
2023-03-14 04:33:00.000000 UTC,16.276584815
2023-03-14 04:34:00.000000 UTC,18.701421505
2023-03-14 04:35:00.000000 UTC,16.637171340200002
2023-03-14 04:36:00.000000 UTC,17.909502237
2023-03-14 04:37:00.000000 UTC,19.343616133799998
2023-03-14 04:38:00.000000 UTC,18.737026726
2023-03-14 04:39:00.000000 UTC,18.515298744
2023-03-14 04:40:00.000000 UTC,18.739176384
2023-03-14 04:41:00.000000 UTC,18.408867701
2023-03-14 04:42:00.000000 UTC,18.6537166848
2023-03-14 04:43:00.000000 UTC,16.7709444216
2023-03-14 04:44:00.000000 UTC,15.9567099864
2023-03-14 04:45:00.000000 UTC,16.7134755788
2023-03-14 04:46:00.000000 UTC,16.4495427212
2023-03-14 04:47:00.000000 UTC,16.85546106775
2023-03-14 04:48:00.000000 UTC,17.1148323908
2023-03-14 04:49:00.000000 UTC,16.2277559196
2023-03-14 04:50:00.000000 UTC,16.9182499642
2023-03-14 04:51:00.000000 UTC,16.9528353432
2023-03-14 04:52:00.000000 UTC,18.4024584658
2023-03-14 04:53:00.000000 UTC,16.965430561399998
2023-03-14 04:54:00.000000 UTC,17.6398101572
2023-03-14 04:55:00.000000 UTC,17.0164479554
2023-03-14 04:56:00.000000 UTC,15.7373395416
2023-03-14 04:57:00.000000 UTC,19.4080166746
2023-03-14 04:58:00.000000 UTC,21.9117947278
2023-03-14 04:59:00.000000 UTC,19.766601388
2023-03-14 05:00:00.000000 UTC,19.504163683599998
2023-03-14 05:01:00.000000 UTC,19.137644595
2023-03-14 05:02:00.000000 UTC,18.4888484262
2023-03-14 05:03:00.000000 UTC,17.097436761
2023-03-14 05:04:00.000000 UTC,15.5952091878
2023-03-14 05:05:00.000000 UTC,15.5526782114
2023-03-14 05:06:00.000000 UTC,15.4118425278
2023-03-14 05:07:00.000000 UTC,17.0398506984
2023-03-14 05:08:00.000000 UTC,15.8727811936
2023-03-14 05:09:00.000000 UTC,16.207663894
2023-03-14 05:10:00.000000 UTC,15.4464439486
2023-03-14 05:11:00.000000 UTC,16.5147961556
2023-03-14 05:12:00.000000 UTC,18.313550032
2023-03-14 05:13:00.000000 UTC,19.6827021492
2023-03-14 05:14:00.000000 UTC,19.878718108
2023-03-14 05:15:00.000000 UTC,19.44281884
2023-03-14 05:16:00.000000 UTC,19.0836356344
2023-03-14 05:17:00.000000 UTC,18.024998219
2023-03-14 05:18:00.000000 UTC,18.715633956599998
2023-03-14 05:19:00.000000 UTC,19.978664637799998
2023-03-14 05:20:00.000000 UTC,21.6528888862
2023-03-14 05:21:00.000000 UTC,23.410745214200002
2023-03-14 05:22:00.000000 UTC,20.6871850822
2023-03-14 05:23:00.000000 UTC,18.5848705166
2023-03-14 05:24:00.000000 UTC,18.7062350614
2023-03-14 05:25:00.000000 UTC,17.6778894232
2023-03-14 05:26:00.000000 UTC,17.260154967200002
2023-03-14 05:27:00.000000 UTC,17.108395112
2023-03-14 05:28:00.000000 UTC,16.4810055998
2023-03-14 05:29:00.000000 UTC,16.2757071966
2023-03-14 05:30:00.000000 UTC,18.3607290542
2023-03-14 05:31:00.000000 UTC,17.5993631198
2023-03-14 05:32:00.000000 UTC,17.040591053
2023-03-14 05:33:00.000000 UTC,16.573627846
2023-03-14 05:34:00.000000 UTC,17.0000455928
2023-03-14 05:35:00.000000 UTC,16.3266227766
2023-03-14 05:36:00.000000 UTC,15.8100153912
2023-03-14 05:37:00.000000 UTC,16.1791651724
2023-03-14 05:38:00.000000 UTC,16.4974726372
2023-03-14 05:39:00.000000 UTC,15.584243229799998
2023-03-14 05:40:00.000000 UTC,16.902501443200002
2023-03-14 05:41:00.000000 UTC,16.2538245072
2023-03-14 05:42:00.000000 UTC,15.72346486175
2023-03-14 05:43:00.000000 UTC,15.5193843808
2023-03-14 05:44:00.000000 UTC,15.987916400200001
2023-03-14 05:45:00.000000 UTC,16.3368732114
2023-03-14 05:46:00.000000 UTC,15.7168915528
2023-03-14 05:47:00.000000 UTC,15.7035022816
2023-03-14 05:48:00.000000 UTC,16.10610869925
2023-03-14 05:49:00.000000 UTC,17.506479576
2023-03-14 05:50:00.000000 UTC,15.7686163004
2023-03-14 05:51:00.000000 UTC,15.2016656754
2023-03-14 05:52:00.000000 UTC,16.576800703
2023-03-14 05:53:00.000000 UTC,16.0821100382
2023-03-14 05:54:00.000000 UTC,15.895072393200001
2023-03-14 05:55:00.000000 UTC,16.6424863194
2023-03-14 05:56:00.000000 UTC,16.3561010146
2023-03-14 05:57:00.000000 UTC,16.4986655912
2023-03-14 05:58:00.000000 UTC,16.007453544
2023-03-14 05:59:00.000000 UTC,16.1268052986
2023-03-14 06:00:00.000000 UTC,17.570151456599998
2023-03-14 06:01:00.000000 UTC,20.58890033125
2023-03-14 06:02:00.000000 UTC,20.401492212
2023-03-14 06:03:00.000000 UTC,20.737333578599998
2023-03-14 06:04:00.000000 UTC,20.7870150064
2023-03-14 06:05:00.000000 UTC,19.6347253462
2023-03-14 06:06:00.000000 UTC,19.1822578598
2023-03-14 06:07:00.000000 UTC,19.1770368278
2023-03-14 06:08:00.000000 UTC,18.722982356
2023-03-14 06:09:00.000000 UTC,17.7555344364
2023-03-14 06:10:00.000000 UTC,16.5763936054
2023-03-14 06:11:00.000000 UTC,17.689068803799998
2023-03-14 06:12:00.000000 UTC,18.4769047274
2023-03-14 06:13:00.000000 UTC,17.825992384
2023-03-14 06:14:00.000000 UTC,17.8220989806
2023-03-14 06:15:00.000000 UTC,18.252269947400002
2023-03-14 06:16:00.000000 UTC,18.155604081
2023-03-14 06:17:00.000000 UTC,16.901595775
2023-03-14 06:18:00.000000 UTC,16.316511446
2023-03-14 06:19:00.000000 UTC,14.6200274962
2023-03-14 06:20:00.000000 UTC,17.2335720606
2023-03-14 06:21:00.000000 UTC,16.45774713
2023-03-14 06:22:00.000000 UTC,15.960239896600001
2023-03-14 06:23:00.000000 UTC,16.2589533602
2023-03-14 06:24:00.000000 UTC,16.377775195799998
2023-03-14 06:25:00.000000 UTC,15.996058264799998
2023-03-14 06:26:00.000000 UTC,16.339292180799998
2023-03-14 06:27:00.000000 UTC,16.7761582422
2023-03-14 06:28:00.000000 UTC,16.62272549
2023-03-14 06:29:00.000000 UTC,17.5419888068
2023-03-14 06:30:00.000000 UTC,17.1150190928
2023-03-14 06:31:00.000000 UTC,16.6879499324
2023-03-14 06:32:00.000000 UTC,15.7346898316
2023-03-14 06:33:00.000000 UTC,15.706050751
2023-03-14 06:34:00.000000 UTC,16.50866156
2023-03-14 06:35:00.000000 UTC,16.3963140698
2023-03-14 06:36:00.000000 UTC,16.88503081325
2023-03-14 06:37:00.000000 UTC,17.6410372088
2023-03-14 06:38:00.000000 UTC,17.434326640200002
2023-03-14 06:39:00.000000 UTC,16.872760142
2023-03-14 06:40:00.000000 UTC,16.585870619399998
2023-03-14 06:41:00.000000 UTC,16.452608747
2023-03-14 06:42:00.000000 UTC,16.0048021572
2023-03-14 06:43:00.000000 UTC,16.5573648582
2023-03-14 06:44:00.000000 UTC,16.6335155616
2023-03-14 06:45:00.000000 UTC,16.514557981
2023-03-14 06:46:00.000000 UTC,16.2319229654
2023-03-14 06:47:00.000000 UTC,15.5151858084
2023-03-14 06:48:00.000000 UTC,15.7846620284
2023-03-14 06:49:00.000000 UTC,15.7362686586
2023-03-14 06:50:00.000000 UTC,15.8139169318
2023-03-14 06:51:00.000000 UTC,16.2208340364
2023-03-14 06:52:00.000000 UTC,16.1285856422
2023-03-14 06:53:00.000000 UTC,15.9252844704
2023-03-14 06:54:00.000000 UTC,16.4940812464
2023-03-14 06:55:00.000000 UTC,17.0944602512
2023-03-14 06:56:00.000000 UTC,17.1253340248
2023-03-14 06:57:00.000000 UTC,16.1494386248
2023-03-14 06:58:00.000000 UTC,15.7235307782
2023-03-14 06:59:00.000000 UTC,16.1719483702
2023-03-14 07:00:00.000000 UTC,17.90422907275
2023-03-14 07:01:00.000000 UTC,18.511684973799998
2023-03-14 07:02:00.000000 UTC,16.4791252596
2023-03-14 07:03:00.000000 UTC,16.105710902600002
2023-03-14 07:04:00.000000 UTC,15.5299311338
2023-03-14 07:05:00.000000 UTC,16.289977044
2023-03-14 07:06:00.000000 UTC,15.7989707178
2023-03-14 07:07:00.000000 UTC,15.6898689786
2023-03-14 07:08:00.000000 UTC,15.7978112736
2023-03-14 07:09:00.000000 UTC,16.8836783444
2023-03-14 07:10:00.000000 UTC,16.659466642
2023-03-14 07:11:00.000000 UTC,16.549970297399998
2023-03-14 07:12:00.000000 UTC,15.9854884684
2023-03-14 07:13:00.000000 UTC,16.129887397
2023-03-14 07:14:00.000000 UTC,16.2802499676
2023-03-14 07:15:00.000000 UTC,15.759793372799999
2023-03-14 07:16:00.000000 UTC,15.746839659399999
2023-03-14 07:17:00.000000 UTC,15.7978308206
2023-03-14 07:18:00.000000 UTC,15.6037471946
2023-03-14 07:19:00.000000 UTC,16.551400579
2023-03-14 07:20:00.000000 UTC,15.8558992506
2023-03-14 07:21:00.000000 UTC,15.4607914178
2023-03-14 07:22:00.000000 UTC,16.8370109578
2023-03-14 07:23:00.000000 UTC,15.6890602968
2023-03-14 07:24:00.000000 UTC,15.9292340574
2023-03-14 07:25:00.000000 UTC,15.864152747799999
2023-03-14 07:26:00.000000 UTC,17.6696919002
2023-03-14 07:27:00.000000 UTC,16.7543238108
2023-03-14 07:28:00.000000 UTC,15.661489233
2023-03-14 07:29:00.000000 UTC,16.1975621866
2023-03-14 07:30:00.000000 UTC,17.4343418478
2023-03-14 07:31:00.000000 UTC,17.0701903606
2023-03-14 07:32:00.000000 UTC,16.6046361688
2023-03-14 07:33:00.000000 UTC,15.591638613399999
2023-03-14 07:34:00.000000 UTC,15.806397477600001
2023-03-14 07:35:00.000000 UTC,15.6951445254
2023-03-14 07:36:00.000000 UTC,16.349244718799998
2023-03-14 07:37:00.000000 UTC,15.7605653008
2023-03-14 07:38:00.000000 UTC,15.5887058726
2023-03-14 07:39:00.000000 UTC,16.1828371466
2023-03-14 07:40:00.000000 UTC,15.655805005
2023-03-14 07:41:00.000000 UTC,17.179606551
2023-03-14 07:42:00.000000 UTC,17.9611701206
2023-03-14 07:43:00.000000 UTC,16.8916100088
2023-03-14 07:44:00.000000 UTC,15.4100298856
2023-03-14 07:45:00.000000 UTC,15.7005641816
2023-03-14 07:46:00.000000 UTC,16.0654853272
2023-03-14 07:47:00.000000 UTC,16.0341805644
2023-03-14 07:48:00.000000 UTC,16.656894925
2023-03-14 07:49:00.000000 UTC,16.0593016056
2023-03-14 07:50:00.000000 UTC,16.170154925600002
2023-03-14 07:51:00.000000 UTC,15.5877846794
2023-03-14 07:52:00.000000 UTC,17.588211562666668
2023-03-14 07:53:00.000000 UTC,17.895764821599997
2023-03-14 07:54:00.000000 UTC,16.4935334678
2023-03-14 07:55:00.000000 UTC,16.0012958462
2023-03-14 07:56:00.000000 UTC,15.607479854
2023-03-14 07:57:00.000000 UTC,15.680730550200002
2023-03-14 07:58:00.000000 UTC,15.3861437934
2023-03-14 07:59:00.000000 UTC,15.75427657975
2023-03-14 08:00:00.000000 UTC,17.1594623534
2023-03-14 08:01:00.000000 UTC,16.385812102
2023-03-14 08:02:00.000000 UTC,16.043105189
2023-03-14 08:03:00.000000 UTC,15.838674424799999
2023-03-14 08:04:00.000000 UTC,17.680386080799998
2023-03-14 08:05:00.000000 UTC,16.2796380582
2023-03-14 08:06:00.000000 UTC,16.1101973152
2023-03-14 08:07:00.000000 UTC,16.5283363004
2023-03-14 08:08:00.000000 UTC,15.949984922799999
2023-03-14 08:09:00.000000 UTC,15.6677861202
2023-03-14 08:10:00.000000 UTC,16.077133066200002
2023-03-14 08:11:00.000000 UTC,16.6875304622
2023-03-14 08:12:00.000000 UTC,16.30884338875
2023-03-14 08:13:00.000000 UTC,19.8447094142
2023-03-14 08:14:00.000000 UTC,21.1478994442
2023-03-14 08:15:00.000000 UTC,20.27048017
2023-03-14 08:16:00.000000 UTC,18.866777840799998
2023-03-14 08:17:00.000000 UTC,18.575647044
2023-03-14 08:18:00.000000 UTC,18.0526665996
2023-03-14 08:19:00.000000 UTC,16.8216295322
2023-03-14 08:20:00.000000 UTC,17.0715708854
2023-03-14 08:21:00.000000 UTC,16.6267512754
2023-03-14 08:22:00.000000 UTC,16.119948227
2023-03-14 08:23:00.000000 UTC,16.0223861572
2023-03-14 08:24:00.000000 UTC,16.2190052306
2023-03-14 08:25:00.000000 UTC,16.6918192694
2023-03-14 08:26:00.000000 UTC,16.525218731200003
2023-03-14 08:27:00.000000 UTC,16.974794843799998
2023-03-14 08:28:00.000000 UTC,16.8285361352
2023-03-14 08:29:00.000000 UTC,16.2407291992
2023-03-14 08:30:00.000000 UTC,16.448663448
2023-03-14 08:31:00.000000 UTC,17.24271998
2023-03-14 08:32:00.000000 UTC,16.2276228074
2023-03-14 08:33:00.000000 UTC,15.8328472456
2023-03-14 08:34:00.000000 UTC,16.1440998984
2023-03-14 08:35:00.000000 UTC,15.624596370399999
2023-03-14 08:36:00.000000 UTC,16.3815521522
2023-03-14 08:37:00.000000 UTC,15.707623063200002
2023-03-14 08:38:00.000000 UTC,15.587821076200001
2023-03-14 08:39:00.000000 UTC,15.794346757200001
2023-03-14 08:40:00.000000 UTC,15.7392864048
2023-03-14 08:41:00.000000 UTC,16.082784302
2023-03-14 08:42:00.000000 UTC,17.2237230368
2023-03-14 08:43:00.000000 UTC,16.3285928096
2023-03-14 08:44:00.000000 UTC,16.59650374
2023-03-14 08:45:00.000000 UTC,16.1568405376
2023-03-14 08:46:00.000000 UTC,16.3358182386
2023-03-14 08:47:00.000000 UTC,15.8585514158
2023-03-14 08:48:00.000000 UTC,15.97372968225
2023-03-14 08:49:00.000000 UTC,18.602724539
2023-03-14 08:50:00.000000 UTC,19.821187514
2023-03-14 08:51:00.000000 UTC,21.9866246878
2023-03-14 08:52:00.000000 UTC,19.803331018599998
2023-03-14 08:53:00.000000 UTC,18.3899938488
2023-03-14 08:54:00.000000 UTC,18.364513895
2023-03-14 08:55:00.000000 UTC,17.9686845478
2023-03-14 08:56:00.000000 UTC,16.3761188318
2023-03-14 08:57:00.000000 UTC,15.975983031799998
2023-03-14 08:58:00.000000 UTC,15.429676545200001
2023-03-14 08:59:00.000000 UTC,16.4046456722
2023-03-14 09:00:00.000000 UTC,17.5828823906
2023-03-14 09:01:00.000000 UTC,19.5529770182
2023-03-14 09:02:00.000000 UTC,19.723699969400002
2023-03-14 09:03:00.000000 UTC,19.0321052628
2023-03-14 09:04:00.000000 UTC,18.617752606
2023-03-14 09:05:00.000000 UTC,20.366105681
2023-03-14 09:06:00.000000 UTC,30.5555346272
2023-03-14 09:07:00.000000 UTC,33.3578541478
2023-03-14 09:08:00.000000 UTC,27.979147528
2023-03-14 09:09:00.000000 UTC,25.202429067599997
2023-03-14 09:10:00.000000 UTC,22.4145166358
2023-03-14 09:11:00.000000 UTC,20.668624463599997
2023-03-14 09:12:00.000000 UTC,20.0013242766
2023-03-14 09:13:00.000000 UTC,19.728252738
2023-03-14 09:14:00.000000 UTC,20.03801508125
2023-03-14 09:15:00.000000 UTC,18.7772192332
2023-03-14 09:16:00.000000 UTC,18.776525236599998
2023-03-14 09:17:00.000000 UTC,17.8044024682
2023-03-14 09:18:00.000000 UTC,17.0166886646
2023-03-14 09:19:00.000000 UTC,16.811157520600002
2023-03-14 09:20:00.000000 UTC,17.1017254358
2023-03-14 09:21:00.000000 UTC,16.1872468048
2023-03-14 09:22:00.000000 UTC,15.7037294408
2023-03-14 09:23:00.000000 UTC,16.9909770076
2023-03-14 09:24:00.000000 UTC,15.86613961
2023-03-14 09:25:00.000000 UTC,16.3860499876
2023-03-14 09:26:00.000000 UTC,16.8746688214
2023-03-14 09:27:00.000000 UTC,17.009181091200002
2023-03-14 09:28:00.000000 UTC,15.5576389946
2023-03-14 09:29:00.000000 UTC,16.8878719504
2023-03-14 09:30:00.000000 UTC,18.224563896400003
2023-03-14 09:31:00.000000 UTC,17.7014975612
2023-03-14 09:32:00.000000 UTC,17.6485147008
2023-03-14 09:33:00.000000 UTC,17.766577954200002
2023-03-14 09:34:00.000000 UTC,17.04673554
2023-03-14 09:35:00.000000 UTC,17.1854983456
2023-03-14 09:36:00.000000 UTC,17.08781518825
2023-03-14 09:37:00.000000 UTC,17.4696684288
2023-03-14 09:38:00.000000 UTC,17.648076199
2023-03-14 09:39:00.000000 UTC,17.914748190799997
2023-03-14 09:40:00.000000 UTC,18.0834013694
2023-03-14 09:41:00.000000 UTC,17.860837277
2023-03-14 09:42:00.000000 UTC,17.3997142532
2023-03-14 09:43:00.000000 UTC,18.4521841954
2023-03-14 09:44:00.000000 UTC,17.406555220799998
2023-03-14 09:45:00.000000 UTC,17.7624366428
2023-03-14 09:46:00.000000 UTC,17.373192455799998
2023-03-14 09:47:00.000000 UTC,16.904901643200002
2023-03-14 09:48:00.000000 UTC,16.2142075258
2023-03-14 09:49:00.000000 UTC,15.999590695
2023-03-14 09:50:00.000000 UTC,16.6200609312
2023-03-14 09:51:00.000000 UTC,16.4524034134
2023-03-14 09:52:00.000000 UTC,17.132708571200002
2023-03-14 09:53:00.000000 UTC,17.1702326312
2023-03-14 09:54:00.000000 UTC,16.5797023734
2023-03-14 09:55:00.000000 UTC,16.7050336524
2023-03-14 09:56:00.000000 UTC,15.577999075
2023-03-14 09:57:00.000000 UTC,17.0461694798
2023-03-14 09:58:00.000000 UTC,16.0017024492
2023-03-14 09:59:00.000000 UTC,16.6679008176
2023-03-14 10:00:00.000000 UTC,18.0068543272
2023-03-14 10:01:00.000000 UTC,18.1398890454
2023-03-14 10:02:00.000000 UTC,17.556953005
2023-03-14 10:03:00.000000 UTC,17.6996673496
2023-03-14 10:04:00.000000 UTC,18.044715519
2023-03-14 10:05:00.000000 UTC,18.2109197486
2023-03-14 10:06:00.000000 UTC,18.316171954
2023-03-14 10:07:00.000000 UTC,18.276435285599998
2023-03-14 10:08:00.000000 UTC,19.0979682592
2023-03-14 10:09:00.000000 UTC,18.7497232234
2023-03-14 10:10:00.000000 UTC,18.2215864346
2023-03-14 10:11:00.000000 UTC,17.222451449599998
2023-03-14 10:12:00.000000 UTC,16.5298027166
2023-03-14 10:13:00.000000 UTC,16.2333901762
2023-03-14 10:14:00.000000 UTC,16.3107875258
2023-03-14 10:15:00.000000 UTC,16.328500592
2023-03-14 10:16:00.000000 UTC,15.904712549200001
2023-03-14 10:17:00.000000 UTC,15.986475426
2023-03-14 10:18:00.000000 UTC,16.8855779782
2023-03-14 10:19:00.000000 UTC,15.798939412200001
2023-03-14 10:20:00.000000 UTC,16.360100192
2023-03-14 10:21:00.000000 UTC,16.2406462754
2023-03-14 10:22:00.000000 UTC,17.0437178394
2023-03-14 10:23:00.000000 UTC,17.80239041
2023-03-14 10:24:00.000000 UTC,18.2173727614
2023-03-14 10:25:00.000000 UTC,17.012308225399998
2023-03-14 10:26:00.000000 UTC,16.1098132696
2023-03-14 10:27:00.000000 UTC,16.8776804422
2023-03-14 10:28:00.000000 UTC,17.2564645036
2023-03-14 10:29:00.000000 UTC,17.4914717928
2023-03-14 10:30:00.000000 UTC,17.6360440958
2023-03-14 10:31:00.000000 UTC,17.0225021646
2023-03-14 10:32:00.000000 UTC,17.200196820200002
2023-03-14 10:33:00.000000 UTC,16.8156607038
2023-03-14 10:34:00.000000 UTC,17.4422668242
2023-03-14 10:35:00.000000 UTC,17.3224201804
2023-03-14 10:36:00.000000 UTC,18.2874631798
2023-03-14 10:37:00.000000 UTC,17.116160416
2023-03-14 10:38:00.000000 UTC,17.918627761
2023-03-14 10:39:00.000000 UTC,16.901842210399998
2023-03-14 10:40:00.000000 UTC,18.2024603458
2023-03-14 10:41:00.000000 UTC,17.885007332599997
2023-03-14 10:42:00.000000 UTC,16.739283830799998
2023-03-14 10:43:00.000000 UTC,16.2937290732
2023-03-14 10:44:00.000000 UTC,15.9344642304
2023-03-14 10:45:00.000000 UTC,15.4394978608
2023-03-14 10:46:00.000000 UTC,16.1139450432
2023-03-14 10:47:00.000000 UTC,16.108579901
2023-03-14 10:48:00.000000 UTC,16.3410366394
2023-03-14 10:49:00.000000 UTC,16.083488631399998
2023-03-14 10:50:00.000000 UTC,15.634230435200001
2023-03-14 10:51:00.000000 UTC,15.964690987200001
2023-03-14 10:52:00.000000 UTC,16.0179362692
2023-03-14 10:53:00.000000 UTC,16.035884335
2023-03-14 10:54:00.000000 UTC,16.6370903126
2023-03-14 10:55:00.000000 UTC,16.3614799632
2023-03-14 10:56:00.000000 UTC,15.992470362399999
2023-03-14 10:57:00.000000 UTC,17.0814185518
2023-03-14 10:58:00.000000 UTC,18.2085864682
2023-03-14 10:59:00.000000 UTC,17.6740776354
2023-03-14 11:00:00.000000 UTC,19.1132905928
2023-03-14 11:01:00.000000 UTC,23.39947655625
2023-03-14 11:02:00.000000 UTC,25.1443868094
2023-03-14 11:03:00.000000 UTC,23.858280585
2023-03-14 11:04:00.000000 UTC,22.936688659
2023-03-14 11:05:00.000000 UTC,21.400228758599997
2023-03-14 11:06:00.000000 UTC,20.8139160932
2023-03-14 11:07:00.000000 UTC,21.7481374712
2023-03-14 11:08:00.000000 UTC,20.6543897192
2023-03-14 11:09:00.000000 UTC,22.6224891598
2023-03-14 11:10:00.000000 UTC,23.476697484400002
2023-03-14 11:11:00.000000 UTC,24.0099097628
2023-03-14 11:12:00.000000 UTC,22.3983815436
2023-03-14 11:13:00.000000 UTC,21.8978594864
2023-03-14 11:14:00.000000 UTC,21.966310573799998
2023-03-14 11:15:00.000000 UTC,23.7646505765
2023-03-14 11:16:00.000000 UTC,25.742710777
2023-03-14 11:17:00.000000 UTC,23.841862543
2023-03-14 11:18:00.000000 UTC,26.1692013676
2023-03-14 11:19:00.000000 UTC,24.951926957599998
2023-03-14 11:20:00.000000 UTC,24.9375783918
2023-03-14 11:21:00.000000 UTC,23.8414337788
2023-03-14 11:22:00.000000 UTC,23.4186834594
2023-03-14 11:23:00.000000 UTC,23.361662637400002
2023-03-14 11:24:00.000000 UTC,23.009660416
2023-03-14 11:25:00.000000 UTC,22.2142033902
2023-03-14 11:26:00.000000 UTC,21.956245803
2023-03-14 11:27:00.000000 UTC,21.6658394634
2023-03-14 11:28:00.000000 UTC,20.268315177
2023-03-14 11:29:00.000000 UTC,19.4324720218
2023-03-14 11:30:00.000000 UTC,20.959989936
2023-03-14 11:31:00.000000 UTC,21.6529777314
2023-03-14 11:32:00.000000 UTC,20.337682748
2023-03-14 11:33:00.000000 UTC,20.9782540544
2023-03-14 11:34:00.000000 UTC,20.976727798200002
2023-03-14 11:35:00.000000 UTC,22.439757067400002
2023-03-14 11:36:00.000000 UTC,21.450934998799998
2023-03-14 11:37:00.000000 UTC,21.1894370202
2023-03-14 11:38:00.000000 UTC,20.1727270996
2023-03-14 11:39:00.000000 UTC,19.2907214836
2023-03-14 11:40:00.000000 UTC,20.133151464599997
2023-03-14 11:41:00.000000 UTC,20.0194272086
2023-03-14 11:42:00.000000 UTC,19.0826620428
2023-03-14 11:43:00.000000 UTC,18.8971184058
2023-03-14 11:44:00.000000 UTC,19.1386887392
2023-03-14 11:45:00.000000 UTC,18.875403183
2023-03-14 11:46:00.000000 UTC,18.5627637612
2023-03-14 11:47:00.000000 UTC,19.0975382972
2023-03-14 11:48:00.000000 UTC,18.6515428286
2023-03-14 11:49:00.000000 UTC,18.6491738528
2023-03-14 11:50:00.000000 UTC,18.7884762714
2023-03-14 11:51:00.000000 UTC,19.4119445646
2023-03-14 11:52:00.000000 UTC,19.00519510675
2023-03-14 11:53:00.000000 UTC,20.541608229599998
2023-03-14 11:54:00.000000 UTC,21.9407582352
2023-03-14 11:55:00.000000 UTC,20.910459354
2023-03-14 11:56:00.000000 UTC,20.4123676068
2023-03-14 11:57:00.000000 UTC,19.735220034599998
2023-03-14 11:58:00.000000 UTC,20.308060869400002
2023-03-14 11:59:00.000000 UTC,20.1659376408
2023-03-14 12:00:00.000000 UTC,20.4126552195
2023-03-14 12:01:00.000000 UTC,23.0902156854
2023-03-14 12:02:00.000000 UTC,21.6059803238
2023-03-14 12:03:00.000000 UTC,26.203411239799998
2023-03-14 12:04:00.000000 UTC,24.9934433702
2023-03-14 12:05:00.000000 UTC,24.6066534486
2023-03-14 12:06:00.000000 UTC,24.1891532378
2023-03-14 12:07:00.000000 UTC,24.9146936756
2023-03-14 12:08:00.000000 UTC,23.459215548
2023-03-14 12:09:00.000000 UTC,25.2272432502
2023-03-14 12:10:00.000000 UTC,24.3314753492
2023-03-14 12:11:00.000000 UTC,22.468948945799998
2023-03-14 12:12:00.000000 UTC,22.181186504
2023-03-14 12:13:00.000000 UTC,21.8178466788
2023-03-14 12:14:00.000000 UTC,21.0894667564
2023-03-14 12:15:00.000000 UTC,20.6011630826
2023-03-14 12:16:00.000000 UTC,22.0000706382
2023-03-14 12:17:00.000000 UTC,22.3570881562
2023-03-14 12:18:00.000000 UTC,22.3811652172
2023-03-14 12:19:00.000000 UTC,23.4377213436
2023-03-14 12:20:00.000000 UTC,22.54333986
2023-03-14 12:21:00.000000 UTC,22.15986349
2023-03-14 12:22:00.000000 UTC,21.133071909799998
2023-03-14 12:23:00.000000 UTC,20.8361735632
2023-03-14 12:24:00.000000 UTC,21.2013597934
2023-03-14 12:25:00.000000 UTC,21.7357815142
2023-03-14 12:26:00.000000 UTC,22.989732935
2023-03-14 12:27:00.000000 UTC,22.4883689698
2023-03-14 12:28:00.000000 UTC,21.9195277952
2023-03-14 12:29:00.000000 UTC,21.8515402156
2023-03-14 12:30:00.000000 UTC,22.091300718
2023-03-14 12:31:00.000000 UTC,34.1753928782
2023-03-14 12:32:00.000000 UTC,47.172507653400004
2023-03-14 12:33:00.000000 UTC,50.0637196692
2023-03-14 12:34:00.000000 UTC,52.7145719808
2023-03-14 12:35:00.000000 UTC,55.3340692922
2023-03-14 12:36:00.000000 UTC,56.214931072599995
2023-03-14 12:37:00.000000 UTC,54.2587690776
2023-03-14 12:38:00.000000 UTC,50.6592132508
2023-03-14 12:39:00.000000 UTC,45.985581878
2023-03-14 12:40:00.000000 UTC,41.986405394
2023-03-14 12:41:00.000000 UTC,39.0906235106
2023-03-14 12:42:00.000000 UTC,40.0159176826
2023-03-14 12:43:00.000000 UTC,45.177071911599995
2023-03-14 12:44:00.000000 UTC,45.158234328
2023-03-14 12:45:00.000000 UTC,50.705873218
2023-03-14 12:46:00.000000 UTC,54.2398237954
2023-03-14 12:47:00.000000 UTC,57.2497500538
2023-03-14 12:48:00.000000 UTC,61.389208898
2023-03-14 12:49:00.000000 UTC,64.6842037892
2023-03-14 12:50:00.000000 UTC,66.5830011316
2023-03-14 12:51:00.000000 UTC,62.8259048802
2023-03-14 12:52:00.000000 UTC,62.382705149
2023-03-14 12:53:00.000000 UTC,63.1827728596
2023-03-14 12:54:00.000000 UTC,62.4907887544
2023-03-14 12:55:00.000000 UTC,64.699406328
2023-03-14 12:56:00.000000 UTC,66.362688280400008
2023-03-14 12:57:00.000000 UTC,68.1369926414
2023-03-14 12:58:00.000000 UTC,63.1878540748
2023-03-14 12:59:00.000000 UTC,61.1161361736
2023-03-14 13:00:00.000000 UTC,70.2672880436
2023-03-14 13:01:00.000000 UTC,81.783782961
2023-03-14 13:02:00.000000 UTC,93.8183236608
2023-03-14 13:03:00.000000 UTC,102.7679419262
2023-03-14 13:04:00.000000 UTC,100.73028755119999
2023-03-14 13:05:00.000000 UTC,101.8061393184
2023-03-14 13:06:00.000000 UTC,103.1089113988
2023-03-14 13:07:00.000000 UTC,96.4215345264
2023-03-14 13:08:00.000000 UTC,92.7225184888
2023-03-14 13:09:00.000000 UTC,91.50966136
2023-03-14 13:10:00.000000 UTC,88.290907099800009
2023-03-14 13:11:00.000000 UTC,84.3839734756
2023-03-14 13:12:00.000000 UTC,80.1918508976
2023-03-14 13:13:00.000000 UTC,79.3908792954
2023-03-14 13:14:00.000000 UTC,73.614250921
2023-03-14 13:15:00.000000 UTC,70.310220231199992
2023-03-14 13:16:00.000000 UTC,70.076339882
2023-03-14 13:17:00.000000 UTC,70.1379844682
2023-03-14 13:18:00.000000 UTC,69.224806046
2023-03-14 13:19:00.000000 UTC,66.0892148266
2023-03-14 13:20:00.000000 UTC,69.9966670756
2023-03-14 13:21:00.000000 UTC,72.958630593
2023-03-14 13:22:00.000000 UTC,68.2512630274
2023-03-14 13:23:00.000000 UTC,64.4929305208
2023-03-14 13:24:00.000000 UTC,60.3009067844
2023-03-14 13:25:00.000000 UTC,59.241879524800005
2023-03-14 13:26:00.000000 UTC,57.1007045326
2023-03-14 13:27:00.000000 UTC,59.8288323404
2023-03-14 13:28:00.000000 UTC,58.8308775796
2023-03-14 13:29:00.000000 UTC,56.115357708800005
2023-03-14 13:30:00.000000 UTC,62.7434156128
2023-03-14 13:31:00.000000 UTC,61.5566035544
2023-03-14 13:32:00.000000 UTC,60.9254161734
2023-03-14 13:33:00.000000 UTC,57.799832290400005
2023-03-14 13:34:00.000000 UTC,53.628268421
2023-03-14 13:35:00.000000 UTC,53.040736167800006
2023-03-14 13:36:00.000000 UTC,50.757197204
2023-03-14 13:37:00.000000 UTC,51.404496099
2023-03-14 13:38:00.000000 UTC,49.4233110424
2023-03-14 13:39:00.000000 UTC,47.0703063896
2023-03-14 13:40:00.000000 UTC,51.160744406199996
2023-03-14 13:41:00.000000 UTC,51.5780712636
2023-03-14 13:42:00.000000 UTC,52.760592749400004
2023-03-14 13:43:00.000000 UTC,51.5339179776
2023-03-14 13:44:00.000000 UTC,47.3532975654
2023-03-14 13:45:00.000000 UTC,48.2226745232
2023-03-14 13:46:00.000000 UTC,47.0501444376
2023-03-14 13:47:00.000000 UTC,47.0164820504
2023-03-14 13:48:00.000000 UTC,50.239199703
2023-03-14 13:49:00.000000 UTC,51.5481973384
2023-03-14 13:50:00.000000 UTC,49.5899973764
2023-03-14 13:51:00.000000 UTC,50.547462734599996
2023-03-14 13:52:00.000000 UTC,51.451859963
2023-03-14 13:53:00.000000 UTC,48.8911922634
2023-03-14 13:54:00.000000 UTC,49.319318944
2023-03-14 13:55:00.000000 UTC,54.857688139800004
2023-03-14 13:56:00.000000 UTC,58.5016219934
2023-03-14 13:57:00.000000 UTC,56.8929892808
2023-03-14 13:58:00.000000 UTC,54.5359593174
2023-03-14 13:59:00.000000 UTC,52.8161962984
2023-03-14 14:00:00.000000 UTC,53.3855300398
2023-03-14 14:01:00.000000 UTC,49.742854326199996
2023-03-14 14:02:00.000000 UTC,46.8553955394
2023-03-14 14:03:00.000000 UTC,46.5809107536
2023-03-14 14:04:00.000000 UTC,44.378518306800004
2023-03-14 14:05:00.000000 UTC,46.6187027758
2023-03-14 14:06:00.000000 UTC,44.7034739136
2023-03-14 14:07:00.000000 UTC,46.2756403856
2023-03-14 14:08:00.000000 UTC,45.3058497642
2023-03-14 14:09:00.000000 UTC,47.7132646252
2023-03-14 14:10:00.000000 UTC,47.9496334416
2023-03-14 14:11:00.000000 UTC,46.8393435658
2023-03-14 14:12:00.000000 UTC,48.7174937132
2023-03-14 14:13:00.000000 UTC,47.1619202436
2023-03-14 14:14:00.000000 UTC,48.6863891136
2023-03-14 14:15:00.000000 UTC,48.7003244366
2023-03-14 14:16:00.000000 UTC,49.197638574
2023-03-14 14:17:00.000000 UTC,47.9421821938
2023-03-14 14:18:00.000000 UTC,47.262902778800004
2023-03-14 14:19:00.000000 UTC,44.548053546800006
2023-03-14 14:20:00.000000 UTC,46.2879015754
2023-03-14 14:21:00.000000 UTC,52.0803888266
2023-03-14 14:22:00.000000 UTC,50.5697409196
2023-03-14 14:23:00.000000 UTC,47.810513213
2023-03-14 14:24:00.000000 UTC,46.5712208774
2023-03-14 14:25:00.000000 UTC,43.4930009774
2023-03-14 14:26:00.000000 UTC,42.3378253324
2023-03-14 14:27:00.000000 UTC,41.6434927444
2023-03-14 14:28:00.000000 UTC,39.5959701412
2023-03-14 14:29:00.000000 UTC,41.470036738
2023-03-14 14:30:00.000000 UTC,42.0441104298
2023-03-14 14:31:00.000000 UTC,40.983011389400005
2023-03-14 14:32:00.000000 UTC,41.0824754348
2023-03-14 14:33:00.000000 UTC,40.8432077362
2023-03-14 14:34:00.000000 UTC,39.616203922400004
2023-03-14 14:35:00.000000 UTC,40.226573179
2023-03-14 14:36:00.000000 UTC,47.8452337866
2023-03-14 14:37:00.000000 UTC,44.4193348294
2023-03-14 14:38:00.000000 UTC,41.5393354738
2023-03-14 14:39:00.000000 UTC,41.15943421525
2023-03-14 14:40:00.000000 UTC,40.798418319
2023-03-14 14:41:00.000000 UTC,40.881039253400004
2023-03-14 14:42:00.000000 UTC,41.723650015400004
2023-03-14 14:43:00.000000 UTC,41.7893197916
2023-03-14 14:44:00.000000 UTC,38.581455255
2023-03-14 14:45:00.000000 UTC,39.28859023725
2023-03-14 14:46:00.000000 UTC,39.410300232
2023-03-14 14:47:00.000000 UTC,37.3981471088
2023-03-14 14:48:00.000000 UTC,40.6046436285
2023-03-14 14:49:00.000000 UTC,41.6326857694
2023-03-14 14:50:00.000000 UTC,44.744862037400004
2023-03-14 14:51:00.000000 UTC,42.3906594442
2023-03-14 14:52:00.000000 UTC,43.4290080686
2023-03-14 14:53:00.000000 UTC,43.526779901800005
2023-03-14 14:54:00.000000 UTC,43.0441858886
2023-03-14 14:55:00.000000 UTC,46.1428063166
2023-03-14 14:56:00.000000 UTC,51.394038460199994
2023-03-14 14:57:00.000000 UTC,48.362690463599996
2023-03-14 14:58:00.000000 UTC,47.183006105800004
2023-03-14 14:59:00.000000 UTC,47.0269947648
2023-03-14 15:00:00.000000 UTC,52.114598845
2023-03-14 15:01:00.000000 UTC,50.7599586396
2023-03-14 15:02:00.000000 UTC,48.099683692800006
2023-03-14 15:03:00.000000 UTC,47.092997417599996
2023-03-14 15:04:00.000000 UTC,45.017239366800005
2023-03-14 15:05:00.000000 UTC,49.63077661
2023-03-14 15:06:00.000000 UTC,47.325927472400004
2023-03-14 15:07:00.000000 UTC,50.322882420199996
2023-03-14 15:08:00.000000 UTC,53.3938623456
2023-03-14 15:09:00.000000 UTC,51.7547847982
2023-03-14 15:10:00.000000 UTC,56.8878272422
2023-03-14 15:11:00.000000 UTC,56.591175455
2023-03-14 15:12:00.000000 UTC,52.847168180800004
2023-03-14 15:13:00.000000 UTC,52.4398472986
2023-03-14 15:14:00.000000 UTC,50.6303289094
2023-03-14 15:15:00.000000 UTC,54.21602201075
2023-03-14 15:16:00.000000 UTC,58.051570520199995
2023-03-14 15:17:00.000000 UTC,56.1187502478
2023-03-14 15:18:00.000000 UTC,53.0753969228
2023-03-14 15:19:00.000000 UTC,50.4339725226
2023-03-14 15:20:00.000000 UTC,56.374156207199995
2023-03-14 15:21:00.000000 UTC,55.1612907144
2023-03-14 15:22:00.000000 UTC,53.702845784199994
2023-03-14 15:23:00.000000 UTC,53.9537034094
2023-03-14 15:24:00.000000 UTC,51.9590483222
2023-03-14 15:25:00.000000 UTC,51.8341220438
2023-03-14 15:26:00.000000 UTC,50.2850722352
2023-03-14 15:27:00.000000 UTC,48.640807630199994
2023-03-14 15:28:00.000000 UTC,46.170145044
2023-03-14 15:29:00.000000 UTC,46.083790320199995
2023-03-14 15:30:00.000000 UTC,47.8411657506
2023-03-14 15:31:00.000000 UTC,45.947670998
2023-03-14 15:32:00.000000 UTC,43.657223227
2023-03-14 15:33:00.000000 UTC,42.328648517199994
2023-03-14 15:34:00.000000 UTC,42.967052282
2023-03-14 15:35:00.000000 UTC,42.0024942506
2023-03-14 15:36:00.000000 UTC,41.1558332196
2023-03-14 15:37:00.000000 UTC,41.4853985746
2023-03-14 15:38:00.000000 UTC,40.6944395352
2023-03-14 15:39:00.000000 UTC,39.271174749
2023-03-14 15:40:00.000000 UTC,38.6010304562
2023-03-14 15:41:00.000000 UTC,37.7098248406
2023-03-14 15:42:00.000000 UTC,37.9019225684
2023-03-14 15:43:00.000000 UTC,36.944289956199995
2023-03-14 15:44:00.000000 UTC,37.1671776728
2023-03-14 15:45:00.000000 UTC,38.9033039814
2023-03-14 15:46:00.000000 UTC,37.707582476
2023-03-14 15:47:00.000000 UTC,39.793218423
2023-03-14 15:48:00.000000 UTC,38.2331428034
2023-03-14 15:49:00.000000 UTC,38.425782696599995
2023-03-14 15:50:00.000000 UTC,36.6512791586
2023-03-14 15:51:00.000000 UTC,36.1177392338
2023-03-14 15:52:00.000000 UTC,36.438706530400005
2023-03-14 15:53:00.000000 UTC,35.839934166
2023-03-14 15:54:00.000000 UTC,37.892109019
2023-03-14 15:55:00.000000 UTC,38.1430858614
2023-03-14 15:56:00.000000 UTC,37.5156930288
2023-03-14 15:57:00.000000 UTC,38.5660416634
2023-03-14 15:58:00.000000 UTC,38.5505432828
2023-03-14 15:59:00.000000 UTC,36.6195889934
2023-03-14 16:00:00.000000 UTC,39.473100685
2023-03-14 16:01:00.000000 UTC,54.70441921825
2023-03-14 16:02:00.000000 UTC,63.857130663199996
2023-03-14 16:03:00.000000 UTC,63.0362347635
2023-03-14 16:04:00.000000 UTC,61.667800034
2023-03-14 16:05:00.000000 UTC,60.7708483032
2023-03-14 16:06:00.000000 UTC,58.655500585
2023-03-14 16:07:00.000000 UTC,53.409406634
2023-03-14 16:08:00.000000 UTC,51.137568007800006
2023-03-14 16:09:00.000000 UTC,49.395103463199995
2023-03-14 16:10:00.000000 UTC,48.1912774574
2023-03-14 16:11:00.000000 UTC,47.973042084599996
2023-03-14 16:12:00.000000 UTC,48.324054280800006
2023-03-14 16:13:00.000000 UTC,47.931006765
2023-03-14 16:14:00.000000 UTC,49.3569886144
2023-03-14 16:15:00.000000 UTC,49.0679699054
2023-03-14 16:16:00.000000 UTC,46.851247523800005
2023-03-14 16:17:00.000000 UTC,47.0845883442
2023-03-14 16:18:00.000000 UTC,49.094581648
2023-03-14 16:19:00.000000 UTC,47.200738890400004
2023-03-14 16:20:00.000000 UTC,48.2094088794
2023-03-14 16:21:00.000000 UTC,47.1464669626
2023-03-14 16:22:00.000000 UTC,47.2549719022
2023-03-14 16:23:00.000000 UTC,44.2979433288
2023-03-14 16:24:00.000000 UTC,42.07944037
2023-03-14 16:25:00.000000 UTC,42.3807703252
2023-03-14 16:26:00.000000 UTC,43.294047498800005
2023-03-14 16:27:00.000000 UTC,43.391801410599996
2023-03-14 16:28:00.000000 UTC,40.734328481599995
2023-03-14 16:29:00.000000 UTC,40.2503599792
2023-03-14 16:30:00.000000 UTC,40.3491663106
2023-03-14 16:31:00.000000 UTC,39.1981664476
2023-03-14 16:32:00.000000 UTC,42.567895971800006
2023-03-14 16:33:00.000000 UTC,48.7944583586
2023-03-14 16:34:00.000000 UTC,49.7230052398
2023-03-14 16:35:00.000000 UTC,44.4133027372
2023-03-14 16:36:00.000000 UTC,42.7094974158
2023-03-14 16:37:00.000000 UTC,39.120104606800005
2023-03-14 16:38:00.000000 UTC,38.0936576062
2023-03-14 16:39:00.000000 UTC,35.6751224712
2023-03-14 16:40:00.000000 UTC,35.619478247400004
2023-03-14 16:41:00.000000 UTC,37.9882783738
2023-03-14 16:42:00.000000 UTC,37.208257726199996
2023-03-14 16:43:00.000000 UTC,38.0049994746
2023-03-14 16:44:00.000000 UTC,40.8018706906
2023-03-14 16:45:00.000000 UTC,47.2619832274
2023-03-14 16:46:00.000000 UTC,43.586310572
2023-03-14 16:47:00.000000 UTC,39.2970474806
2023-03-14 16:48:00.000000 UTC,37.4844971936
2023-03-14 16:49:00.000000 UTC,37.3927003808
2023-03-14 16:50:00.000000 UTC,37.068530632199995
2023-03-14 16:51:00.000000 UTC,37.6259529124
2023-03-14 16:52:00.000000 UTC,39.808186827
2023-03-14 16:53:00.000000 UTC,37.7895667632
2023-03-14 16:54:00.000000 UTC,39.020591612400004
2023-03-14 16:55:00.000000 UTC,39.760702490199996
2023-03-14 16:56:00.000000 UTC,39.0469056512
2023-03-14 16:57:00.000000 UTC,36.3226280836
2023-03-14 16:58:00.000000 UTC,37.1727265194
2023-03-14 16:59:00.000000 UTC,35.1258852052
2023-03-14 17:00:00.000000 UTC,37.5911375786
2023-03-14 17:01:00.000000 UTC,37.7352406728
2023-03-14 17:02:00.000000 UTC,35.4803980048
2023-03-14 17:03:00.000000 UTC,33.6268910574
2023-03-14 17:04:00.000000 UTC,34.1120792315
2023-03-14 17:05:00.000000 UTC,36.5218757292
2023-03-14 17:06:00.000000 UTC,36.811619972
2023-03-14 17:07:00.000000 UTC,36.19706760225
2023-03-14 17:08:00.000000 UTC,36.8463001716
2023-03-14 17:09:00.000000 UTC,37.728505972
2023-03-14 17:10:00.000000 UTC,38.798331172
2023-03-14 17:11:00.000000 UTC,36.8634274304
2023-03-14 17:12:00.000000 UTC,38.3739611054
2023-03-14 17:13:00.000000 UTC,37.6845976526
2023-03-14 17:14:00.000000 UTC,36.6131178192
2023-03-14 17:15:00.000000 UTC,36.5708881798
2023-03-14 17:16:00.000000 UTC,35.8787876154
2023-03-14 17:17:00.000000 UTC,35.261218811599996
2023-03-14 17:18:00.000000 UTC,36.9975905412
2023-03-14 17:19:00.000000 UTC,38.547015486
2023-03-14 17:20:00.000000 UTC,38.8965013588
2023-03-14 17:21:00.000000 UTC,39.298829815800005
2023-03-14 17:22:00.000000 UTC,38.881373545
2023-03-14 17:23:00.000000 UTC,39.0965289794
2023-03-14 17:24:00.000000 UTC,38.1843052184
2023-03-14 17:25:00.000000 UTC,35.3982625752
2023-03-14 17:26:00.000000 UTC,36.9565726088
2023-03-14 17:27:00.000000 UTC,36.9678573444
2023-03-14 17:28:00.000000 UTC,36.2897023062
2023-03-14 17:29:00.000000 UTC,34.885417880199995
2023-03-14 17:30:00.000000 UTC,37.926620369800006
2023-03-14 17:31:00.000000 UTC,38.1365303356
2023-03-14 17:32:00.000000 UTC,33.8571275098
2023-03-14 17:33:00.000000 UTC,32.8844479382
2023-03-14 17:34:00.000000 UTC,33.4233126798
2023-03-14 17:35:00.000000 UTC,33.848181819400004
2023-03-14 17:36:00.000000 UTC,32.815923024599996
2023-03-14 17:37:00.000000 UTC,32.0099031278
2023-03-14 17:38:00.000000 UTC,32.2389016144
2023-03-14 17:39:00.000000 UTC,32.739731666
2023-03-14 17:40:00.000000 UTC,34.780872693
2023-03-14 17:41:00.000000 UTC,33.8158478528
2023-03-14 17:42:00.000000 UTC,31.6265016932
2023-03-14 17:43:00.000000 UTC,34.160886043
2023-03-14 17:44:00.000000 UTC,31.7013134416
2023-03-14 17:45:00.000000 UTC,31.6676896506
2023-03-14 17:46:00.000000 UTC,31.1828148078
2023-03-14 17:47:00.000000 UTC,29.9057771652
2023-03-14 17:48:00.000000 UTC,30.571115688400003
2023-03-14 17:49:00.000000 UTC,30.500877641
2023-03-14 17:50:00.000000 UTC,28.988987603400002
2023-03-14 17:51:00.000000 UTC,28.2465044986
2023-03-14 17:52:00.000000 UTC,28.371647347400003
2023-03-14 17:53:00.000000 UTC,27.743789618599997
2023-03-14 17:54:00.000000 UTC,28.0441227536
2023-03-14 17:55:00.000000 UTC,27.4448298012
2023-03-14 17:56:00.000000 UTC,28.982430898599997
2023-03-14 17:57:00.000000 UTC,29.481963103
2023-03-14 17:58:00.000000 UTC,32.0295254425
2023-03-14 17:59:00.000000 UTC,29.58348172
2023-03-14 18:00:00.000000 UTC,31.4825468794
2023-03-14 18:01:00.000000 UTC,34.5329182994
2023-03-14 18:02:00.000000 UTC,35.164653873
2023-03-14 18:03:00.000000 UTC,41.6389993458
2023-03-14 18:04:00.000000 UTC,48.6643663606
2023-03-14 18:05:00.000000 UTC,52.572381705800005
2023-03-14 18:06:00.000000 UTC,46.8533429338
2023-03-14 18:07:00.000000 UTC,44.45501145
2023-03-14 18:08:00.000000 UTC,40.528531922800006
2023-03-14 18:09:00.000000 UTC,39.7765386826
2023-03-14 18:10:00.000000 UTC,39.8607560684
2023-03-14 18:11:00.000000 UTC,39.1205506366
2023-03-14 18:12:00.000000 UTC,39.7106873464
2023-03-14 18:13:00.000000 UTC,45.2515383734
2023-03-14 18:14:00.000000 UTC,69.9649933548
2023-03-14 18:15:00.000000 UTC,102.795336635
2023-03-14 18:16:00.000000 UTC,141.0546643426
2023-03-14 18:17:00.000000 UTC,121.68930426060001
2023-03-14 18:18:00.000000 UTC,91.6263888252
2023-03-14 18:19:00.000000 UTC,77.6886678895
2023-03-14 18:20:00.000000 UTC,70.822550327199991
2023-03-14 18:21:00.000000 UTC,59.61523988
2023-03-14 18:22:00.000000 UTC,54.604638849
2023-03-14 18:23:00.000000 UTC,51.4201304664
2023-03-14 18:24:00.000000 UTC,44.5103726802
2023-03-14 18:25:00.000000 UTC,41.6987943296
2023-03-14 18:26:00.000000 UTC,39.315352512400004
2023-03-14 18:27:00.000000 UTC,37.628772987800005
2023-03-14 18:28:00.000000 UTC,38.566099329
2023-03-14 18:29:00.000000 UTC,38.987288416199995
2023-03-14 18:30:00.000000 UTC,42.5518572108
2023-03-14 18:31:00.000000 UTC,52.382067031199995
2023-03-14 18:32:00.000000 UTC,52.3263972162
2023-03-14 18:33:00.000000 UTC,46.62829280875
2023-03-14 18:34:00.000000 UTC,49.114181413800004
2023-03-14 18:35:00.000000 UTC,46.4304050286
2023-03-14 18:36:00.000000 UTC,41.8819438376
2023-03-14 18:37:00.000000 UTC,42.9883726368
2023-03-14 18:38:00.000000 UTC,41.990173935
2023-03-14 18:39:00.000000 UTC,44.2246422248
2023-03-14 18:40:00.000000 UTC,41.8329786628
2023-03-14 18:41:00.000000 UTC,47.69333914375
2023-03-14 18:42:00.000000 UTC,49.321711089400004
2023-03-14 18:43:00.000000 UTC,46.5120943956
2023-03-14 18:44:00.000000 UTC,47.8766736706
2023-03-14 18:45:00.000000 UTC,44.7240220754
2023-03-14 18:46:00.000000 UTC,40.974758028400004
2023-03-14 18:47:00.000000 UTC,37.574457790800004
2023-03-14 18:48:00.000000 UTC,36.782266505
2023-03-14 18:49:00.000000 UTC,38.5087493638
2023-03-14 18:50:00.000000 UTC,37.92162822
2023-03-14 18:51:00.000000 UTC,39.637753022800005
2023-03-14 18:52:00.000000 UTC,39.784536092
2023-03-14 18:53:00.000000 UTC,41.267896736199994
2023-03-14 18:54:00.000000 UTC,37.2096673784
2023-03-14 18:55:00.000000 UTC,38.914749396400005
2023-03-14 18:56:00.000000 UTC,37.3147268596
2023-03-14 18:57:00.000000 UTC,36.6313802434
2023-03-14 18:58:00.000000 UTC,35.7436787898
2023-03-14 18:59:00.000000 UTC,35.2095660868
2023-03-14 19:00:00.000000 UTC,40.8190753042
2023-03-14 19:01:00.000000 UTC,39.5144297474
2023-03-14 19:02:00.000000 UTC,39.2490002978
2023-03-14 19:03:00.000000 UTC,39.8584981638
2023-03-14 19:04:00.000000 UTC,36.8298768476
2023-03-14 19:05:00.000000 UTC,36.8711328614
2023-03-14 19:06:00.000000 UTC,35.305250042199994
2023-03-14 19:07:00.000000 UTC,37.410797828599996
2023-03-14 19:08:00.000000 UTC,36.982438329
2023-03-14 19:09:00.000000 UTC,37.2537891554
2023-03-14 19:10:00.000000 UTC,39.02026318
2023-03-14 19:11:00.000000 UTC,41.9208370136
2023-03-14 19:12:00.000000 UTC,38.535973248400005
2023-03-14 19:13:00.000000 UTC,40.21224719
2023-03-14 19:14:00.000000 UTC,51.1006353738
2023-03-14 19:15:00.000000 UTC,64.16478912880001
2023-03-14 19:16:00.000000 UTC,76.8358404316
2023-03-14 19:17:00.000000 UTC,80.4309355126
2023-03-14 19:18:00.000000 UTC,72.242879043600013
2023-03-14 19:19:00.000000 UTC,66.2484062406
2023-03-14 19:20:00.000000 UTC,59.732227996800006
2023-03-14 19:21:00.000000 UTC,59.5638839422
2023-03-14 19:22:00.000000 UTC,53.104092318800006
2023-03-14 19:23:00.000000 UTC,49.9086922698
2023-03-14 19:24:00.000000 UTC,44.826104606
2023-03-14 19:25:00.000000 UTC,43.8393868348
2023-03-14 19:26:00.000000 UTC,46.158017942
2023-03-14 19:27:00.000000 UTC,46.7926891444
2023-03-14 19:28:00.000000 UTC,45.544534084800006
2023-03-14 19:29:00.000000 UTC,43.367880491
2023-03-14 19:30:00.000000 UTC,46.134925994
2023-03-14 19:31:00.000000 UTC,45.325606668800006
2023-03-14 19:32:00.000000 UTC,45.7641991228
2023-03-14 19:33:00.000000 UTC,58.746548749
2023-03-14 19:34:00.000000 UTC,77.6804380264
2023-03-14 19:35:00.000000 UTC,72.515943528399987
2023-03-14 19:36:00.000000 UTC,65.041865675
2023-03-14 19:37:00.000000 UTC,62.146841861199995
2023-03-14 19:38:00.000000 UTC,56.3480467184
2023-03-14 19:39:00.000000 UTC,51.3326087544
2023-03-14 19:40:00.000000 UTC,57.8502893865
2023-03-14 19:41:00.000000 UTC,55.672042198199996
2023-03-14 19:42:00.000000 UTC,48.332747893800004
2023-03-14 19:43:00.000000 UTC,44.8785387912
2023-03-14 19:44:00.000000 UTC,41.119998857599995
2023-03-14 19:45:00.000000 UTC,43.3595462946
2023-03-14 19:46:00.000000 UTC,40.413501495199995
2023-03-14 19:47:00.000000 UTC,39.361541714
2023-03-14 19:48:00.000000 UTC,39.026033356199996
2023-03-14 19:49:00.000000 UTC,39.853900773
2023-03-14 19:50:00.000000 UTC,36.018728953
2023-03-14 19:51:00.000000 UTC,36.5567457828
2023-03-14 19:52:00.000000 UTC,36.0533159096
2023-03-14 19:53:00.000000 UTC,37.804723819
2023-03-14 19:54:00.000000 UTC,45.178213406400005
2023-03-14 19:55:00.000000 UTC,47.1338862856
2023-03-14 19:56:00.000000 UTC,48.877210172800005
2023-03-14 19:57:00.000000 UTC,43.471486602599995
2023-03-14 19:58:00.000000 UTC,39.6826253738
2023-03-14 19:59:00.000000 UTC,40.3154158056
2023-03-14 20:00:00.000000 UTC,42.7841203494
2023-03-14 20:01:00.000000 UTC,45.2261492185
2023-03-14 20:02:00.000000 UTC,40.5994591562
2023-03-14 20:03:00.000000 UTC,38.612236676
2023-03-14 20:04:00.000000 UTC,35.904897688199995
2023-03-14 20:05:00.000000 UTC,34.292823957799996
2023-03-14 20:06:00.000000 UTC,33.3815517418
2023-03-14 20:07:00.000000 UTC,33.4706054512
2023-03-14 20:08:00.000000 UTC,36.700267176
2023-03-14 20:09:00.000000 UTC,39.2013327726
2023-03-14 20:10:00.000000 UTC,41.2383544256
2023-03-14 20:11:00.000000 UTC,42.98220858
2023-03-14 20:12:00.000000 UTC,40.9838768568
2023-03-14 20:13:00.000000 UTC,40.152667824199995
2023-03-14 20:14:00.000000 UTC,39.937928791400005
2023-03-14 20:15:00.000000 UTC,39.78069922
2023-03-14 20:16:00.000000 UTC,39.061039914199995
2023-03-14 20:17:00.000000 UTC,37.185498264
2023-03-14 20:18:00.000000 UTC,38.2087430468
2023-03-14 20:19:00.000000 UTC,37.74000095425
2023-03-14 20:20:00.000000 UTC,37.951232540599996
2023-03-14 20:21:00.000000 UTC,34.474816561800004
2023-03-14 20:22:00.000000 UTC,35.138242684800005
2023-03-14 20:23:00.000000 UTC,34.270369279200004
2023-03-14 20:24:00.000000 UTC,32.610115202
2023-03-14 20:25:00.000000 UTC,31.0467840462
2023-03-14 20:26:00.000000 UTC,30.8779990862
2023-03-14 20:27:00.000000 UTC,29.8337473654
2023-03-14 20:28:00.000000 UTC,28.997296952400003
2023-03-14 20:29:00.000000 UTC,27.9256995338
2023-03-14 20:30:00.000000 UTC,32.8208333866
2023-03-14 20:31:00.000000 UTC,31.409301241
2023-03-14 20:32:00.000000 UTC,29.2635783068
2023-03-14 20:33:00.000000 UTC,28.1854537592
2023-03-14 20:34:00.000000 UTC,28.2434566674
2023-03-14 20:35:00.000000 UTC,29.412777007
2023-03-14 20:36:00.000000 UTC,28.9094012936
2023-03-14 20:37:00.000000 UTC,27.3297089954
2023-03-14 20:38:00.000000 UTC,26.587245198
2023-03-14 20:39:00.000000 UTC,29.781187330799998
2023-03-14 20:40:00.000000 UTC,30.3999786954
2023-03-14 20:41:00.000000 UTC,29.2223747486
2023-03-14 20:42:00.000000 UTC,30.15158302075
2023-03-14 20:43:00.000000 UTC,29.5172303812
2023-03-14 20:44:00.000000 UTC,28.013571478400003
2023-03-14 20:45:00.000000 UTC,26.409424394200002
2023-03-14 20:46:00.000000 UTC,26.098875733
2023-03-14 20:47:00.000000 UTC,25.321666975
2023-03-14 20:48:00.000000 UTC,30.009722854
2023-03-14 20:49:00.000000 UTC,29.6046810988
2023-03-14 20:50:00.000000 UTC,32.58053497575
2023-03-14 20:51:00.000000 UTC,32.9625668826
2023-03-14 20:52:00.000000 UTC,30.3566974784
2023-03-14 20:53:00.000000 UTC,29.9693298372
2023-03-14 20:54:00.000000 UTC,29.072039053
2023-03-14 20:55:00.000000 UTC,31.3472527446
2023-03-14 20:56:00.000000 UTC,30.1365842136
2023-03-14 20:57:00.000000 UTC,29.76987823
2023-03-14 20:58:00.000000 UTC,31.9624850794
2023-03-14 20:59:00.000000 UTC,30.225070856
2023-03-14 21:00:00.000000 UTC,35.829972866800006
2023-03-14 21:01:00.000000 UTC,46.2542252716
2023-03-14 21:02:00.000000 UTC,45.230963550800006
2023-03-14 21:03:00.000000 UTC,41.2669958994
2023-03-14 21:04:00.000000 UTC,38.016973476400004
2023-03-14 21:05:00.000000 UTC,37.299272983
2023-03-14 21:06:00.000000 UTC,40.4881356105
2023-03-14 21:07:00.000000 UTC,43.7928527582
2023-03-14 21:08:00.000000 UTC,51.0538904432
2023-03-14 21:09:00.000000 UTC,52.6198573612
2023-03-14 21:10:00.000000 UTC,50.010698995
2023-03-14 21:11:00.000000 UTC,46.155523468199995
2023-03-14 21:12:00.000000 UTC,43.181910480599996
2023-03-14 21:13:00.000000 UTC,40.188624678
2023-03-14 21:14:00.000000 UTC,40.731083711400004
2023-03-14 21:15:00.000000 UTC,39.9177172395
2023-03-14 21:16:00.000000 UTC,40.678809855400004
2023-03-14 21:17:00.000000 UTC,46.6831954475
2023-03-14 21:18:00.000000 UTC,50.7979715532
2023-03-14 21:19:00.000000 UTC,49.5615943072
2023-03-14 21:20:00.000000 UTC,46.7242485866
2023-03-14 21:21:00.000000 UTC,44.1238815146
2023-03-14 21:22:00.000000 UTC,39.606685875400004
2023-03-14 21:23:00.000000 UTC,38.442999914800005
2023-03-14 21:24:00.000000 UTC,34.6809753156
2023-03-14 21:25:00.000000 UTC,37.56693397475
2023-03-14 21:26:00.000000 UTC,38.013309076
2023-03-14 21:27:00.000000 UTC,37.111004173199994
2023-03-14 21:28:00.000000 UTC,33.6753572428
2023-03-14 21:29:00.000000 UTC,31.5819006736
2023-03-14 21:30:00.000000 UTC,32.870337424599995
2023-03-14 21:31:00.000000 UTC,31.935702017
2023-03-14 21:32:00.000000 UTC,31.811382958400003
2023-03-14 21:33:00.000000 UTC,30.6809245286
2023-03-14 21:34:00.000000 UTC,29.5432699988
2023-03-14 21:35:00.000000 UTC,29.3337548212
2023-03-14 21:36:00.000000 UTC,27.853498247599997
2023-03-14 21:37:00.000000 UTC,26.7389817246
2023-03-14 21:38:00.000000 UTC,26.7959002678
2023-03-14 21:39:00.000000 UTC,26.850472397
2023-03-14 21:40:00.000000 UTC,26.4878713184
2023-03-14 21:41:00.000000 UTC,26.154074147400003
2023-03-14 21:42:00.000000 UTC,26.623428456400003
2023-03-14 21:43:00.000000 UTC,28.107215514
2023-03-14 21:44:00.000000 UTC,28.3578292374
2023-03-14 21:45:00.000000 UTC,26.363463227
2023-03-14 21:46:00.000000 UTC,26.276870931799998
2023-03-14 21:47:00.000000 UTC,26.118846701200003
2023-03-14 21:48:00.000000 UTC,27.3663113148
2023-03-14 21:49:00.000000 UTC,26.303777817
2023-03-14 21:50:00.000000 UTC,26.051342689
2023-03-14 21:51:00.000000 UTC,25.2637977558
2023-03-14 21:52:00.000000 UTC,25.834348878
2023-03-14 21:53:00.000000 UTC,27.22682955325
2023-03-14 21:54:00.000000 UTC,26.6609621664
2023-03-14 21:55:00.000000 UTC,27.95436608875
2023-03-14 21:56:00.000000 UTC,31.292668429400003
2023-03-14 21:57:00.000000 UTC,32.3439424288
2023-03-14 21:58:00.000000 UTC,31.230296728400003
2023-03-14 21:59:00.000000 UTC,41.689544070800004
2023-03-14 22:00:00.000000 UTC,41.6232877344
2023-03-14 22:01:00.000000 UTC,37.712839817
2023-03-14 22:02:00.000000 UTC,35.440104263
2023-03-14 22:03:00.000000 UTC,34.99125606025
2023-03-14 22:04:00.000000 UTC,34.0288324824
2023-03-14 22:05:00.000000 UTC,32.5754119972
2023-03-14 22:06:00.000000 UTC,30.124055647
2023-03-14 22:07:00.000000 UTC,29.390068572
2023-03-14 22:08:00.000000 UTC,29.3457791968
2023-03-14 22:09:00.000000 UTC,27.9780391198
2023-03-14 22:10:00.000000 UTC,26.8394808258
2023-03-14 22:11:00.000000 UTC,25.5177623812
2023-03-14 22:12:00.000000 UTC,25.9496848134
2023-03-14 22:13:00.000000 UTC,25.4855383596
2023-03-14 22:14:00.000000 UTC,25.5740657938
2023-03-14 22:15:00.000000 UTC,27.0639497598
2023-03-14 22:16:00.000000 UTC,25.841342283400003
2023-03-14 22:17:00.000000 UTC,24.780989938
2023-03-14 22:18:00.000000 UTC,26.0719818766
2023-03-14 22:19:00.000000 UTC,28.22535975
2023-03-14 22:20:00.000000 UTC,29.295990384400003
2023-03-14 22:21:00.000000 UTC,28.79884109
2023-03-14 22:22:00.000000 UTC,28.7932074002
2023-03-14 22:23:00.000000 UTC,25.8119041122
2023-03-14 22:24:00.000000 UTC,24.868218717799998
2023-03-14 22:25:00.000000 UTC,24.946543049
2023-03-14 22:26:00.000000 UTC,25.5276833442
2023-03-14 22:27:00.000000 UTC,27.062262148
2023-03-14 22:28:00.000000 UTC,27.4667892656
2023-03-14 22:29:00.000000 UTC,26.4736908792
2023-03-14 22:30:00.000000 UTC,29.34515093
2023-03-14 22:31:00.000000 UTC,35.729340214400004
2023-03-14 22:32:00.000000 UTC,35.21579392375
2023-03-14 22:33:00.000000 UTC,33.638761657
2023-03-14 22:34:00.000000 UTC,29.723186298799998
2023-03-14 22:35:00.000000 UTC,27.430835595599998
2023-03-14 22:36:00.000000 UTC,26.1110722882
2023-03-14 22:37:00.000000 UTC,24.171747331400002
2023-03-14 22:38:00.000000 UTC,23.717585147
2023-03-14 22:39:00.000000 UTC,24.678044574599998
2023-03-14 22:40:00.000000 UTC,24.448233252599998
2023-03-14 22:41:00.000000 UTC,27.4358470608
2023-03-14 22:42:00.000000 UTC,29.63379834425
2023-03-14 22:43:00.000000 UTC,30.451662158
2023-03-14 22:44:00.000000 UTC,28.9209466742
2023-03-14 22:45:00.000000 UTC,29.447397365
2023-03-14 22:46:00.000000 UTC,26.285858153
2023-03-14 22:47:00.000000 UTC,25.2582894704
2023-03-14 22:48:00.000000 UTC,24.2358675296
2023-03-14 22:49:00.000000 UTC,24.291494991
2023-03-14 22:50:00.000000 UTC,24.3982694482
2023-03-14 22:51:00.000000 UTC,23.193283005599998
2023-03-14 22:52:00.000000 UTC,22.8894784578
2023-03-14 22:53:00.000000 UTC,22.6391844698
2023-03-14 22:54:00.000000 UTC,22.580646339599998
2023-03-14 22:55:00.000000 UTC,22.9011016102
2023-03-14 22:56:00.000000 UTC,23.3420075758
2023-03-14 22:57:00.000000 UTC,24.084642189
2023-03-14 22:58:00.000000 UTC,23.9028964962
2023-03-14 22:59:00.000000 UTC,24.419287045599997
2023-03-14 23:00:00.000000 UTC,23.2355635172
2023-03-14 23:01:00.000000 UTC,23.1898299338
2023-03-14 23:02:00.000000 UTC,26.51281211025
2023-03-14 23:03:00.000000 UTC,26.413930584
2023-03-14 23:04:00.000000 UTC,25.1995120148
2023-03-14 23:05:00.000000 UTC,29.020053223799998
2023-03-14 23:06:00.000000 UTC,31.403791742
2023-03-14 23:07:00.000000 UTC,35.520260693400004
2023-03-14 23:08:00.000000 UTC,29.9766695776
2023-03-14 23:09:00.000000 UTC,28.813794988599998
2023-03-14 23:10:00.000000 UTC,26.735139872
2023-03-14 23:11:00.000000 UTC,24.414927920599997
2023-03-14 23:12:00.000000 UTC,24.8885501118
2023-03-14 23:13:00.000000 UTC,24.642901122599998
2023-03-14 23:14:00.000000 UTC,23.930347059400003
2023-03-14 23:15:00.000000 UTC,24.010187766799998
2023-03-14 23:16:00.000000 UTC,25.952844473
2023-03-14 23:17:00.000000 UTC,25.826189109599998
2023-03-14 23:18:00.000000 UTC,25.1562712744
2023-03-14 23:19:00.000000 UTC,26.597712570200002
2023-03-14 23:20:00.000000 UTC,40.3924263754
2023-03-14 23:21:00.000000 UTC,59.0888073954
2023-03-14 23:22:00.000000 UTC,51.10691836575
2023-03-14 23:23:00.000000 UTC,45.413835928199994
2023-03-14 23:24:00.000000 UTC,37.1846641686
2023-03-14 23:25:00.000000 UTC,33.1676494008
2023-03-14 23:26:00.000000 UTC,29.766687992599998
2023-03-14 23:27:00.000000 UTC,28.962052288200002
2023-03-14 23:28:00.000000 UTC,31.377367678
2023-03-14 23:29:00.000000 UTC,29.2009290204
2023-03-14 23:30:00.000000 UTC,31.1270175728
2023-03-14 23:31:00.000000 UTC,31.3642965216
2023-03-14 23:32:00.000000 UTC,30.0651240798
2023-03-14 23:33:00.000000 UTC,29.187972410599997
2023-03-14 23:34:00.000000 UTC,26.8935790324
2023-03-14 23:35:00.000000 UTC,26.389530476
2023-03-14 23:36:00.000000 UTC,25.716544711599997
2023-03-14 23:37:00.000000 UTC,25.202292403
2023-03-14 23:38:00.000000 UTC,24.419331027400002
2023-03-14 23:39:00.000000 UTC,23.181957236200002
2023-03-14 23:40:00.000000 UTC,23.2910904668
2023-03-14 23:41:00.000000 UTC,24.200381216
2023-03-14 23:42:00.000000 UTC,24.38792643
2023-03-14 23:43:00.000000 UTC,25.055507250599998
2023-03-14 23:44:00.000000 UTC,26.6748592442
2023-03-14 23:45:00.000000 UTC,28.0134421752
2023-03-14 23:46:00.000000 UTC,26.397617788599998
2023-03-14 23:47:00.000000 UTC,27.047227848400002
2023-03-14 23:48:00.000000 UTC,27.7000248474
2023-03-14 23:49:00.000000 UTC,29.209371319
2023-03-14 23:50:00.000000 UTC,28.1512103724
2023-03-14 23:51:00.000000 UTC,28.953444001
2023-03-14 23:52:00.000000 UTC,30.4249487088
2023-03-14 23:53:00.000000 UTC,30.1054599548
2023-03-14 23:54:00.000000 UTC,31.136554636
2023-03-14 23:55:00.000000 UTC,30.6330112712
2023-03-14 23:56:00.000000 UTC,29.3406495592
2023-03-14 23:57:00.000000 UTC,27.535836361799998
2023-03-14 23:58:00.000000 UTC,26.9321746634
2023-03-14 23:59:00.000000 UTC,26.389885280599998