minute_timestamp,avg_base_fee_gwei
2022-11-06 00:00:00.000000 UTC,8.9905298856
2022-11-06 00:01:00.000000 UTC,9.3152941076
2022-11-06 00:02:00.000000 UTC,9.1973810602000015
2022-11-06 00:03:00.000000 UTC,8.9489753866
2022-11-06 00:04:00.000000 UTC,10.623038524
2022-11-06 00:05:00.000000 UTC,10.1533479052
2022-11-06 00:06:00.000000 UTC,9.5957582223999989
2022-11-06 00:07:00.000000 UTC,9.635056918
2022-11-06 00:08:00.000000 UTC,9.777389205
2022-11-06 00:09:00.000000 UTC,9.732238345399999
2022-11-06 00:10:00.000000 UTC,9.5699489907999986
2022-11-06 00:11:00.000000 UTC,9.697673591600001
2022-11-06 00:12:00.000000 UTC,9.8368343188
2022-11-06 00:13:00.000000 UTC,9.4279284786
2022-11-06 00:14:00.000000 UTC,10.0463282428
2022-11-06 00:15:00.000000 UTC,10.2875641434
2022-11-06 00:16:00.000000 UTC,10.031458524
2022-11-06 00:17:00.000000 UTC,9.6883881187999989
2022-11-06 00:18:00.000000 UTC,10.1984617918
2022-11-06 00:19:00.000000 UTC,9.912562724
2022-11-06 00:20:00.000000 UTC,10.3233483996
2022-11-06 00:21:00.000000 UTC,10.2247235094
2022-11-06 00:22:00.000000 UTC,10.2830459302
2022-11-06 00:23:00.000000 UTC,9.9880277226
2022-11-06 00:24:00.000000 UTC,10.288408767
2022-11-06 00:25:00.000000 UTC,9.7651125116
2022-11-06 00:26:00.000000 UTC,9.9816573923999989
2022-11-06 00:27:00.000000 UTC,10.0007201366
2022-11-06 00:28:00.000000 UTC,9.9762630638
2022-11-06 00:29:00.000000 UTC,10.4680819878
2022-11-06 00:30:00.000000 UTC,10.521165914600001
2022-11-06 00:31:00.000000 UTC,10.3634305692
2022-11-06 00:32:00.000000 UTC,10.033942228799999
2022-11-06 00:33:00.000000 UTC,10.2883939058
2022-11-06 00:34:00.000000 UTC,10.3842452498
2022-11-06 00:35:00.000000 UTC,10.345168837
2022-11-06 00:36:00.000000 UTC,9.6481906406000011
2022-11-06 00:37:00.000000 UTC,10.0823575368
2022-11-06 00:38:00.000000 UTC,9.6220283784
2022-11-06 00:39:00.000000 UTC,9.397579047
2022-11-06 00:40:00.000000 UTC,9.6585134667999988
2022-11-06 00:41:00.000000 UTC,9.3057275346
2022-11-06 00:42:00.000000 UTC,9.2280958134
2022-11-06 00:43:00.000000 UTC,9.331789932
2022-11-06 00:44:00.000000 UTC,9.4563428024
2022-11-06 00:45:00.000000 UTC,10.2574206946
2022-11-06 00:46:00.000000 UTC,9.1034503958
2022-11-06 00:47:00.000000 UTC,8.8151583007999985
2022-11-06 00:48:00.000000 UTC,9.4526877298
2022-11-06 00:49:00.000000 UTC,9.483111814
2022-11-06 00:50:00.000000 UTC,9.566140653
2022-11-06 00:51:00.000000 UTC,9.3077339627999987
2022-11-06 00:52:00.000000 UTC,8.9164832684
2022-11-06 00:53:00.000000 UTC,8.999484816799999
2022-11-06 00:54:00.000000 UTC,9.3145779092
2022-11-06 00:55:00.000000 UTC,9.091705231
2022-11-06 00:56:00.000000 UTC,9.2278399776
2022-11-06 00:57:00.000000 UTC,9.525235743
2022-11-06 00:58:00.000000 UTC,9.8236796178
2022-11-06 00:59:00.000000 UTC,9.402054368
2022-11-06 01:00:00.000000 UTC,9.2383132706
2022-11-06 01:01:00.000000 UTC,10.9720843106
2022-11-06 01:02:00.000000 UTC,10.8837223892
2022-11-06 01:03:00.000000 UTC,10.0289477034
2022-11-06 01:04:00.000000 UTC,9.3560908938
2022-11-06 01:05:00.000000 UTC,9.0885880514
2022-11-06 01:06:00.000000 UTC,9.0546926938
2022-11-06 01:07:00.000000 UTC,9.4711125047999989
2022-11-06 01:08:00.000000 UTC,9.5115593236
2022-11-06 01:09:00.000000 UTC,9.0845460912
2022-11-06 01:10:00.000000 UTC,9.8926431108
2022-11-06 01:11:00.000000 UTC,9.453594764
2022-11-06 01:12:00.000000 UTC,8.9542738965
2022-11-06 01:13:00.000000 UTC,9.3184944632
2022-11-06 01:14:00.000000 UTC,8.6219410194
2022-11-06 01:15:00.000000 UTC,9.6143553967999988
2022-11-06 01:16:00.000000 UTC,9.7309412856
2022-11-06 01:17:00.000000 UTC,9.4535379202
2022-11-06 01:18:00.000000 UTC,10.272829884
2022-11-06 01:19:00.000000 UTC,8.9047715088
2022-11-06 01:20:00.000000 UTC,8.7558508046
2022-11-06 01:21:00.000000 UTC,9.64316103425
2022-11-06 01:22:00.000000 UTC,9.1842610976
2022-11-06 01:23:00.000000 UTC,9.170848488
2022-11-06 01:24:00.000000 UTC,8.6555574508
2022-11-06 01:25:00.000000 UTC,9.5001274518
2022-11-06 01:26:00.000000 UTC,10.2382559476
2022-11-06 01:27:00.000000 UTC,9.4411739177999987
2022-11-06 01:28:00.000000 UTC,8.9481997384
2022-11-06 01:29:00.000000 UTC,9.4355027478
2022-11-06 01:30:00.000000 UTC,9.1858134244
2022-11-06 01:31:00.000000 UTC,8.8197867374
2022-11-06 01:32:00.000000 UTC,8.9609703122
2022-11-06 01:33:00.000000 UTC,9.3173127708
2022-11-06 01:34:00.000000 UTC,9.4983303114
2022-11-06 01:35:00.000000 UTC,9.0456331406
2022-11-06 01:36:00.000000 UTC,9.706505014
2022-11-06 01:37:00.000000 UTC,9.163839988
2022-11-06 01:38:00.000000 UTC,9.2499892844
2022-11-06 01:39:00.000000 UTC,8.7829564323999989
2022-11-06 01:40:00.000000 UTC,9.0017471194
2022-11-06 01:41:00.000000 UTC,9.249811982
2022-11-06 01:42:00.000000 UTC,9.9849111512
2022-11-06 01:43:00.000000 UTC,9.62446007
2022-11-06 01:44:00.000000 UTC,9.6697272564
2022-11-06 01:45:00.000000 UTC,9.711826621
2022-11-06 01:46:00.000000 UTC,10.273721628
2022-11-06 01:47:00.000000 UTC,9.6096631616
2022-11-06 01:48:00.000000 UTC,10.2143026904
2022-11-06 01:49:00.000000 UTC,9.4327361894
2022-11-06 01:50:00.000000 UTC,9.8570096973999988
2022-11-06 01:51:00.000000 UTC,9.403240885
2022-11-06 01:52:00.000000 UTC,9.7176807612
2022-11-06 01:53:00.000000 UTC,9.8473087336
2022-11-06 01:54:00.000000 UTC,10.435090751799999
2022-11-06 01:55:00.000000 UTC,10.348154543200001
2022-11-06 01:56:00.000000 UTC,9.483479717
2022-11-06 01:57:00.000000 UTC,9.2000160258
2022-11-06 01:58:00.000000 UTC,10.3906413358
2022-11-06 01:59:00.000000 UTC,11.0485882478
2022-11-06 02:00:00.000000 UTC,10.271123966200001
2022-11-06 02:01:00.000000 UTC,10.738039926399999
2022-11-06 02:02:00.000000 UTC,10.7101038946
2022-11-06 02:03:00.000000 UTC,10.3271906178
2022-11-06 02:04:00.000000 UTC,10.3662215204
2022-11-06 02:05:00.000000 UTC,9.8029108672000014
2022-11-06 02:06:00.000000 UTC,9.7167502024
2022-11-06 02:07:00.000000 UTC,10.335200659
2022-11-06 02:08:00.000000 UTC,10.3768701946
2022-11-06 02:09:00.000000 UTC,10.1248923066
2022-11-06 02:10:00.000000 UTC,9.4722000802
2022-11-06 02:11:00.000000 UTC,9.2358578266
2022-11-06 02:12:00.000000 UTC,8.8682911042
2022-11-06 02:13:00.000000 UTC,8.8966984242
2022-11-06 02:14:00.000000 UTC,8.9817008946000012
2022-11-06 02:15:00.000000 UTC,8.843724414
2022-11-06 02:16:00.000000 UTC,9.5982528082000016
2022-11-06 02:17:00.000000 UTC,9.2014443652
2022-11-06 02:18:00.000000 UTC,8.7077810366
2022-11-06 02:19:00.000000 UTC,9.1573689432000016
2022-11-06 02:20:00.000000 UTC,9.4612658152
2022-11-06 02:21:00.000000 UTC,9.102672513
2022-11-06 02:22:00.000000 UTC,10.0497903
2022-11-06 02:23:00.000000 UTC,9.654616798
2022-11-06 02:24:00.000000 UTC,10.009916567200001
2022-11-06 02:25:00.000000 UTC,9.4323016226
2022-11-06 02:26:00.000000 UTC,9.7989189887999988
2022-11-06 02:27:00.000000 UTC,9.2010855944
2022-11-06 02:28:00.000000 UTC,9.4192020232
2022-11-06 02:29:00.000000 UTC,9.230372553
2022-11-06 02:30:00.000000 UTC,8.8966357448
2022-11-06 02:31:00.000000 UTC,9.418927870600001
2022-11-06 02:32:00.000000 UTC,8.92439577
2022-11-06 02:33:00.000000 UTC,9.5754234432
2022-11-06 02:34:00.000000 UTC,10.0406261426
2022-11-06 02:35:00.000000 UTC,9.4560613566000011
2022-11-06 02:36:00.000000 UTC,9.6139103252
2022-11-06 02:37:00.000000 UTC,9.5452972412
2022-11-06 02:38:00.000000 UTC,9.31288804
2022-11-06 02:39:00.000000 UTC,9.3447367816
2022-11-06 02:40:00.000000 UTC,9.8035379046
2022-11-06 02:41:00.000000 UTC,10.1729614864
2022-11-06 02:42:00.000000 UTC,9.1803507906
2022-11-06 02:43:00.000000 UTC,8.6739903842000015
2022-11-06 02:44:00.000000 UTC,9.4840044494
2022-11-06 02:45:00.000000 UTC,9.6372624346
2022-11-06 02:46:00.000000 UTC,9.221369345
2022-11-06 02:47:00.000000 UTC,9.0118847494
2022-11-06 02:48:00.000000 UTC,9.258661187
2022-11-06 02:49:00.000000 UTC,9.1938235774
2022-11-06 02:50:00.000000 UTC,9.3304396764
2022-11-06 02:51:00.000000 UTC,9.1922901546
2022-11-06 02:52:00.000000 UTC,9.4449072634
2022-11-06 02:53:00.000000 UTC,9.3289525814
2022-11-06 02:54:00.000000 UTC,9.3576423786
2022-11-06 02:55:00.000000 UTC,9.298716372
2022-11-06 02:56:00.000000 UTC,9.1750328998
2022-11-06 02:57:00.000000 UTC,9.3797788856
2022-11-06 02:58:00.000000 UTC,9.2114143592
2022-11-06 02:59:00.000000 UTC,9.3541927653999988
2022-11-06 03:00:00.000000 UTC,9.0917020236
2022-11-06 03:01:00.000000 UTC,8.8571479502
2022-11-06 03:02:00.000000 UTC,9.9188039772000014
2022-11-06 03:03:00.000000 UTC,9.6436791887999984
2022-11-06 03:04:00.000000 UTC,9.341627681
2022-11-06 03:05:00.000000 UTC,9.7407717418
2022-11-06 03:06:00.000000 UTC,9.4682656856
2022-11-06 03:07:00.000000 UTC,9.572792744600001
2022-11-06 03:08:00.000000 UTC,10.382266560200001
2022-11-06 03:09:00.000000 UTC,9.0184029113999991
2022-11-06 03:10:00.000000 UTC,9.0881213592
2022-11-06 03:11:00.000000 UTC,9.6718268178
2022-11-06 03:12:00.000000 UTC,9.4109248614
2022-11-06 03:13:00.000000 UTC,9.259922682600001
2022-11-06 03:14:00.000000 UTC,10.921591668200001
2022-11-06 03:15:00.000000 UTC,13.9856944922
2022-11-06 03:16:00.000000 UTC,15.685409099200001
2022-11-06 03:17:00.000000 UTC,12.5545453632
2022-11-06 03:18:00.000000 UTC,10.6699023996
2022-11-06 03:19:00.000000 UTC,10.4463333372
2022-11-06 03:20:00.000000 UTC,9.5684377522000013
2022-11-06 03:21:00.000000 UTC,10.3863914028
2022-11-06 03:22:00.000000 UTC,9.168565236600001
2022-11-06 03:23:00.000000 UTC,8.9068297246
2022-11-06 03:24:00.000000 UTC,9.5753230842
2022-11-06 03:25:00.000000 UTC,9.6872057706
2022-11-06 03:26:00.000000 UTC,9.1705909074
2022-11-06 03:27:00.000000 UTC,9.5797091258
2022-11-06 03:28:00.000000 UTC,9.367794074
2022-11-06 03:29:00.000000 UTC,10.9069000032
2022-11-06 03:30:00.000000 UTC,10.139485905
2022-11-06 03:31:00.000000 UTC,9.4303071406
2022-11-06 03:32:00.000000 UTC,9.675704434
2022-11-06 03:33:00.000000 UTC,9.2045100454
2022-11-06 03:34:00.000000 UTC,9.7216217324
2022-11-06 03:35:00.000000 UTC,9.2577243307999986
2022-11-06 03:36:00.000000 UTC,9.0622865665
2022-11-06 03:37:00.000000 UTC,9.5057218368
2022-11-06 03:38:00.000000 UTC,8.9513941882
2022-11-06 03:39:00.000000 UTC,9.1911764194
2022-11-06 03:40:00.000000 UTC,9.081784742
2022-11-06 03:41:00.000000 UTC,9.1019903203999988
2022-11-06 03:42:00.000000 UTC,8.9874678587999988
2022-11-06 03:43:00.000000 UTC,8.81502005
2022-11-06 03:44:00.000000 UTC,9.1552627692
2022-11-06 03:45:00.000000 UTC,9.2491364986
2022-11-06 03:46:00.000000 UTC,8.8687435187999988
2022-11-06 03:47:00.000000 UTC,8.8209045966
2022-11-06 03:48:00.000000 UTC,9.07972424
2022-11-06 03:49:00.000000 UTC,8.9770801098
2022-11-06 03:50:00.000000 UTC,9.1141274812
2022-11-06 03:51:00.000000 UTC,8.6781457334
2022-11-06 03:52:00.000000 UTC,9.3494523092
2022-11-06 03:53:00.000000 UTC,8.7779352052
2022-11-06 03:54:00.000000 UTC,9.0993182437999991
2022-11-06 03:55:00.000000 UTC,11.3527095656
2022-11-06 03:56:00.000000 UTC,13.646287135
2022-11-06 03:57:00.000000 UTC,18.970107576
2022-11-06 03:58:00.000000 UTC,18.9354359872
2022-11-06 03:59:00.000000 UTC,20.3559106812
2022-11-06 04:00:00.000000 UTC,19.2895647388
2022-11-06 04:01:00.000000 UTC,17.5882615538
2022-11-06 04:02:00.000000 UTC,14.5115850144
2022-11-06 04:03:00.000000 UTC,12.589603672
2022-11-06 04:04:00.000000 UTC,11.145287276200001
2022-11-06 04:05:00.000000 UTC,9.3207977998
2022-11-06 04:06:00.000000 UTC,8.8170703028
2022-11-06 04:07:00.000000 UTC,9.0931513094
2022-11-06 04:08:00.000000 UTC,8.9238404346
2022-11-06 04:09:00.000000 UTC,10.077933078200001
2022-11-06 04:10:00.000000 UTC,9.6082209383999988
2022-11-06 04:11:00.000000 UTC,10.014014146200001
2022-11-06 04:12:00.000000 UTC,9.6641713698
2022-11-06 04:13:00.000000 UTC,10.1568902046
2022-11-06 04:14:00.000000 UTC,10.5501084076
2022-11-06 04:15:00.000000 UTC,10.06658662775
2022-11-06 04:16:00.000000 UTC,10.1071748572
2022-11-06 04:17:00.000000 UTC,9.7780480362000013
2022-11-06 04:18:00.000000 UTC,8.577429523
2022-11-06 04:19:00.000000 UTC,9.4648056534
2022-11-06 04:20:00.000000 UTC,9.3228916978
2022-11-06 04:21:00.000000 UTC,9.3926462112
2022-11-06 04:22:00.000000 UTC,9.8963390046
2022-11-06 04:23:00.000000 UTC,9.808085319
2022-11-06 04:24:00.000000 UTC,9.2395702932
2022-11-06 04:25:00.000000 UTC,9.7408958092000013
2022-11-06 04:26:00.000000 UTC,9.6160235577999984
2022-11-06 04:27:00.000000 UTC,8.8285969814
2022-11-06 04:28:00.000000 UTC,9.148485046
2022-11-06 04:29:00.000000 UTC,9.2446690202
2022-11-06 04:30:00.000000 UTC,9.0967346484
2022-11-06 04:31:00.000000 UTC,9.1843317382000009
2022-11-06 04:32:00.000000 UTC,9.3404139154
2022-11-06 04:33:00.000000 UTC,8.9849733554
2022-11-06 04:34:00.000000 UTC,9.4579734696
2022-11-06 04:35:00.000000 UTC,9.0834535086
2022-11-06 04:36:00.000000 UTC,9.7713053888
2022-11-06 04:37:00.000000 UTC,9.0570824877999989
2022-11-06 04:38:00.000000 UTC,9.4710442408
2022-11-06 04:39:00.000000 UTC,9.1339729516
2022-11-06 04:40:00.000000 UTC,9.2346921176
2022-11-06 04:41:00.000000 UTC,8.8889741236
2022-11-06 04:42:00.000000 UTC,9.4922494486
2022-11-06 04:43:00.000000 UTC,9.0685542018
2022-11-06 04:44:00.000000 UTC,8.6593505104
2022-11-06 04:45:00.000000 UTC,9.2669266767999989
2022-11-06 04:46:00.000000 UTC,9.0921115386000011
2022-11-06 04:47:00.000000 UTC,9.6169420224
2022-11-06 04:48:00.000000 UTC,9.1495261074
2022-11-06 04:49:00.000000 UTC,9.292617292200001
2022-11-06 04:50:00.000000 UTC,9.1627783352
2022-11-06 04:51:00.000000 UTC,8.808465493
2022-11-06 04:52:00.000000 UTC,9.0621554963999991
2022-11-06 04:53:00.000000 UTC,9.844532705799999
2022-11-06 04:54:00.000000 UTC,9.1109553506000012
2022-11-06 04:55:00.000000 UTC,9.2877563037999984
2022-11-06 04:56:00.000000 UTC,8.913712069799999
2022-11-06 04:57:00.000000 UTC,8.9196575126
2022-11-06 04:58:00.000000 UTC,10.097101073200001
2022-11-06 04:59:00.000000 UTC,10.041792401799999
2022-11-06 05:00:00.000000 UTC,10.0883668476
2022-11-06 05:01:00.000000 UTC,10.6063948548
2022-11-06 05:02:00.000000 UTC,10.3610092404
2022-11-06 05:03:00.000000 UTC,10.1381018918
2022-11-06 05:04:00.000000 UTC,10.2903351808
2022-11-06 05:05:00.000000 UTC,10.052310576
2022-11-06 05:06:00.000000 UTC,10.357084069
2022-11-06 05:07:00.000000 UTC,10.4122490066
2022-11-06 05:08:00.000000 UTC,10.227192943
2022-11-06 05:09:00.000000 UTC,10.4234088736
2022-11-06 05:10:00.000000 UTC,9.866246774
2022-11-06 05:11:00.000000 UTC,10.3721209054
2022-11-06 05:12:00.000000 UTC,9.835865486
2022-11-06 05:13:00.000000 UTC,9.7039485484
2022-11-06 05:14:00.000000 UTC,10.290175253200001
2022-11-06 05:15:00.000000 UTC,10.264473094200001
2022-11-06 05:16:00.000000 UTC,10.142989006799999
2022-11-06 05:17:00.000000 UTC,10.3803309814
2022-11-06 05:18:00.000000 UTC,10.2553282764
2022-11-06 05:19:00.000000 UTC,10.327595929
2022-11-06 05:20:00.000000 UTC,9.9755174544
2022-11-06 05:21:00.000000 UTC,10.2701432618
2022-11-06 05:22:00.000000 UTC,10.066419488600001
2022-11-06 05:23:00.000000 UTC,10.0668226192
2022-11-06 05:24:00.000000 UTC,9.918592012
2022-11-06 05:25:00.000000 UTC,10.250073996200001
2022-11-06 05:26:00.000000 UTC,10.2795447776
2022-11-06 05:27:00.000000 UTC,10.0197248394
2022-11-06 05:28:00.000000 UTC,10.3086132216
2022-11-06 05:29:00.000000 UTC,10.920670888
2022-11-06 05:30:00.000000 UTC,10.6380586384
2022-11-06 05:31:00.000000 UTC,10.1592663596
2022-11-06 05:32:00.000000 UTC,10.1070318238
2022-11-06 05:33:00.000000 UTC,9.9854044574
2022-11-06 05:34:00.000000 UTC,10.235492757
2022-11-06 05:35:00.000000 UTC,10.2599450634
2022-11-06 05:36:00.000000 UTC,10.208910862
2022-11-06 05:37:00.000000 UTC,9.9658345876
2022-11-06 05:38:00.000000 UTC,9.7910425056
2022-11-06 05:39:00.000000 UTC,10.2815111688
2022-11-06 05:40:00.000000 UTC,10.0971818116
2022-11-06 05:41:00.000000 UTC,10.289026317
2022-11-06 05:42:00.000000 UTC,10.0040139026
2022-11-06 05:43:00.000000 UTC,10.2147611604
2022-11-06 05:44:00.000000 UTC,10.5080475666
2022-11-06 05:45:00.000000 UTC,10.3186857688
2022-11-06 05:46:00.000000 UTC,10.254723026799999
2022-11-06 05:47:00.000000 UTC,10.5231295976
2022-11-06 05:48:00.000000 UTC,10.2239589924
2022-11-06 05:49:00.000000 UTC,10.3452830538
2022-11-06 05:50:00.000000 UTC,9.8622124786
2022-11-06 05:51:00.000000 UTC,10.490823062799999
2022-11-06 05:52:00.000000 UTC,10.003280962200002
2022-11-06 05:53:00.000000 UTC,10.0429801124
2022-11-06 05:54:00.000000 UTC,9.9386344234
2022-11-06 05:55:00.000000 UTC,10.7963188336
2022-11-06 05:56:00.000000 UTC,9.9827189586
2022-11-06 05:57:00.000000 UTC,10.3010896234
2022-11-06 05:58:00.000000 UTC,10.4379002284
2022-11-06 05:59:00.000000 UTC,10.4004428194
2022-11-06 06:00:00.000000 UTC,10.2145127482
2022-11-06 06:01:00.000000 UTC,10.2262957644
2022-11-06 06:02:00.000000 UTC,9.9926582278
2022-11-06 06:03:00.000000 UTC,9.9296587512000016
2022-11-06 06:04:00.000000 UTC,10.369723742
2022-11-06 06:05:00.000000 UTC,9.77298287725
2022-11-06 06:06:00.000000 UTC,10.202247393799999
2022-11-06 06:07:00.000000 UTC,9.7592880942
2022-11-06 06:08:00.000000 UTC,9.7131485187999989
2022-11-06 06:09:00.000000 UTC,9.595266242200001
2022-11-06 06:10:00.000000 UTC,10.324262000600001
2022-11-06 06:11:00.000000 UTC,10.147619345399999
2022-11-06 06:12:00.000000 UTC,10.5686534126
2022-11-06 06:13:00.000000 UTC,10.022118197600001
2022-11-06 06:14:00.000000 UTC,9.803568332
2022-11-06 06:15:00.000000 UTC,9.6538081912000013
2022-11-06 06:16:00.000000 UTC,9.5437577322000013
2022-11-06 06:17:00.000000 UTC,9.5794524464
2022-11-06 06:18:00.000000 UTC,9.837842135799999
2022-11-06 06:19:00.000000 UTC,9.3503949456
2022-11-06 06:20:00.000000 UTC,9.7365286976
2022-11-06 06:21:00.000000 UTC,10.066384598399999
2022-11-06 06:22:00.000000 UTC,9.5954003266
2022-11-06 06:23:00.000000 UTC,9.9726879124
2022-11-06 06:24:00.000000 UTC,9.6821330036
2022-11-06 06:25:00.000000 UTC,10.585149452200001
2022-11-06 06:26:00.000000 UTC,9.8968222262000012
2022-11-06 06:27:00.000000 UTC,9.718742982
2022-11-06 06:28:00.000000 UTC,9.2962781052
2022-11-06 06:29:00.000000 UTC,9.5874758634
2022-11-06 06:30:00.000000 UTC,9.886637635
2022-11-06 06:31:00.000000 UTC,10.5445197724
2022-11-06 06:32:00.000000 UTC,9.4856423944
2022-11-06 06:33:00.000000 UTC,9.3576113548
2022-11-06 06:34:00.000000 UTC,9.5397755504
2022-11-06 06:35:00.000000 UTC,10.8205696164
2022-11-06 06:36:00.000000 UTC,10.4123566054
2022-11-06 06:37:00.000000 UTC,9.4333582926000012
2022-11-06 06:38:00.000000 UTC,10.84483512125
2022-11-06 06:39:00.000000 UTC,10.0874863626
2022-11-06 06:40:00.000000 UTC,10.398184865200001
2022-11-06 06:41:00.000000 UTC,9.520322629
2022-11-06 06:42:00.000000 UTC,10.251186697200001
2022-11-06 06:43:00.000000 UTC,9.4750737582
2022-11-06 06:44:00.000000 UTC,9.7838039606
2022-11-06 06:45:00.000000 UTC,10.205584999600001
2022-11-06 06:46:00.000000 UTC,9.6496607257999987
2022-11-06 06:47:00.000000 UTC,10.1249097594
2022-11-06 06:48:00.000000 UTC,10.132108749799999
2022-11-06 06:49:00.000000 UTC,10.641009859
2022-11-06 06:50:00.000000 UTC,10.1621802588
2022-11-06 06:51:00.000000 UTC,10.400572654600001
2022-11-06 06:52:00.000000 UTC,10.1789266384
2022-11-06 06:53:00.000000 UTC,10.1754330438
2022-11-06 06:54:00.000000 UTC,10.2663632494
2022-11-06 06:55:00.000000 UTC,10.069258811
2022-11-06 06:56:00.000000 UTC,10.440384126
2022-11-06 06:57:00.000000 UTC,10.2957174122
2022-11-06 06:58:00.000000 UTC,10.5841298924
2022-11-06 06:59:00.000000 UTC,10.5220688476
2022-11-06 07:00:00.000000 UTC,11.15093317125
2022-11-06 07:01:00.000000 UTC,9.890963617
2022-11-06 07:02:00.000000 UTC,10.367587287
2022-11-06 07:03:00.000000 UTC,10.5397339282
2022-11-06 07:04:00.000000 UTC,10.1588967116
2022-11-06 07:05:00.000000 UTC,10.486537503
2022-11-06 07:06:00.000000 UTC,10.6156322376
2022-11-06 07:07:00.000000 UTC,10.5317705016
2022-11-06 07:08:00.000000 UTC,10.7783772272
2022-11-06 07:09:00.000000 UTC,10.2028916842
2022-11-06 07:10:00.000000 UTC,10.036548925
2022-11-06 07:11:00.000000 UTC,10.388786487399999
2022-11-06 07:12:00.000000 UTC,10.2007962276
2022-11-06 07:13:00.000000 UTC,10.353275539
2022-11-06 07:14:00.000000 UTC,10.3216713944
2022-11-06 07:15:00.000000 UTC,10.207467205
2022-11-06 07:16:00.000000 UTC,10.7588794542
2022-11-06 07:17:00.000000 UTC,11.161302496200001
2022-11-06 07:18:00.000000 UTC,10.2591678176
2022-11-06 07:19:00.000000 UTC,10.4084407854
2022-11-06 07:20:00.000000 UTC,10.3073446902
2022-11-06 07:21:00.000000 UTC,10.1181287706
2022-11-06 07:22:00.000000 UTC,10.144446699
2022-11-06 07:23:00.000000 UTC,10.313317909
2022-11-06 07:24:00.000000 UTC,10.423114745
2022-11-06 07:25:00.000000 UTC,11.0546015672
2022-11-06 07:26:00.000000 UTC,10.193342699799999
2022-11-06 07:27:00.000000 UTC,10.2353249674
2022-11-06 07:28:00.000000 UTC,10.3621388606
2022-11-06 07:29:00.000000 UTC,10.082360045200002
2022-11-06 07:30:00.000000 UTC,9.9383562547999986
2022-11-06 07:31:00.000000 UTC,10.320991783799998
2022-11-06 07:32:00.000000 UTC,10.0985137286
2022-11-06 07:33:00.000000 UTC,9.8395825594
2022-11-06 07:34:00.000000 UTC,9.9614194558
2022-11-06 07:35:00.000000 UTC,9.8431745638
2022-11-06 07:36:00.000000 UTC,9.355396675
2022-11-06 07:37:00.000000 UTC,9.509150864
2022-11-06 07:38:00.000000 UTC,9.4308519582
2022-11-06 07:39:00.000000 UTC,9.3077542996000009
2022-11-06 07:40:00.000000 UTC,9.6021269764
2022-11-06 07:41:00.000000 UTC,9.1572461386
2022-11-06 07:42:00.000000 UTC,9.4066699452
2022-11-06 07:43:00.000000 UTC,9.232385415
2022-11-06 07:44:00.000000 UTC,9.648022439
2022-11-06 07:45:00.000000 UTC,9.1423327564
2022-11-06 07:46:00.000000 UTC,9.3300401567999991
2022-11-06 07:47:00.000000 UTC,9.4426656148
2022-11-06 07:48:00.000000 UTC,9.310392030600001
2022-11-06 07:49:00.000000 UTC,9.4372631622
2022-11-06 07:50:00.000000 UTC,9.2813088856
2022-11-06 07:51:00.000000 UTC,8.9933894032
2022-11-06 07:52:00.000000 UTC,9.0561706612000012
2022-11-06 07:53:00.000000 UTC,9.1181783007999986
2022-11-06 07:54:00.000000 UTC,9.089015127
2022-11-06 07:55:00.000000 UTC,9.1056111288
2022-11-06 07:56:00.000000 UTC,8.8616176852
2022-11-06 07:57:00.000000 UTC,8.8386259382000016
2022-11-06 07:58:00.000000 UTC,9.219935272399999
2022-11-06 07:59:00.000000 UTC,8.886583259
2022-11-06 08:00:00.000000 UTC,8.8609908894
2022-11-06 08:01:00.000000 UTC,9.564529202200001
2022-11-06 08:02:00.000000 UTC,8.9241723578
2022-11-06 08:03:00.000000 UTC,9.2678384938
2022-11-06 08:04:00.000000 UTC,9.5432492346000011
2022-11-06 08:05:00.000000 UTC,8.9215258388
2022-11-06 08:06:00.000000 UTC,9.257554877
2022-11-06 08:07:00.000000 UTC,8.9998673057999987
2022-11-06 08:08:00.000000 UTC,9.571642901
2022-11-06 08:09:00.000000 UTC,9.2959080542
2022-11-06 08:10:00.000000 UTC,8.907007612
2022-11-06 08:11:00.000000 UTC,9.3879949536
2022-11-06 08:12:00.000000 UTC,8.7525383742
2022-11-06 08:13:00.000000 UTC,8.9832009322
2022-11-06 08:14:00.000000 UTC,8.6377205916
2022-11-06 08:15:00.000000 UTC,9.6179780116
2022-11-06 08:16:00.000000 UTC,9.2622907646000012
2022-11-06 08:17:00.000000 UTC,9.2229238948
2022-11-06 08:18:00.000000 UTC,8.777457793
2022-11-06 08:19:00.000000 UTC,9.2594987398
2022-11-06 08:20:00.000000 UTC,9.0731509057999986
2022-11-06 08:21:00.000000 UTC,9.081187945
2022-11-06 08:22:00.000000 UTC,8.7942624392
2022-11-06 08:23:00.000000 UTC,9.0540895356000011
2022-11-06 08:24:00.000000 UTC,8.6898323314
2022-11-06 08:25:00.000000 UTC,8.7539991816000011
2022-11-06 08:26:00.000000 UTC,8.8421321322000015
2022-11-06 08:27:00.000000 UTC,8.7139711222
2022-11-06 08:28:00.000000 UTC,8.7218261714
2022-11-06 08:29:00.000000 UTC,8.8722703686
2022-11-06 08:30:00.000000 UTC,9.1194374575
2022-11-06 08:31:00.000000 UTC,9.12597585525
2022-11-06 08:32:00.000000 UTC,9.4156517605
2022-11-06 08:33:00.000000 UTC,8.6847112344
2022-11-06 08:34:00.000000 UTC,8.8866007526
2022-11-06 08:35:00.000000 UTC,9.1637066776
2022-11-06 08:36:00.000000 UTC,8.832689328399999
2022-11-06 08:37:00.000000 UTC,9.0434590836
2022-11-06 08:38:00.000000 UTC,8.8065674518
2022-11-06 08:39:00.000000 UTC,8.8772092692000015
2022-11-06 08:40:00.000000 UTC,8.7267260787999987
2022-11-06 08:41:00.000000 UTC,8.7109659327999989
2022-11-06 08:42:00.000000 UTC,8.7957612122
2022-11-06 08:43:00.000000 UTC,9.8014945924
2022-11-06 08:44:00.000000 UTC,9.3518243688
2022-11-06 08:45:00.000000 UTC,8.983328696600001
2022-11-06 08:46:00.000000 UTC,9.4064474244
2022-11-06 08:47:00.000000 UTC,9.7702340236
2022-11-06 08:48:00.000000 UTC,9.6195331818
2022-11-06 08:49:00.000000 UTC,9.2176438434
2022-11-06 08:50:00.000000 UTC,9.6581743138
2022-11-06 08:51:00.000000 UTC,10.3661567974
2022-11-06 08:52:00.000000 UTC,10.171795446
2022-11-06 08:53:00.000000 UTC,9.6057735648
2022-11-06 08:54:00.000000 UTC,9.643721643200001
2022-11-06 08:55:00.000000 UTC,9.7179481592
2022-11-06 08:56:00.000000 UTC,10.210294443799999
2022-11-06 08:57:00.000000 UTC,9.445737296399999
2022-11-06 08:58:00.000000 UTC,9.9590307302
2022-11-06 08:59:00.000000 UTC,9.781584757200001
2022-11-06 09:00:00.000000 UTC,10.780564119600001
2022-11-06 09:01:00.000000 UTC,10.546540985
2022-11-06 09:02:00.000000 UTC,11.020646623600001
2022-11-06 09:03:00.000000 UTC,10.3162852166
2022-11-06 09:04:00.000000 UTC,10.141507193799999
2022-11-06 09:05:00.000000 UTC,10.334574742
2022-11-06 09:06:00.000000 UTC,11.087040393799999
2022-11-06 09:07:00.000000 UTC,11.0668350474
2022-11-06 09:08:00.000000 UTC,11.208953616799999
2022-11-06 09:09:00.000000 UTC,12.243800992
2022-11-06 09:10:00.000000 UTC,12.707091133
2022-11-06 09:11:00.000000 UTC,10.9738544344
2022-11-06 09:12:00.000000 UTC,10.991180640200001
2022-11-06 09:13:00.000000 UTC,10.1447922218
2022-11-06 09:14:00.000000 UTC,10.3506150754
2022-11-06 09:15:00.000000 UTC,9.9248296082000014
2022-11-06 09:16:00.000000 UTC,11.6332348272
2022-11-06 09:17:00.000000 UTC,10.960136235
2022-11-06 09:18:00.000000 UTC,12.1073000724
2022-11-06 09:19:00.000000 UTC,12.396539915
2022-11-06 09:20:00.000000 UTC,11.029135134
2022-11-06 09:21:00.000000 UTC,10.4854433844
2022-11-06 09:22:00.000000 UTC,10.4429675494
2022-11-06 09:23:00.000000 UTC,10.4022618102
2022-11-06 09:24:00.000000 UTC,10.0672225814
2022-11-06 09:25:00.000000 UTC,9.977628368
2022-11-06 09:26:00.000000 UTC,10.006907015
2022-11-06 09:27:00.000000 UTC,9.5692537804
2022-11-06 09:28:00.000000 UTC,9.1122358837999986
2022-11-06 09:29:00.000000 UTC,9.9466209832
2022-11-06 09:30:00.000000 UTC,9.8966043786000011
2022-11-06 09:31:00.000000 UTC,10.2959166266
2022-11-06 09:32:00.000000 UTC,9.5640223142
2022-11-06 09:33:00.000000 UTC,10.603195667200001
2022-11-06 09:34:00.000000 UTC,10.214059125799999
2022-11-06 09:35:00.000000 UTC,9.9594034547999986
2022-11-06 09:36:00.000000 UTC,9.4736000212000011
2022-11-06 09:37:00.000000 UTC,9.3423363854
2022-11-06 09:38:00.000000 UTC,8.8429076057999989
2022-11-06 09:39:00.000000 UTC,9.0381388978
2022-11-06 09:40:00.000000 UTC,8.6989290956
2022-11-06 09:41:00.000000 UTC,9.8981217696000012
2022-11-06 09:42:00.000000 UTC,9.0078713067999985
2022-11-06 09:43:00.000000 UTC,9.2181096106000009
2022-11-06 09:44:00.000000 UTC,9.8224164626
2022-11-06 09:45:00.000000 UTC,9.6768534213999988
2022-11-06 09:46:00.000000 UTC,9.2669144496
2022-11-06 09:47:00.000000 UTC,9.5300058468
2022-11-06 09:48:00.000000 UTC,8.7700945072000014
2022-11-06 09:49:00.000000 UTC,9.5270310005
2022-11-06 09:50:00.000000 UTC,9.0182425163999991
2022-11-06 09:51:00.000000 UTC,9.3626793664
2022-11-06 09:52:00.000000 UTC,9.1786500928
2022-11-06 09:53:00.000000 UTC,9.5623541526000011
2022-11-06 09:54:00.000000 UTC,8.681998781
2022-11-06 09:55:00.000000 UTC,9.8196997762
2022-11-06 09:56:00.000000 UTC,9.4190133868
2022-11-06 09:57:00.000000 UTC,9.2424019716
2022-11-06 09:58:00.000000 UTC,8.8818097582000011
2022-11-06 09:59:00.000000 UTC,10.284412561
2022-11-06 10:00:00.000000 UTC,10.253357743
2022-11-06 10:01:00.000000 UTC,9.953092693
2022-11-06 10:02:00.000000 UTC,9.4091617214
2022-11-06 10:03:00.000000 UTC,9.0618854526
2022-11-06 10:04:00.000000 UTC,8.5534566216
2022-11-06 10:05:00.000000 UTC,9.2616554284
2022-11-06 10:06:00.000000 UTC,8.5866960933999987
2022-11-06 10:07:00.000000 UTC,9.2924881162000013
2022-11-06 10:08:00.000000 UTC,8.8576315907999987
2022-11-06 10:09:00.000000 UTC,8.5792986356
2022-11-06 10:10:00.000000 UTC,9.0993983282000013
2022-11-06 10:11:00.000000 UTC,9.467263458
2022-11-06 10:12:00.000000 UTC,8.6323653922
2022-11-06 10:13:00.000000 UTC,8.4776750106
2022-11-06 10:14:00.000000 UTC,8.7624636824
2022-11-06 10:15:00.000000 UTC,9.5900526434
2022-11-06 10:16:00.000000 UTC,9.617231988
2022-11-06 10:17:00.000000 UTC,10.255901996
2022-11-06 10:18:00.000000 UTC,9.0765713957999985
2022-11-06 10:19:00.000000 UTC,9.1001978444
2022-11-06 10:20:00.000000 UTC,9.719576275
2022-11-06 10:21:00.000000 UTC,9.290723846
2022-11-06 10:22:00.000000 UTC,10.6478070128
2022-11-06 10:23:00.000000 UTC,10.201703566399999
2022-11-06 10:24:00.000000 UTC,9.2159399784
2022-11-06 10:25:00.000000 UTC,9.3767391436
2022-11-06 10:26:00.000000 UTC,9.1536631142
2022-11-06 10:27:00.000000 UTC,9.7487744996
2022-11-06 10:28:00.000000 UTC,9.467065061
2022-11-06 10:29:00.000000 UTC,9.2074509192000011
2022-11-06 10:30:00.000000 UTC,8.6309928916
2022-11-06 10:31:00.000000 UTC,9.803628036
2022-11-06 10:32:00.000000 UTC,9.9506576384
2022-11-06 10:33:00.000000 UTC,9.7012145018
2022-11-06 10:34:00.000000 UTC,9.1946985432000012
2022-11-06 10:35:00.000000 UTC,11.5670748486
2022-11-06 10:36:00.000000 UTC,10.839247314
2022-11-06 10:37:00.000000 UTC,10.2841456426
2022-11-06 10:38:00.000000 UTC,10.90492458525
2022-11-06 10:39:00.000000 UTC,10.734287628
2022-11-06 10:40:00.000000 UTC,9.4533880437999986
2022-11-06 10:41:00.000000 UTC,9.272141199
2022-11-06 10:42:00.000000 UTC,8.6308308067999988
2022-11-06 10:43:00.000000 UTC,8.777254664
2022-11-06 10:44:00.000000 UTC,8.7592512396000011
2022-11-06 10:45:00.000000 UTC,8.5471796622
2022-11-06 10:46:00.000000 UTC,9.6465470112000009
2022-11-06 10:47:00.000000 UTC,8.9026275218
2022-11-06 10:48:00.000000 UTC,8.8748710102000015
2022-11-06 10:49:00.000000 UTC,9.3676370816
2022-11-06 10:50:00.000000 UTC,8.647645912
2022-11-06 10:51:00.000000 UTC,9.2750415538
2022-11-06 10:52:00.000000 UTC,10.131309821799999
2022-11-06 10:53:00.000000 UTC,10.695776592200001
2022-11-06 10:54:00.000000 UTC,9.7938335036
2022-11-06 10:55:00.000000 UTC,9.1614090426
2022-11-06 10:56:00.000000 UTC,8.7660201516000011
2022-11-06 10:57:00.000000 UTC,8.677998969
2022-11-06 10:58:00.000000 UTC,8.9329182836000012
2022-11-06 10:59:00.000000 UTC,9.0395396218
2022-11-06 11:00:00.000000 UTC,9.2356402368
2022-11-06 11:01:00.000000 UTC,9.870565512
2022-11-06 11:02:00.000000 UTC,10.0730234046
2022-11-06 11:03:00.000000 UTC,9.8405468134
2022-11-06 11:04:00.000000 UTC,9.8111441052
2022-11-06 11:05:00.000000 UTC,9.8500802017999991
2022-11-06 11:06:00.000000 UTC,9.5011251682000015
2022-11-06 11:07:00.000000 UTC,9.7324703292
2022-11-06 11:08:00.000000 UTC,9.6496948627999988
2022-11-06 11:09:00.000000 UTC,9.2198837522000012
2022-11-06 11:10:00.000000 UTC,9.603609039
2022-11-06 11:11:00.000000 UTC,9.62266443
2022-11-06 11:12:00.000000 UTC,9.2113256236
2022-11-06 11:13:00.000000 UTC,11.348900204200001
2022-11-06 11:14:00.000000 UTC,9.967167099600001
2022-11-06 11:15:00.000000 UTC,9.2379428016000009
2022-11-06 11:16:00.000000 UTC,9.4451676452000015
2022-11-06 11:17:00.000000 UTC,9.9256746662
2022-11-06 11:18:00.000000 UTC,9.4833287152
2022-11-06 11:19:00.000000 UTC,10.146621126600001
2022-11-06 11:20:00.000000 UTC,9.2514827974
2022-11-06 11:21:00.000000 UTC,8.9107675462
2022-11-06 11:22:00.000000 UTC,9.0580173204
2022-11-06 11:23:00.000000 UTC,9.3211472644
2022-11-06 11:24:00.000000 UTC,9.186817229399999
2022-11-06 11:25:00.000000 UTC,9.440103133600001
2022-11-06 11:26:00.000000 UTC,8.8463976332
2022-11-06 11:27:00.000000 UTC,9.0633000916
2022-11-06 11:28:00.000000 UTC,8.8167610104
2022-11-06 11:29:00.000000 UTC,9.0149889116
2022-11-06 11:30:00.000000 UTC,9.0306564218
2022-11-06 11:31:00.000000 UTC,10.0144649844
2022-11-06 11:32:00.000000 UTC,9.3762221438
2022-11-06 11:33:00.000000 UTC,9.8084779218
2022-11-06 11:34:00.000000 UTC,8.903811600600001
2022-11-06 11:35:00.000000 UTC,8.8671688408
2022-11-06 11:36:00.000000 UTC,8.4164015282
2022-11-06 11:37:00.000000 UTC,9.5760369283999989
2022-11-06 11:38:00.000000 UTC,8.6573635802
2022-11-06 11:39:00.000000 UTC,9.0217775336
2022-11-06 11:40:00.000000 UTC,8.9779693743999989
2022-11-06 11:41:00.000000 UTC,8.8174301796
2022-11-06 11:42:00.000000 UTC,9.0218766867999989
2022-11-06 11:43:00.000000 UTC,8.5411713728000009
2022-11-06 11:44:00.000000 UTC,8.8782240462000015
2022-11-06 11:45:00.000000 UTC,8.8068088756
2022-11-06 11:46:00.000000 UTC,8.7536541724
2022-11-06 11:47:00.000000 UTC,8.7130284058
2022-11-06 11:48:00.000000 UTC,8.7417491774
2022-11-06 11:49:00.000000 UTC,8.6820363158
2022-11-06 11:50:00.000000 UTC,9.4250850458
2022-11-06 11:51:00.000000 UTC,10.5416891092
2022-11-06 11:52:00.000000 UTC,10.680842065799999
2022-11-06 11:53:00.000000 UTC,10.6191136398
2022-11-06 11:54:00.000000 UTC,10.4947049136
2022-11-06 11:55:00.000000 UTC,10.2038574514
2022-11-06 11:56:00.000000 UTC,10.4832200868
2022-11-06 11:57:00.000000 UTC,10.067035005200001
2022-11-06 11:58:00.000000 UTC,9.2432857117999987
2022-11-06 11:59:00.000000 UTC,9.166478463
2022-11-06 12:00:00.000000 UTC,14.1388656412
2022-11-06 12:01:00.000000 UTC,16.0373921832
2022-11-06 12:02:00.000000 UTC,13.982184497
2022-11-06 12:03:00.000000 UTC,16.3391882034
2022-11-06 12:04:00.000000 UTC,14.272128229
2022-11-06 12:05:00.000000 UTC,14.34883245
2022-11-06 12:06:00.000000 UTC,13.317999667
2022-11-06 12:07:00.000000 UTC,15.671143105
2022-11-06 12:08:00.000000 UTC,14.288646053399999
2022-11-06 12:09:00.000000 UTC,13.1173972172
2022-11-06 12:10:00.000000 UTC,13.1148405415
2022-11-06 12:11:00.000000 UTC,13.1884945826
2022-11-06 12:12:00.000000 UTC,13.384331599
2022-11-06 12:13:00.000000 UTC,16.2685603036
2022-11-06 12:14:00.000000 UTC,14.4649524804
2022-11-06 12:15:00.000000 UTC,13.1373794844
2022-11-06 12:16:00.000000 UTC,12.1293803156
2022-11-06 12:17:00.000000 UTC,11.280709058
2022-11-06 12:18:00.000000 UTC,11.6150316856
2022-11-06 12:19:00.000000 UTC,11.0729539598
2022-11-06 12:20:00.000000 UTC,10.6808210896
2022-11-06 12:21:00.000000 UTC,10.4506126474
2022-11-06 12:22:00.000000 UTC,10.452301672
2022-11-06 12:23:00.000000 UTC,10.8338970706
2022-11-06 12:24:00.000000 UTC,10.4297982274
2022-11-06 12:25:00.000000 UTC,10.5881638596
2022-11-06 12:26:00.000000 UTC,10.722955048200001
2022-11-06 12:27:00.000000 UTC,10.200019421799999
2022-11-06 12:28:00.000000 UTC,10.072061989
2022-11-06 12:29:00.000000 UTC,10.1531648894
2022-11-06 12:30:00.000000 UTC,9.8057378518
2022-11-06 12:31:00.000000 UTC,10.126562407200002
2022-11-06 12:32:00.000000 UTC,9.8461158973999989
2022-11-06 12:33:00.000000 UTC,9.3699258356
2022-11-06 12:34:00.000000 UTC,9.2756189812000009
2022-11-06 12:35:00.000000 UTC,9.048767519
2022-11-06 12:36:00.000000 UTC,9.0851660868
2022-11-06 12:37:00.000000 UTC,9.2900001437999986
2022-11-06 12:38:00.000000 UTC,9.7278502002
2022-11-06 12:39:00.000000 UTC,9.923874451
2022-11-06 12:40:00.000000 UTC,9.41988798
2022-11-06 12:41:00.000000 UTC,9.245305227
2022-11-06 12:42:00.000000 UTC,9.1499722694
2022-11-06 12:43:00.000000 UTC,9.8456031394
2022-11-06 12:44:00.000000 UTC,9.3152746816
2022-11-06 12:45:00.000000 UTC,9.1089327462
2022-11-06 12:46:00.000000 UTC,8.8852617694
2022-11-06 12:47:00.000000 UTC,9.1513044186
2022-11-06 12:48:00.000000 UTC,8.9849239392000015
2022-11-06 12:49:00.000000 UTC,8.672345635600001
2022-11-06 12:50:00.000000 UTC,8.8830091972000016
2022-11-06 12:51:00.000000 UTC,9.0941792
2022-11-06 12:52:00.000000 UTC,8.782592781
2022-11-06 12:53:00.000000 UTC,8.555499345
2022-11-06 12:54:00.000000 UTC,8.9026019996
2022-11-06 12:55:00.000000 UTC,8.82296282
2022-11-06 12:56:00.000000 UTC,9.1696489996
2022-11-06 12:57:00.000000 UTC,8.900856119
2022-11-06 12:58:00.000000 UTC,9.897284424
2022-11-06 12:59:00.000000 UTC,10.297609708
2022-11-06 13:00:00.000000 UTC,9.8722583552000014
2022-11-06 13:01:00.000000 UTC,9.4012352482
2022-11-06 13:02:00.000000 UTC,9.236816755
2022-11-06 13:03:00.000000 UTC,8.9085015414
2022-11-06 13:04:00.000000 UTC,8.888377667
2022-11-06 13:05:00.000000 UTC,9.4275926122000016
2022-11-06 13:06:00.000000 UTC,9.072741390600001
2022-11-06 13:07:00.000000 UTC,8.8353896823999989
2022-11-06 13:08:00.000000 UTC,9.1671232126
2022-11-06 13:09:00.000000 UTC,9.748423837799999
2022-11-06 13:10:00.000000 UTC,9.4756300367999984
2022-11-06 13:11:00.000000 UTC,9.2231834506
2022-11-06 13:12:00.000000 UTC,9.4131868526
2022-11-06 13:13:00.000000 UTC,9.9341948618
2022-11-06 13:14:00.000000 UTC,9.8011089506
2022-11-06 13:15:00.000000 UTC,9.9770022602
2022-11-06 13:16:00.000000 UTC,9.592616404
2022-11-06 13:17:00.000000 UTC,9.8870037888
2022-11-06 13:18:00.000000 UTC,9.3339262734
2022-11-06 13:19:00.000000 UTC,9.2059979313999989
2022-11-06 13:20:00.000000 UTC,9.4262474634
2022-11-06 13:21:00.000000 UTC,9.252255375
2022-11-06 13:22:00.000000 UTC,9.4235476052000013
2022-11-06 13:23:00.000000 UTC,9.988927699
2022-11-06 13:24:00.000000 UTC,10.873270739
2022-11-06 13:25:00.000000 UTC,10.0537109146
2022-11-06 13:26:00.000000 UTC,9.961899525
2022-11-06 13:27:00.000000 UTC,9.6138821642000014
2022-11-06 13:28:00.000000 UTC,9.5363023074
2022-11-06 13:29:00.000000 UTC,10.729476528200001
2022-11-06 13:30:00.000000 UTC,12.807705367
2022-11-06 13:31:00.000000 UTC,15.57906988525
2022-11-06 13:32:00.000000 UTC,21.781230906
2022-11-06 13:33:00.000000 UTC,23.4551571362
2022-11-06 13:34:00.000000 UTC,23.980743621400002
2022-11-06 13:35:00.000000 UTC,19.0497798328
2022-11-06 13:36:00.000000 UTC,18.2983497356
2022-11-06 13:37:00.000000 UTC,15.8988261772
2022-11-06 13:38:00.000000 UTC,14.375198649200001
2022-11-06 13:39:00.000000 UTC,12.734956716200001
2022-11-06 13:40:00.000000 UTC,11.3743023936
2022-11-06 13:41:00.000000 UTC,10.4740476784
2022-11-06 13:42:00.000000 UTC,10.23064848
2022-11-06 13:43:00.000000 UTC,10.4811442494
2022-11-06 13:44:00.000000 UTC,10.011084478
2022-11-06 13:45:00.000000 UTC,9.705715614799999
2022-11-06 13:46:00.000000 UTC,9.6448442314
2022-11-06 13:47:00.000000 UTC,10.3684285872
2022-11-06 13:48:00.000000 UTC,9.7241772072
2022-11-06 13:49:00.000000 UTC,9.1444645446
2022-11-06 13:50:00.000000 UTC,9.9746377602
2022-11-06 13:51:00.000000 UTC,9.7325758912000015
2022-11-06 13:52:00.000000 UTC,9.954060976
2022-11-06 13:53:00.000000 UTC,9.979224758
2022-11-06 13:54:00.000000 UTC,9.8282737602
2022-11-06 13:55:00.000000 UTC,9.7924594467999988
2022-11-06 13:56:00.000000 UTC,9.698120442
2022-11-06 13:57:00.000000 UTC,9.7340159756
2022-11-06 13:58:00.000000 UTC,11.0973459184
2022-11-06 13:59:00.000000 UTC,12.7142849152
2022-11-06 14:00:00.000000 UTC,14.526535762
2022-11-06 14:01:00.000000 UTC,14.8165867862
2022-11-06 14:02:00.000000 UTC,14.4229340706
2022-11-06 14:03:00.000000 UTC,14.2652678984
2022-11-06 14:04:00.000000 UTC,12.805196090399999
2022-11-06 14:05:00.000000 UTC,12.4475364108
2022-11-06 14:06:00.000000 UTC,11.4539524738
2022-11-06 14:07:00.000000 UTC,11.372990707
2022-11-06 14:08:00.000000 UTC,11.7973752346
2022-11-06 14:09:00.000000 UTC,11.131700012
2022-11-06 14:10:00.000000 UTC,10.498314459
2022-11-06 14:11:00.000000 UTC,10.688182382799999
2022-11-06 14:12:00.000000 UTC,10.730500563200001
2022-11-06 14:13:00.000000 UTC,10.761751818799999
2022-11-06 14:14:00.000000 UTC,10.879545953200001
2022-11-06 14:15:00.000000 UTC,10.9162647474
2022-11-06 14:16:00.000000 UTC,10.4979747334
2022-11-06 14:17:00.000000 UTC,11.085025099
2022-11-06 14:18:00.000000 UTC,11.006067696
2022-11-06 14:19:00.000000 UTC,11.449348071200001
2022-11-06 14:20:00.000000 UTC,11.4489113078
2022-11-06 14:21:00.000000 UTC,11.726882461799999
2022-11-06 14:22:00.000000 UTC,11.355662281
2022-11-06 14:23:00.000000 UTC,12.57388009625
2022-11-06 14:24:00.000000 UTC,15.1960442865
2022-11-06 14:25:00.000000 UTC,15.0464860336
2022-11-06 14:26:00.000000 UTC,15.698945059
2022-11-06 14:27:00.000000 UTC,14.54405366
2022-11-06 14:28:00.000000 UTC,14.263702272
2022-11-06 14:29:00.000000 UTC,13.7930337966
2022-11-06 14:30:00.000000 UTC,14.0537476688
2022-11-06 14:31:00.000000 UTC,13.497782086
2022-11-06 14:32:00.000000 UTC,12.730567299799999
2022-11-06 14:33:00.000000 UTC,12.4343929746
2022-11-06 14:34:00.000000 UTC,11.94170931
2022-11-06 14:35:00.000000 UTC,12.6686150344
2022-11-06 14:36:00.000000 UTC,13.1886403034
2022-11-06 14:37:00.000000 UTC,12.5477747492
2022-11-06 14:38:00.000000 UTC,12.841465580200001
2022-11-06 14:39:00.000000 UTC,12.2989895248
2022-11-06 14:40:00.000000 UTC,11.7717061468
2022-11-06 14:41:00.000000 UTC,11.157882326
2022-11-06 14:42:00.000000 UTC,12.406982074799998
2022-11-06 14:43:00.000000 UTC,11.858747054799998
2022-11-06 14:44:00.000000 UTC,11.7983493924
2022-11-06 14:45:00.000000 UTC,11.5843415636
2022-11-06 14:46:00.000000 UTC,10.858421447
2022-11-06 14:47:00.000000 UTC,10.6665149684
2022-11-06 14:48:00.000000 UTC,10.6466813746
2022-11-06 14:49:00.000000 UTC,10.567248364600001
2022-11-06 14:50:00.000000 UTC,10.5023913946
2022-11-06 14:51:00.000000 UTC,10.263216566399999
2022-11-06 14:52:00.000000 UTC,10.31807488
2022-11-06 14:53:00.000000 UTC,10.8230352726
2022-11-06 14:54:00.000000 UTC,11.652992615799999
2022-11-06 14:55:00.000000 UTC,12.538241647200001
2022-11-06 14:56:00.000000 UTC,12.6666434522
2022-11-06 14:57:00.000000 UTC,12.2096895634
2022-11-06 14:58:00.000000 UTC,11.8402350934
2022-11-06 14:59:00.000000 UTC,11.4018152228
2022-11-06 15:00:00.000000 UTC,11.615726284
2022-11-06 15:01:00.000000 UTC,11.4364916632
2022-11-06 15:02:00.000000 UTC,11.062634751
2022-11-06 15:03:00.000000 UTC,11.0988229828
2022-11-06 15:04:00.000000 UTC,10.7682424062
2022-11-06 15:05:00.000000 UTC,10.9027010106
2022-11-06 15:06:00.000000 UTC,11.3136833634
2022-11-06 15:07:00.000000 UTC,11.093779846799999
2022-11-06 15:08:00.000000 UTC,10.549419671399999
2022-11-06 15:09:00.000000 UTC,11.312166218200002
2022-11-06 15:10:00.000000 UTC,11.157547578600001
2022-11-06 15:11:00.000000 UTC,10.5797962078
2022-11-06 15:12:00.000000 UTC,10.7140558012
2022-11-06 15:13:00.000000 UTC,10.9555318064
2022-11-06 15:14:00.000000 UTC,11.029933526799999
2022-11-06 15:15:00.000000 UTC,11.448557272799999
2022-11-06 15:16:00.000000 UTC,11.736001743600001
2022-11-06 15:17:00.000000 UTC,11.2377741048
2022-11-06 15:18:00.000000 UTC,11.3703588082
2022-11-06 15:19:00.000000 UTC,11.157643397200001
2022-11-06 15:20:00.000000 UTC,12.170957409200001
2022-11-06 15:21:00.000000 UTC,12.150510803200001
2022-11-06 15:22:00.000000 UTC,12.063361183
2022-11-06 15:23:00.000000 UTC,11.693320294200001
2022-11-06 15:24:00.000000 UTC,11.717809771399999
2022-11-06 15:25:00.000000 UTC,11.303498297600001
2022-11-06 15:26:00.000000 UTC,10.9532109296
2022-11-06 15:27:00.000000 UTC,10.878076946799998
2022-11-06 15:28:00.000000 UTC,11.1815724832
2022-11-06 15:29:00.000000 UTC,11.657079897
2022-11-06 15:30:00.000000 UTC,12.126058189
2022-11-06 15:31:00.000000 UTC,12.231622664
2022-11-06 15:32:00.000000 UTC,12.161637282600001
2022-11-06 15:33:00.000000 UTC,12.4335153312
2022-11-06 15:34:00.000000 UTC,12.092518009
2022-11-06 15:35:00.000000 UTC,12.4886110876
2022-11-06 15:36:00.000000 UTC,12.852145242399999
2022-11-06 15:37:00.000000 UTC,13.4987506678
2022-11-06 15:38:00.000000 UTC,14.068154204799999
2022-11-06 15:39:00.000000 UTC,13.4504719676
2022-11-06 15:40:00.000000 UTC,12.6212697774
2022-11-06 15:41:00.000000 UTC,12.9797120508
2022-11-06 15:42:00.000000 UTC,12.9964634398
2022-11-06 15:43:00.000000 UTC,12.9854109598
2022-11-06 15:44:00.000000 UTC,12.243159326
2022-11-06 15:45:00.000000 UTC,12.60598572
2022-11-06 15:46:00.000000 UTC,12.689135313
2022-11-06 15:47:00.000000 UTC,12.8860534944
2022-11-06 15:48:00.000000 UTC,12.567662342
2022-11-06 15:49:00.000000 UTC,12.6104951366
2022-11-06 15:50:00.000000 UTC,12.9144557004
2022-11-06 15:51:00.000000 UTC,13.355841158399999
2022-11-06 15:52:00.000000 UTC,12.938386828799999
2022-11-06 15:53:00.000000 UTC,12.916251472399999
2022-11-06 15:54:00.000000 UTC,11.9168333326
2022-11-06 15:55:00.000000 UTC,12.524849251
2022-11-06 15:56:00.000000 UTC,11.8957518208
2022-11-06 15:57:00.000000 UTC,11.9337238878
2022-11-06 15:58:00.000000 UTC,11.4201870094
2022-11-06 15:59:00.000000 UTC,11.361719773399999
2022-11-06 16:00:00.000000 UTC,12.845506952
2022-11-06 16:01:00.000000 UTC,15.1591256078
2022-11-06 16:02:00.000000 UTC,16.535087669
2022-11-06 16:03:00.000000 UTC,19.1694525184
2022-11-06 16:04:00.000000 UTC,19.1408791896
2022-11-06 16:05:00.000000 UTC,19.8844578192
2022-11-06 16:06:00.000000 UTC,19.1745258728
2022-11-06 16:07:00.000000 UTC,18.383000182
2022-11-06 16:08:00.000000 UTC,18.8189636728
2022-11-06 16:09:00.000000 UTC,18.6231053056
2022-11-06 16:10:00.000000 UTC,19.2109184748
2022-11-06 16:11:00.000000 UTC,18.2826637364
2022-11-06 16:12:00.000000 UTC,16.686205834
2022-11-06 16:13:00.000000 UTC,17.365350514
2022-11-06 16:14:00.000000 UTC,16.9237066496
2022-11-06 16:15:00.000000 UTC,16.1765674824
2022-11-06 16:16:00.000000 UTC,16.3172997882
2022-11-06 16:17:00.000000 UTC,15.981563196200002
2022-11-06 16:18:00.000000 UTC,15.09832219
2022-11-06 16:19:00.000000 UTC,15.556391593399999
2022-11-06 16:20:00.000000 UTC,15.0645336184
2022-11-06 16:21:00.000000 UTC,16.0139820635
2022-11-06 16:22:00.000000 UTC,17.2350682158
2022-11-06 16:23:00.000000 UTC,18.021916513
2022-11-06 16:24:00.000000 UTC,20.0649120838
2022-11-06 16:25:00.000000 UTC,17.664124314200002
2022-11-06 16:26:00.000000 UTC,17.717675279799998
2022-11-06 16:27:00.000000 UTC,15.8291564356
2022-11-06 16:28:00.000000 UTC,15.2172577246
2022-11-06 16:29:00.000000 UTC,14.6963394278
2022-11-06 16:30:00.000000 UTC,16.3431338394
2022-11-06 16:31:00.000000 UTC,17.392356481599997
2022-11-06 16:32:00.000000 UTC,18.7285752672
2022-11-06 16:33:00.000000 UTC,17.6274631735
2022-11-06 16:34:00.000000 UTC,16.9301774366
2022-11-06 16:35:00.000000 UTC,16.9826227834
2022-11-06 16:36:00.000000 UTC,17.3746447902
2022-11-06 16:37:00.000000 UTC,16.5910142746
2022-11-06 16:38:00.000000 UTC,15.890605099
2022-11-06 16:39:00.000000 UTC,15.069659054399999
2022-11-06 16:40:00.000000 UTC,14.401641241
2022-11-06 16:41:00.000000 UTC,14.018159919
2022-11-06 16:42:00.000000 UTC,13.430109829
2022-11-06 16:43:00.000000 UTC,14.0507092306
2022-11-06 16:44:00.000000 UTC,13.649226089399999
2022-11-06 16:45:00.000000 UTC,13.2761328762
2022-11-06 16:46:00.000000 UTC,14.877687053399999
2022-11-06 16:47:00.000000 UTC,14.4828836562
2022-11-06 16:48:00.000000 UTC,13.564823255799999
2022-11-06 16:49:00.000000 UTC,13.553290205200001
2022-11-06 16:50:00.000000 UTC,12.0130968458
2022-11-06 16:51:00.000000 UTC,11.903743816799999
2022-11-06 16:52:00.000000 UTC,15.7484365384
2022-11-06 16:53:00.000000 UTC,16.6700160402
2022-11-06 16:54:00.000000 UTC,14.448589522
2022-11-06 16:55:00.000000 UTC,13.7686451704
2022-11-06 16:56:00.000000 UTC,12.379571890200001
2022-11-06 16:57:00.000000 UTC,12.0623237608
2022-11-06 16:58:00.000000 UTC,11.114362913
2022-11-06 16:59:00.000000 UTC,10.9935355904
2022-11-06 17:00:00.000000 UTC,11.733492911399999
2022-11-06 17:01:00.000000 UTC,12.3337596488
2022-11-06 17:02:00.000000 UTC,11.9875858526
2022-11-06 17:03:00.000000 UTC,12.119461168
2022-11-06 17:04:00.000000 UTC,11.8800261298
2022-11-06 17:05:00.000000 UTC,11.9373384358
2022-11-06 17:06:00.000000 UTC,11.573989328
2022-11-06 17:07:00.000000 UTC,11.7947969216
2022-11-06 17:08:00.000000 UTC,11.957846352
2022-11-06 17:09:00.000000 UTC,12.181052192
2022-11-06 17:10:00.000000 UTC,12.3587488336
2022-11-06 17:11:00.000000 UTC,12.0132945876
2022-11-06 17:12:00.000000 UTC,13.4713596644
2022-11-06 17:13:00.000000 UTC,14.057104088
2022-11-06 17:14:00.000000 UTC,16.4518611854
2022-11-06 17:15:00.000000 UTC,19.0347181994
2022-11-06 17:16:00.000000 UTC,17.080996799
2022-11-06 17:17:00.000000 UTC,15.731438697200002
2022-11-06 17:18:00.000000 UTC,14.5845680048
2022-11-06 17:19:00.000000 UTC,14.3448694915
2022-11-06 17:20:00.000000 UTC,14.6004166268
2022-11-06 17:21:00.000000 UTC,13.9539669382
2022-11-06 17:22:00.000000 UTC,12.4103247814
2022-11-06 17:23:00.000000 UTC,11.638374573799998
2022-11-06 17:24:00.000000 UTC,11.2177430156
2022-11-06 17:25:00.000000 UTC,10.7294365514
2022-11-06 17:26:00.000000 UTC,10.3915556864
2022-11-06 17:27:00.000000 UTC,11.6735207516
2022-11-06 17:28:00.000000 UTC,10.974704307200001
2022-11-06 17:29:00.000000 UTC,10.317199274
2022-11-06 17:30:00.000000 UTC,10.449851217600001
2022-11-06 17:31:00.000000 UTC,10.3865586488
2022-11-06 17:32:00.000000 UTC,10.4340564544
2022-11-06 17:33:00.000000 UTC,10.7020884544
2022-11-06 17:34:00.000000 UTC,10.7026330556
2022-11-06 17:35:00.000000 UTC,11.5181840966
2022-11-06 17:36:00.000000 UTC,12.009297200799999
2022-11-06 17:37:00.000000 UTC,12.157822706600001
2022-11-06 17:38:00.000000 UTC,11.5787157784
2022-11-06 17:39:00.000000 UTC,11.3952700442
2022-11-06 17:40:00.000000 UTC,11.9328395366
2022-11-06 17:41:00.000000 UTC,11.987054862
2022-11-06 17:42:00.000000 UTC,13.3325512028
2022-11-06 17:43:00.000000 UTC,13.993540203799999
2022-11-06 17:44:00.000000 UTC,15.017188068200001
2022-11-06 17:45:00.000000 UTC,14.8077985806
2022-11-06 17:46:00.000000 UTC,15.279752064
2022-11-06 17:47:00.000000 UTC,16.7928074942
2022-11-06 17:48:00.000000 UTC,17.5509004832
2022-11-06 17:49:00.000000 UTC,17.398643548400003
2022-11-06 17:50:00.000000 UTC,18.567830252599997
2022-11-06 17:51:00.000000 UTC,17.7780564616
2022-11-06 17:52:00.000000 UTC,18.507538696799998
2022-11-06 17:53:00.000000 UTC,16.7699166792
2022-11-06 17:54:00.000000 UTC,15.4640458668
2022-11-06 17:55:00.000000 UTC,15.0253288144
2022-11-06 17:56:00.000000 UTC,14.348086394
2022-11-06 17:57:00.000000 UTC,14.626401961600001
2022-11-06 17:58:00.000000 UTC,13.3300701632
2022-11-06 17:59:00.000000 UTC,12.516694973
2022-11-06 18:00:00.000000 UTC,13.933392276200001
2022-11-06 18:01:00.000000 UTC,18.94987015
2022-11-06 18:02:00.000000 UTC,19.5206217048
2022-11-06 18:03:00.000000 UTC,18.874096485
2022-11-06 18:04:00.000000 UTC,17.5894561148
2022-11-06 18:05:00.000000 UTC,18.504303206
2022-11-06 18:06:00.000000 UTC,18.537749767599998
2022-11-06 18:07:00.000000 UTC,18.8719570842
2022-11-06 18:08:00.000000 UTC,18.8018138708
2022-11-06 18:09:00.000000 UTC,18.976748716
2022-11-06 18:10:00.000000 UTC,18.51697920775
2022-11-06 18:11:00.000000 UTC,17.0795646692
2022-11-06 18:12:00.000000 UTC,15.2157623834
2022-11-06 18:13:00.000000 UTC,15.8327351054
2022-11-06 18:14:00.000000 UTC,16.4550617918
2022-11-06 18:15:00.000000 UTC,15.503086205799999
2022-11-06 18:16:00.000000 UTC,15.9471866314
2022-11-06 18:17:00.000000 UTC,15.7442614956
2022-11-06 18:18:00.000000 UTC,16.109312562
2022-11-06 18:19:00.000000 UTC,15.3584840058
2022-11-06 18:20:00.000000 UTC,14.103338085799999
2022-11-06 18:21:00.000000 UTC,13.342787773
2022-11-06 18:22:00.000000 UTC,12.8658872786
2022-11-06 18:23:00.000000 UTC,12.155366937
2022-11-06 18:24:00.000000 UTC,13.124700920799999
2022-11-06 18:25:00.000000 UTC,13.0396961456
2022-11-06 18:26:00.000000 UTC,13.027918506399999
2022-11-06 18:27:00.000000 UTC,14.3839335532
2022-11-06 18:28:00.000000 UTC,16.1732694456
2022-11-06 18:29:00.000000 UTC,17.544282398
2022-11-06 18:30:00.000000 UTC,17.7713470576
2022-11-06 18:31:00.000000 UTC,16.3747794434
2022-11-06 18:32:00.000000 UTC,15.8385491725
2022-11-06 18:33:00.000000 UTC,14.919602157
2022-11-06 18:34:00.000000 UTC,14.1412482142
2022-11-06 18:35:00.000000 UTC,12.9012631054
2022-11-06 18:36:00.000000 UTC,12.6918336822
2022-11-06 18:37:00.000000 UTC,11.8074590216
2022-11-06 18:38:00.000000 UTC,11.2252072178
2022-11-06 18:39:00.000000 UTC,10.862032293
2022-11-06 18:40:00.000000 UTC,11.578367119
2022-11-06 18:41:00.000000 UTC,10.876696081
2022-11-06 18:42:00.000000 UTC,11.1148570134
2022-11-06 18:43:00.000000 UTC,10.967157933600001
2022-11-06 18:44:00.000000 UTC,11.7347265972
2022-11-06 18:45:00.000000 UTC,12.3306081208
2022-11-06 18:46:00.000000 UTC,12.088102715200002
2022-11-06 18:47:00.000000 UTC,12.335277659
2022-11-06 18:48:00.000000 UTC,12.2020572404
2022-11-06 18:49:00.000000 UTC,12.7782087876
2022-11-06 18:50:00.000000 UTC,13.1966163956
2022-11-06 18:51:00.000000 UTC,13.0821677986
2022-11-06 18:52:00.000000 UTC,13.5547907926
2022-11-06 18:53:00.000000 UTC,13.315614770200002
2022-11-06 18:54:00.000000 UTC,13.314405197200001
2022-11-06 18:55:00.000000 UTC,14.3044899838
2022-11-06 18:56:00.000000 UTC,13.186297543
2022-11-06 18:57:00.000000 UTC,12.284709016
2022-11-06 18:58:00.000000 UTC,12.204336120399999
2022-11-06 18:59:00.000000 UTC,11.9481448814
2022-11-06 19:00:00.000000 UTC,12.645333058799999
2022-11-06 19:01:00.000000 UTC,16.6140500968
2022-11-06 19:02:00.000000 UTC,18.8761677446
2022-11-06 19:03:00.000000 UTC,21.49024518
2022-11-06 19:04:00.000000 UTC,20.654969784
2022-11-06 19:05:00.000000 UTC,18.6947419698
2022-11-06 19:06:00.000000 UTC,17.9529463894
2022-11-06 19:07:00.000000 UTC,17.096958188200002
2022-11-06 19:08:00.000000 UTC,16.601665241
2022-11-06 19:09:00.000000 UTC,15.615683983
2022-11-06 19:10:00.000000 UTC,16.121131677
2022-11-06 19:11:00.000000 UTC,15.2078225382
2022-11-06 19:12:00.000000 UTC,14.6190775864
2022-11-06 19:13:00.000000 UTC,14.1262595302
2022-11-06 19:14:00.000000 UTC,13.138183848
2022-11-06 19:15:00.000000 UTC,13.179740578
2022-11-06 19:16:00.000000 UTC,13.9231737674
2022-11-06 19:17:00.000000 UTC,13.529159103
2022-11-06 19:18:00.000000 UTC,12.895307824
2022-11-06 19:19:00.000000 UTC,11.924190658799999
2022-11-06 19:20:00.000000 UTC,13.1100999066
2022-11-06 19:21:00.000000 UTC,12.785404086
2022-11-06 19:22:00.000000 UTC,13.6503366102
2022-11-06 19:23:00.000000 UTC,12.79920116
2022-11-06 19:24:00.000000 UTC,11.6508662542
2022-11-06 19:25:00.000000 UTC,12.068288795600001
2022-11-06 19:26:00.000000 UTC,11.979757465
2022-11-06 19:27:00.000000 UTC,12.5385152894
2022-11-06 19:28:00.000000 UTC,12.754690585799999
2022-11-06 19:29:00.000000 UTC,12.046776596
2022-11-06 19:30:00.000000 UTC,12.396637324
2022-11-06 19:31:00.000000 UTC,12.119274302200001
2022-11-06 19:32:00.000000 UTC,12.1164642204
2022-11-06 19:33:00.000000 UTC,11.9302892784
2022-11-06 19:34:00.000000 UTC,11.3531467914
2022-11-06 19:35:00.000000 UTC,11.8719957446
2022-11-06 19:36:00.000000 UTC,12.757157789399999
2022-11-06 19:37:00.000000 UTC,13.120526352399999
2022-11-06 19:38:00.000000 UTC,12.329259629
2022-11-06 19:39:00.000000 UTC,11.57498852
2022-11-06 19:40:00.000000 UTC,11.3537754082
2022-11-06 19:41:00.000000 UTC,11.89111583
2022-11-06 19:42:00.000000 UTC,14.464332006600001
2022-11-06 19:43:00.000000 UTC,16.2368017932
2022-11-06 19:44:00.000000 UTC,15.868021023
2022-11-06 19:45:00.000000 UTC,15.972011416399999
2022-11-06 19:46:00.000000 UTC,16.1594775832
2022-11-06 19:47:00.000000 UTC,16.4933607684
2022-11-06 19:48:00.000000 UTC,16.18072729
2022-11-06 19:49:00.000000 UTC,15.2052971362
2022-11-06 19:50:00.000000 UTC,13.7108376304
2022-11-06 19:51:00.000000 UTC,12.9003314376
2022-11-06 19:52:00.000000 UTC,11.7655115562
2022-11-06 19:53:00.000000 UTC,11.3399517922
2022-11-06 19:54:00.000000 UTC,11.6001235416
2022-11-06 19:55:00.000000 UTC,11.3689645306
2022-11-06 19:56:00.000000 UTC,11.8801648046
2022-11-06 19:57:00.000000 UTC,11.655662017200001
2022-11-06 19:58:00.000000 UTC,11.4857082478
2022-11-06 19:59:00.000000 UTC,11.1972990256
2022-11-06 20:00:00.000000 UTC,12.627754717
2022-11-06 20:01:00.000000 UTC,13.345033901399999
2022-11-06 20:02:00.000000 UTC,12.7937983098
2022-11-06 20:03:00.000000 UTC,12.5605215186
2022-11-06 20:04:00.000000 UTC,12.6143273116
2022-11-06 20:05:00.000000 UTC,11.8424908686
2022-11-06 20:06:00.000000 UTC,11.5017057356
2022-11-06 20:07:00.000000 UTC,11.3453808574
2022-11-06 20:08:00.000000 UTC,11.6277637352
2022-11-06 20:09:00.000000 UTC,10.3599429722
2022-11-06 20:10:00.000000 UTC,10.536889285200001
2022-11-06 20:11:00.000000 UTC,11.178289963
2022-11-06 20:12:00.000000 UTC,10.5768256194
2022-11-06 20:13:00.000000 UTC,10.272190039200002
2022-11-06 20:14:00.000000 UTC,10.7470888768
2022-11-06 20:15:00.000000 UTC,10.9307383038
2022-11-06 20:16:00.000000 UTC,10.6160347916
2022-11-06 20:17:00.000000 UTC,10.4361142388
2022-11-06 20:18:00.000000 UTC,10.217646799799999
2022-11-06 20:19:00.000000 UTC,10.1762489202
2022-11-06 20:20:00.000000 UTC,10.5831203458
2022-11-06 20:21:00.000000 UTC,11.5238390172
2022-11-06 20:22:00.000000 UTC,11.9091061546
2022-11-06 20:23:00.000000 UTC,10.8556397894
2022-11-06 20:24:00.000000 UTC,10.3243037226
2022-11-06 20:25:00.000000 UTC,10.5182446648
2022-11-06 20:26:00.000000 UTC,10.8079090494
2022-11-06 20:27:00.000000 UTC,12.1581386326
2022-11-06 20:28:00.000000 UTC,11.2745252066
2022-11-06 20:29:00.000000 UTC,10.9838150784
2022-11-06 20:30:00.000000 UTC,11.4652559524
2022-11-06 20:31:00.000000 UTC,10.9290924348
2022-11-06 20:32:00.000000 UTC,10.187917406
2022-11-06 20:33:00.000000 UTC,10.381693424
2022-11-06 20:34:00.000000 UTC,9.9349026486
2022-11-06 20:35:00.000000 UTC,9.7790793678
2022-11-06 20:36:00.000000 UTC,11.643911898
2022-11-06 20:37:00.000000 UTC,10.905633618
2022-11-06 20:38:00.000000 UTC,10.771424550799999
2022-11-06 20:39:00.000000 UTC,10.1002793998
2022-11-06 20:40:00.000000 UTC,10.0543595114
2022-11-06 20:41:00.000000 UTC,10.365637257200001
2022-11-06 20:42:00.000000 UTC,10.0530084248
2022-11-06 20:43:00.000000 UTC,9.8229561728
2022-11-06 20:44:00.000000 UTC,10.304710083
2022-11-06 20:45:00.000000 UTC,9.7477323716
2022-11-06 20:46:00.000000 UTC,9.8758727992000015
2022-11-06 20:47:00.000000 UTC,9.8426029918
2022-11-06 20:48:00.000000 UTC,11.301486307200001
2022-11-06 20:49:00.000000 UTC,11.305971494
2022-11-06 20:50:00.000000 UTC,10.7616631824
2022-11-06 20:51:00.000000 UTC,10.0228924186
2022-11-06 20:52:00.000000 UTC,10.138085283
2022-11-06 20:53:00.000000 UTC,9.5251083352
2022-11-06 20:54:00.000000 UTC,10.953321562600001
2022-11-06 20:55:00.000000 UTC,10.219545944
2022-11-06 20:56:00.000000 UTC,9.9631897932000015
2022-11-06 20:57:00.000000 UTC,9.452471961
2022-11-06 20:58:00.000000 UTC,10.0808009564
2022-11-06 20:59:00.000000 UTC,10.484468019
2022-11-06 21:00:00.000000 UTC,10.8314013136
2022-11-06 21:01:00.000000 UTC,10.9628076056
2022-11-06 21:02:00.000000 UTC,10.087155491
2022-11-06 21:03:00.000000 UTC,9.4622355538
2022-11-06 21:04:00.000000 UTC,9.5531426036
2022-11-06 21:05:00.000000 UTC,9.5669144537999991
2022-11-06 21:06:00.000000 UTC,9.6944145624
2022-11-06 21:07:00.000000 UTC,9.717505631
2022-11-06 21:08:00.000000 UTC,9.39125627
2022-11-06 21:09:00.000000 UTC,10.4755232184
2022-11-06 21:10:00.000000 UTC,10.3517105972
2022-11-06 21:11:00.000000 UTC,11.239180022200001
2022-11-06 21:12:00.000000 UTC,10.4815307158
2022-11-06 21:13:00.000000 UTC,10.305262879
2022-11-06 21:14:00.000000 UTC,9.9710685792
2022-11-06 21:15:00.000000 UTC,9.886026354
2022-11-06 21:16:00.000000 UTC,10.59309903
2022-11-06 21:17:00.000000 UTC,9.8698922394
2022-11-06 21:18:00.000000 UTC,9.9316227222
2022-11-06 21:19:00.000000 UTC,10.9599708898
2022-11-06 21:20:00.000000 UTC,11.3707078716
2022-11-06 21:21:00.000000 UTC,10.743621215600001
2022-11-06 21:22:00.000000 UTC,10.9888509556
2022-11-06 21:23:00.000000 UTC,10.8205229456
2022-11-06 21:24:00.000000 UTC,10.032088328
2022-11-06 21:25:00.000000 UTC,10.179013927200002
2022-11-06 21:26:00.000000 UTC,9.7136363102
2022-11-06 21:27:00.000000 UTC,10.093819253200001
2022-11-06 21:28:00.000000 UTC,9.8472438524
2022-11-06 21:29:00.000000 UTC,9.6486227924
2022-11-06 21:30:00.000000 UTC,10.179544544399999
2022-11-06 21:31:00.000000 UTC,10.116978830399999
2022-11-06 21:32:00.000000 UTC,9.858752668
2022-11-06 21:33:00.000000 UTC,9.6934299882
2022-11-06 21:34:00.000000 UTC,9.7054771136
2022-11-06 21:35:00.000000 UTC,9.5088864416
2022-11-06 21:36:00.000000 UTC,11.156157933
2022-11-06 21:37:00.000000 UTC,11.0799715108
2022-11-06 21:38:00.000000 UTC,10.955463053
2022-11-06 21:39:00.000000 UTC,10.8126068034
2022-11-06 21:40:00.000000 UTC,11.004633716799999
2022-11-06 21:41:00.000000 UTC,10.1492333718
2022-11-06 21:42:00.000000 UTC,10.1220858978
2022-11-06 21:43:00.000000 UTC,9.5724740614
2022-11-06 21:44:00.000000 UTC,9.5005891716
2022-11-06 21:45:00.000000 UTC,9.9441261674
2022-11-06 21:46:00.000000 UTC,9.6147064106
2022-11-06 21:47:00.000000 UTC,9.6974852484
2022-11-06 21:48:00.000000 UTC,10.265767534
2022-11-06 21:49:00.000000 UTC,9.9050419498
2022-11-06 21:50:00.000000 UTC,9.7121105556
2022-11-06 21:51:00.000000 UTC,10.2683138218
2022-11-06 21:52:00.000000 UTC,10.106204586
2022-11-06 21:53:00.000000 UTC,10.1134986468
2022-11-06 21:54:00.000000 UTC,10.345856498200002
2022-11-06 21:55:00.000000 UTC,10.440532257200001
2022-11-06 21:56:00.000000 UTC,10.615713681
2022-11-06 21:57:00.000000 UTC,10.5609269892
2022-11-06 21:58:00.000000 UTC,10.4204283324
2022-11-06 21:59:00.000000 UTC,10.142078037200001
2022-11-06 22:00:00.000000 UTC,10.323590534600001
2022-11-06 22:01:00.000000 UTC,10.1015155684
2022-11-06 22:02:00.000000 UTC,9.8868309018
2022-11-06 22:03:00.000000 UTC,10.145101496
2022-11-06 22:04:00.000000 UTC,9.8928067912
2022-11-06 22:05:00.000000 UTC,10.4230588648
2022-11-06 22:06:00.000000 UTC,10.7715867386
2022-11-06 22:07:00.000000 UTC,9.9378148472
2022-11-06 22:08:00.000000 UTC,9.3559232782
2022-11-06 22:09:00.000000 UTC,10.4498115024
2022-11-06 22:10:00.000000 UTC,9.7470834938
2022-11-06 22:11:00.000000 UTC,9.9152453338
2022-11-06 22:12:00.000000 UTC,10.634410880799999
2022-11-06 22:13:00.000000 UTC,10.366187052399999
2022-11-06 22:14:00.000000 UTC,10.47544981275
2022-11-06 22:15:00.000000 UTC,11.2430863628
2022-11-06 22:16:00.000000 UTC,10.6709261316
2022-11-06 22:17:00.000000 UTC,10.8817924894
2022-11-06 22:18:00.000000 UTC,11.1434266952
2022-11-06 22:19:00.000000 UTC,11.3525054748
2022-11-06 22:20:00.000000 UTC,11.1606412176
2022-11-06 22:21:00.000000 UTC,10.742218037399999
2022-11-06 22:22:00.000000 UTC,10.214356813799998
2022-11-06 22:23:00.000000 UTC,11.683890447
2022-11-06 22:24:00.000000 UTC,10.8224335288
2022-11-06 22:25:00.000000 UTC,11.1246087026
2022-11-06 22:26:00.000000 UTC,10.7349761306
2022-11-06 22:27:00.000000 UTC,10.89863583
2022-11-06 22:28:00.000000 UTC,9.6905244002000011
2022-11-06 22:29:00.000000 UTC,10.3013352206
2022-11-06 22:30:00.000000 UTC,10.4315944986
2022-11-06 22:31:00.000000 UTC,9.7976477918
2022-11-06 22:32:00.000000 UTC,9.9044632212
2022-11-06 22:33:00.000000 UTC,10.3000683618
2022-11-06 22:34:00.000000 UTC,11.4499800104
2022-11-06 22:35:00.000000 UTC,11.3355572166
2022-11-06 22:36:00.000000 UTC,10.9608096542
2022-11-06 22:37:00.000000 UTC,11.2517078588
2022-11-06 22:38:00.000000 UTC,11.0558519734
2022-11-06 22:39:00.000000 UTC,10.4424913758
2022-11-06 22:40:00.000000 UTC,10.3083667366
2022-11-06 22:41:00.000000 UTC,10.2283955262
2022-11-06 22:42:00.000000 UTC,10.1687253902
2022-11-06 22:43:00.000000 UTC,10.212717852799999
2022-11-06 22:44:00.000000 UTC,10.885663204799998
2022-11-06 22:45:00.000000 UTC,10.2680613628
2022-11-06 22:46:00.000000 UTC,9.6372463214
2022-11-06 22:47:00.000000 UTC,10.002109298799999
2022-11-06 22:48:00.000000 UTC,10.1460958454
2022-11-06 22:49:00.000000 UTC,10.577364767799999
2022-11-06 22:50:00.000000 UTC,10.3019879202
2022-11-06 22:51:00.000000 UTC,10.4570251478
2022-11-06 22:52:00.000000 UTC,9.991081641600001
2022-11-06 22:53:00.000000 UTC,9.8257173028
2022-11-06 22:54:00.000000 UTC,10.7894993036
2022-11-06 22:55:00.000000 UTC,10.5583558704
2022-11-06 22:56:00.000000 UTC,10.846162228799999
2022-11-06 22:57:00.000000 UTC,10.7133428868
2022-11-06 22:58:00.000000 UTC,9.8899832796000009
2022-11-06 22:59:00.000000 UTC,9.9475281642000013
2022-11-06 23:00:00.000000 UTC,10.55263600375
2022-11-06 23:01:00.000000 UTC,11.717444668
2022-11-06 23:02:00.000000 UTC,10.986788418
2022-11-06 23:03:00.000000 UTC,10.2614369428
2022-11-06 23:04:00.000000 UTC,10.3744669706
2022-11-06 23:05:00.000000 UTC,10.3372144246
2022-11-06 23:06:00.000000 UTC,11.468638862799999
2022-11-06 23:07:00.000000 UTC,12.2547997714
2022-11-06 23:08:00.000000 UTC,11.9604431822
2022-11-06 23:09:00.000000 UTC,12.315909696799999
2022-11-06 23:10:00.000000 UTC,11.713525688799999
2022-11-06 23:11:00.000000 UTC,12.6173387946
2022-11-06 23:12:00.000000 UTC,13.0373527766
2022-11-06 23:13:00.000000 UTC,14.562371484200002
2022-11-06 23:14:00.000000 UTC,16.733009209200002
2022-11-06 23:15:00.000000 UTC,20.3711277254
2022-11-06 23:16:00.000000 UTC,19.416549795599998
2022-11-06 23:17:00.000000 UTC,17.8463546572
2022-11-06 23:18:00.000000 UTC,15.6531449804
2022-11-06 23:19:00.000000 UTC,14.8840765832
2022-11-06 23:20:00.000000 UTC,14.153617495799999
2022-11-06 23:21:00.000000 UTC,13.62468648275
2022-11-06 23:22:00.000000 UTC,13.095984769200001
2022-11-06 23:23:00.000000 UTC,12.5316605066
2022-11-06 23:24:00.000000 UTC,13.4128832618
2022-11-06 23:25:00.000000 UTC,13.637679113
2022-11-06 23:26:00.000000 UTC,12.3752670296
2022-11-06 23:27:00.000000 UTC,11.531730666
2022-11-06 23:28:00.000000 UTC,12.215687313799998
2022-11-06 23:29:00.000000 UTC,11.1528888732
2022-11-06 23:30:00.000000 UTC,11.592155640200001
2022-11-06 23:31:00.000000 UTC,11.8303153904
2022-11-06 23:32:00.000000 UTC,15.1157671456
2022-11-06 23:33:00.000000 UTC,16.7176048764
2022-11-06 23:34:00.000000 UTC,15.7330619004
2022-11-06 23:35:00.000000 UTC,15.466552397
2022-11-06 23:36:00.000000 UTC,16.2247835456
2022-11-06 23:37:00.000000 UTC,16.0182232348
2022-11-06 23:38:00.000000 UTC,13.745638591
2022-11-06 23:39:00.000000 UTC,13.2355660434
2022-11-06 23:40:00.000000 UTC,14.4091200084
2022-11-06 23:41:00.000000 UTC,15.6893961624
2022-11-06 23:42:00.000000 UTC,15.6574845468
2022-11-06 23:43:00.000000 UTC,14.3390312576
2022-11-06 23:44:00.000000 UTC,13.9211916432
2022-11-06 23:45:00.000000 UTC,12.865755620200002
2022-11-06 23:46:00.000000 UTC,12.1213840606
2022-11-06 23:47:00.000000 UTC,11.4860090484
2022-11-06 23:48:00.000000 UTC,11.228608723399999
2022-11-06 23:49:00.000000 UTC,11.2467988148
2022-11-06 23:50:00.000000 UTC,11.07822082
2022-11-06 23:51:00.000000 UTC,10.3887411332
2022-11-06 23:52:00.000000 UTC,11.465589151
2022-11-06 23:53:00.000000 UTC,10.648752869
2022-11-06 23:54:00.000000 UTC,10.559607396
2022-11-06 23:55:00.000000 UTC,10.377369210200001
2022-11-06 23:56:00.000000 UTC,10.640579491
2022-11-06 23:57:00.000000 UTC,10.278260893399999
2022-11-06 23:58:00.000000 UTC,10.210627152399999
2022-11-06 23:59:00.000000 UTC,10.3870007882
2022-11-07 00:00:00.000000 UTC,13.7212445298
2022-11-07 00:01:00.000000 UTC,13.7745555168
2022-11-07 00:02:00.000000 UTC,13.6609246044
2022-11-07 00:03:00.000000 UTC,12.498814697
2022-11-07 00:04:00.000000 UTC,11.528639720200001
2022-11-07 00:05:00.000000 UTC,10.986535313200001
2022-11-07 00:06:00.000000 UTC,10.7975183548
2022-11-07 00:07:00.000000 UTC,10.494048773200001
2022-11-07 00:08:00.000000 UTC,10.2934054294
2022-11-07 00:09:00.000000 UTC,10.21817805
2022-11-07 00:10:00.000000 UTC,9.782709408
2022-11-07 00:11:00.000000 UTC,10.3960484466
2022-11-07 00:12:00.000000 UTC,9.8793619268
2022-11-07 00:13:00.000000 UTC,10.062985513600001
2022-11-07 00:14:00.000000 UTC,9.7808676594
2022-11-07 00:15:00.000000 UTC,10.3017049694
2022-11-07 00:16:00.000000 UTC,9.6374065898
2022-11-07 00:17:00.000000 UTC,9.9623122954
2022-11-07 00:18:00.000000 UTC,9.7837041874
2022-11-07 00:19:00.000000 UTC,10.2674030484
2022-11-07 00:20:00.000000 UTC,11.3621505666
2022-11-07 00:21:00.000000 UTC,10.995649475799999
2022-11-07 00:22:00.000000 UTC,10.537961559600001
2022-11-07 00:23:00.000000 UTC,11.4719498784
2022-11-07 00:24:00.000000 UTC,11.264582751799999
2022-11-07 00:25:00.000000 UTC,11.0804869804
2022-11-07 00:26:00.000000 UTC,10.5657685954
2022-11-07 00:27:00.000000 UTC,10.322527464799998
2022-11-07 00:28:00.000000 UTC,10.545975
2022-11-07 00:29:00.000000 UTC,10.058448121
2022-11-07 00:30:00.000000 UTC,10.009711035799999
2022-11-07 00:31:00.000000 UTC,11.66421712575
2022-11-07 00:32:00.000000 UTC,11.0009289368
2022-11-07 00:33:00.000000 UTC,10.3060789376
2022-11-07 00:34:00.000000 UTC,10.7422146872
2022-11-07 00:35:00.000000 UTC,10.216486614799999
2022-11-07 00:36:00.000000 UTC,10.339738885200001
2022-11-07 00:37:00.000000 UTC,10.3918375688
2022-11-07 00:38:00.000000 UTC,9.8204499704
2022-11-07 00:39:00.000000 UTC,10.9491663234
2022-11-07 00:40:00.000000 UTC,11.2383885634
2022-11-07 00:41:00.000000 UTC,10.40415144
2022-11-07 00:42:00.000000 UTC,9.6808053918
2022-11-07 00:43:00.000000 UTC,9.6162618726
2022-11-07 00:44:00.000000 UTC,10.740068729399999
2022-11-07 00:45:00.000000 UTC,10.6628509594
2022-11-07 00:46:00.000000 UTC,11.2913580396
2022-11-07 00:47:00.000000 UTC,11.1953353144
2022-11-07 00:48:00.000000 UTC,10.558408657200001
2022-11-07 00:49:00.000000 UTC,9.7271319794
2022-11-07 00:50:00.000000 UTC,10.9565262458
2022-11-07 00:51:00.000000 UTC,10.6516605446
2022-11-07 00:52:00.000000 UTC,9.9429058052
2022-11-07 00:53:00.000000 UTC,11.058595692
2022-11-07 00:54:00.000000 UTC,10.707828832799999
2022-11-07 00:55:00.000000 UTC,11.1170629354
2022-11-07 00:56:00.000000 UTC,10.759941728200001
2022-11-07 00:57:00.000000 UTC,9.9595072166
2022-11-07 00:58:00.000000 UTC,10.1268006318
2022-11-07 00:59:00.000000 UTC,9.6367691292000011
2022-11-07 01:00:00.000000 UTC,9.2900973747999984
2022-11-07 01:01:00.000000 UTC,11.7492662554
2022-11-07 01:02:00.000000 UTC,11.6216096276
2022-11-07 01:03:00.000000 UTC,11.2780702098
2022-11-07 01:04:00.000000 UTC,10.824235489
2022-11-07 01:05:00.000000 UTC,10.594565102799999
2022-11-07 01:06:00.000000 UTC,9.8528242106
2022-11-07 01:07:00.000000 UTC,9.7835881084
2022-11-07 01:08:00.000000 UTC,12.3310159374
2022-11-07 01:09:00.000000 UTC,13.984601959799999
2022-11-07 01:10:00.000000 UTC,15.911181489
2022-11-07 01:11:00.000000 UTC,16.0956327822
2022-11-07 01:12:00.000000 UTC,16.111330539
2022-11-07 01:13:00.000000 UTC,14.503120300600001
2022-11-07 01:14:00.000000 UTC,13.365536613200002
2022-11-07 01:15:00.000000 UTC,12.412413373
2022-11-07 01:16:00.000000 UTC,11.68538861
2022-11-07 01:17:00.000000 UTC,11.2600004944
2022-11-07 01:18:00.000000 UTC,10.611019693200001
2022-11-07 01:19:00.000000 UTC,10.702168444
2022-11-07 01:20:00.000000 UTC,10.028732826799999
2022-11-07 01:21:00.000000 UTC,10.1621618424
2022-11-07 01:22:00.000000 UTC,10.2088110356
2022-11-07 01:23:00.000000 UTC,10.9233099246
2022-11-07 01:24:00.000000 UTC,11.471517948
2022-11-07 01:25:00.000000 UTC,11.438920677399999
2022-11-07 01:26:00.000000 UTC,10.742432862
2022-11-07 01:27:00.000000 UTC,9.7584366654
2022-11-07 01:28:00.000000 UTC,9.3766447047999986
2022-11-07 01:29:00.000000 UTC,9.5238806293999989
2022-11-07 01:30:00.000000 UTC,10.267669546799999
2022-11-07 01:31:00.000000 UTC,10.1696441822
2022-11-07 01:32:00.000000 UTC,9.9686854828
2022-11-07 01:33:00.000000 UTC,10.2005327424
2022-11-07 01:34:00.000000 UTC,10.498212145799998
2022-11-07 01:35:00.000000 UTC,10.247272115200001
2022-11-07 01:36:00.000000 UTC,10.6213050454
2022-11-07 01:37:00.000000 UTC,10.3743400664
2022-11-07 01:38:00.000000 UTC,11.4648167798
2022-11-07 01:39:00.000000 UTC,11.5952046782
2022-11-07 01:40:00.000000 UTC,10.8861293176
2022-11-07 01:41:00.000000 UTC,10.868954754799999
2022-11-07 01:42:00.000000 UTC,11.4537511932
2022-11-07 01:43:00.000000 UTC,12.250879209399999
2022-11-07 01:44:00.000000 UTC,14.648952604
2022-11-07 01:45:00.000000 UTC,14.0431954224
2022-11-07 01:46:00.000000 UTC,12.7268881574
2022-11-07 01:47:00.000000 UTC,11.3930261814
2022-11-07 01:48:00.000000 UTC,11.2584035012
2022-11-07 01:49:00.000000 UTC,10.835712193200001
2022-11-07 01:50:00.000000 UTC,10.463700227799999
2022-11-07 01:51:00.000000 UTC,11.5883288714
2022-11-07 01:52:00.000000 UTC,10.4178490446
2022-11-07 01:53:00.000000 UTC,10.1696572848
2022-11-07 01:54:00.000000 UTC,10.749124314200001
2022-11-07 01:55:00.000000 UTC,9.8584618356
2022-11-07 01:56:00.000000 UTC,10.1580072282
2022-11-07 01:57:00.000000 UTC,10.273030188
2022-11-07 01:58:00.000000 UTC,11.6568884976
2022-11-07 01:59:00.000000 UTC,10.8450737246
2022-11-07 02:00:00.000000 UTC,10.6995536634
2022-11-07 02:01:00.000000 UTC,11.1913408288
2022-11-07 02:02:00.000000 UTC,10.239974656600001
2022-11-07 02:03:00.000000 UTC,10.227430456799999
2022-11-07 02:04:00.000000 UTC,9.7379878616
2022-11-07 02:05:00.000000 UTC,10.2756780048
2022-11-07 02:06:00.000000 UTC,11.0501732356
2022-11-07 02:07:00.000000 UTC,10.901367656
2022-11-07 02:08:00.000000 UTC,10.3090623536
2022-11-07 02:09:00.000000 UTC,10.0289785904
2022-11-07 02:10:00.000000 UTC,10.4434773936
2022-11-07 02:11:00.000000 UTC,10.579250877200002
2022-11-07 02:12:00.000000 UTC,10.959514807
2022-11-07 02:13:00.000000 UTC,11.4539356408
2022-11-07 02:14:00.000000 UTC,10.9037478626
2022-11-07 02:15:00.000000 UTC,10.720023788799999
2022-11-07 02:16:00.000000 UTC,10.8291564768
2022-11-07 02:17:00.000000 UTC,10.8939477438
2022-11-07 02:18:00.000000 UTC,12.2423243154
2022-11-07 02:19:00.000000 UTC,12.0128853034
2022-11-07 02:20:00.000000 UTC,11.4332059918
2022-11-07 02:21:00.000000 UTC,10.9296583942
2022-11-07 02:22:00.000000 UTC,10.88520650475
2022-11-07 02:23:00.000000 UTC,10.7214409764
2022-11-07 02:24:00.000000 UTC,10.079512147600001
2022-11-07 02:25:00.000000 UTC,9.986690344
2022-11-07 02:26:00.000000 UTC,10.644160272
2022-11-07 02:27:00.000000 UTC,9.9453084024
2022-11-07 02:28:00.000000 UTC,9.9197813202
2022-11-07 02:29:00.000000 UTC,10.443415032
2022-11-07 02:30:00.000000 UTC,11.6079404696
2022-11-07 02:31:00.000000 UTC,11.9764281044
2022-11-07 02:32:00.000000 UTC,11.17833528
2022-11-07 02:33:00.000000 UTC,11.5335972728
2022-11-07 02:34:00.000000 UTC,11.205853839200001
2022-11-07 02:35:00.000000 UTC,10.5138440336
2022-11-07 02:36:00.000000 UTC,10.0633833474
2022-11-07 02:37:00.000000 UTC,10.097748134200002
2022-11-07 02:38:00.000000 UTC,10.0965861404
2022-11-07 02:39:00.000000 UTC,9.3635183822
2022-11-07 02:40:00.000000 UTC,9.2570703732000013
2022-11-07 02:41:00.000000 UTC,10.3021524192
2022-11-07 02:42:00.000000 UTC,9.8750828146
2022-11-07 02:43:00.000000 UTC,9.652019617
2022-11-07 02:44:00.000000 UTC,10.3083116936
2022-11-07 02:45:00.000000 UTC,9.7494269106
2022-11-07 02:46:00.000000 UTC,9.916476233
2022-11-07 02:47:00.000000 UTC,10.029603381200001
2022-11-07 02:48:00.000000 UTC,10.2305015084
2022-11-07 02:49:00.000000 UTC,10.2264195422
2022-11-07 02:50:00.000000 UTC,10.4072216364
2022-11-07 02:51:00.000000 UTC,10.1309991178
2022-11-07 02:52:00.000000 UTC,10.0514355656
2022-11-07 02:53:00.000000 UTC,10.189250180799998
2022-11-07 02:54:00.000000 UTC,10.227875738
2022-11-07 02:55:00.000000 UTC,10.0894711274
2022-11-07 02:56:00.000000 UTC,10.1033495852
2022-11-07 02:57:00.000000 UTC,10.1789277008
2022-11-07 02:58:00.000000 UTC,10.6255165418
2022-11-07 02:59:00.000000 UTC,10.3717156282
2022-11-07 03:00:00.000000 UTC,11.244172643399999
2022-11-07 03:01:00.000000 UTC,10.3733534494
2022-11-07 03:02:00.000000 UTC,10.387825515200001
2022-11-07 03:03:00.000000 UTC,10.1376013492
2022-11-07 03:04:00.000000 UTC,10.1554712454
2022-11-07 03:05:00.000000 UTC,11.3064188166
2022-11-07 03:06:00.000000 UTC,10.7839799846
2022-11-07 03:07:00.000000 UTC,10.2042416992
2022-11-07 03:08:00.000000 UTC,10.0487022244
2022-11-07 03:09:00.000000 UTC,10.266823546200001
2022-11-07 03:10:00.000000 UTC,9.9114367947999984
2022-11-07 03:11:00.000000 UTC,10.1125715668
2022-11-07 03:12:00.000000 UTC,10.651148679799999
2022-11-07 03:13:00.000000 UTC,10.1028965696
2022-11-07 03:14:00.000000 UTC,10.420077000600001
2022-11-07 03:15:00.000000 UTC,10.2542016726
2022-11-07 03:16:00.000000 UTC,10.2561530664
2022-11-07 03:17:00.000000 UTC,10.4296707642
2022-11-07 03:18:00.000000 UTC,10.5697577696
2022-11-07 03:19:00.000000 UTC,10.284559021
2022-11-07 03:20:00.000000 UTC,10.20619301
2022-11-07 03:21:00.000000 UTC,10.0142571774
2022-11-07 03:22:00.000000 UTC,10.3927449354
2022-11-07 03:23:00.000000 UTC,10.5110404786
2022-11-07 03:24:00.000000 UTC,10.1006359496
2022-11-07 03:25:00.000000 UTC,9.9688857008
2022-11-07 03:26:00.000000 UTC,9.986751422
2022-11-07 03:27:00.000000 UTC,10.678067246
2022-11-07 03:28:00.000000 UTC,10.358194379
2022-11-07 03:29:00.000000 UTC,10.2807485054
2022-11-07 03:30:00.000000 UTC,10.224730441
2022-11-07 03:31:00.000000 UTC,10.179405433
2022-11-07 03:32:00.000000 UTC,10.5991905568
2022-11-07 03:33:00.000000 UTC,10.3393778766
2022-11-07 03:34:00.000000 UTC,10.5298870484
2022-11-07 03:35:00.000000 UTC,10.4298766516
2022-11-07 03:36:00.000000 UTC,11.665002175
2022-11-07 03:37:00.000000 UTC,13.7050877292
2022-11-07 03:38:00.000000 UTC,14.6430220856
2022-11-07 03:39:00.000000 UTC,13.6301981722
2022-11-07 03:40:00.000000 UTC,11.9193640018
2022-11-07 03:41:00.000000 UTC,11.018662023200001
2022-11-07 03:42:00.000000 UTC,10.910618314799999
2022-11-07 03:43:00.000000 UTC,11.0556458236
2022-11-07 03:44:00.000000 UTC,10.275008546799999
2022-11-07 03:45:00.000000 UTC,10.253850821
2022-11-07 03:46:00.000000 UTC,10.1785204042
2022-11-07 03:47:00.000000 UTC,10.432377406
2022-11-07 03:48:00.000000 UTC,9.9600599117999984
2022-11-07 03:49:00.000000 UTC,9.770868007
2022-11-07 03:50:00.000000 UTC,9.9880013498
2022-11-07 03:51:00.000000 UTC,10.674180225
2022-11-07 03:52:00.000000 UTC,11.1665248286
2022-11-07 03:53:00.000000 UTC,10.264647203
2022-11-07 03:54:00.000000 UTC,10.285215234399999
2022-11-07 03:55:00.000000 UTC,10.6777209064
2022-11-07 03:56:00.000000 UTC,10.046049281799998
2022-11-07 03:57:00.000000 UTC,10.259745918
2022-11-07 03:58:00.000000 UTC,9.971087628
2022-11-07 03:59:00.000000 UTC,9.8243690464
2022-11-07 04:00:00.000000 UTC,11.87090774825
2022-11-07 04:01:00.000000 UTC,12.671153303
2022-11-07 04:02:00.000000 UTC,11.7516279304
2022-11-07 04:03:00.000000 UTC,10.8302081836
2022-11-07 04:04:00.000000 UTC,10.3033925504
2022-11-07 04:05:00.000000 UTC,10.2865084184
2022-11-07 04:06:00.000000 UTC,9.8177354682
2022-11-07 04:07:00.000000 UTC,11.0313482474
2022-11-07 04:08:00.000000 UTC,10.8588035528
2022-11-07 04:09:00.000000 UTC,10.9174584722
2022-11-07 04:10:00.000000 UTC,10.258003023
2022-11-07 04:11:00.000000 UTC,10.351352869200001
2022-11-07 04:12:00.000000 UTC,9.8236986626
2022-11-07 04:13:00.000000 UTC,9.5534148392
2022-11-07 04:14:00.000000 UTC,10.340194847600001
2022-11-07 04:15:00.000000 UTC,9.924275914
2022-11-07 04:16:00.000000 UTC,9.4601154577999989
2022-11-07 04:17:00.000000 UTC,9.6000400897999985
2022-11-07 04:18:00.000000 UTC,9.5448284164
2022-11-07 04:19:00.000000 UTC,9.633279539
2022-11-07 04:20:00.000000 UTC,9.6584282072
2022-11-07 04:21:00.000000 UTC,9.8903378264
2022-11-07 04:22:00.000000 UTC,9.8247598142
2022-11-07 04:23:00.000000 UTC,10.0440495762
2022-11-07 04:24:00.000000 UTC,9.6915956404
2022-11-07 04:25:00.000000 UTC,9.5255891604
2022-11-07 04:26:00.000000 UTC,9.6153771554
2022-11-07 04:27:00.000000 UTC,9.5734645562000011
2022-11-07 04:28:00.000000 UTC,9.7315297054
2022-11-07 04:29:00.000000 UTC,9.71181577
2022-11-07 04:30:00.000000 UTC,10.331970045799999
2022-11-07 04:31:00.000000 UTC,9.83350391675
2022-11-07 04:32:00.000000 UTC,9.757347210799999
2022-11-07 04:33:00.000000 UTC,9.5723002528
2022-11-07 04:34:00.000000 UTC,9.5737235376000012
2022-11-07 04:35:00.000000 UTC,10.4797724656
2022-11-07 04:36:00.000000 UTC,9.730284356
2022-11-07 04:37:00.000000 UTC,10.1319739364
2022-11-07 04:38:00.000000 UTC,9.875878346
2022-11-07 04:39:00.000000 UTC,9.282207037600001
2022-11-07 04:40:00.000000 UTC,9.6608059658
2022-11-07 04:41:00.000000 UTC,9.6394488758
2022-11-07 04:42:00.000000 UTC,9.8645761778
2022-11-07 04:43:00.000000 UTC,9.3709054472
2022-11-07 04:44:00.000000 UTC,9.658588241
2022-11-07 04:45:00.000000 UTC,9.5918239252
2022-11-07 04:46:00.000000 UTC,10.090371833
2022-11-07 04:47:00.000000 UTC,9.2944202606
2022-11-07 04:48:00.000000 UTC,10.1708103014
2022-11-07 04:49:00.000000 UTC,9.7776639762000013
2022-11-07 04:50:00.000000 UTC,9.6612720308
2022-11-07 04:51:00.000000 UTC,9.3111582807999991
2022-11-07 04:52:00.000000 UTC,9.8032520762000015
2022-11-07 04:53:00.000000 UTC,9.7777183314
2022-11-07 04:54:00.000000 UTC,9.597717453
2022-11-07 04:55:00.000000 UTC,11.1431586924
2022-11-07 04:56:00.000000 UTC,10.0988796444
2022-11-07 04:57:00.000000 UTC,10.3217068254
2022-11-07 04:58:00.000000 UTC,9.610385406799999
2022-11-07 04:59:00.000000 UTC,10.4232184962
2022-11-07 05:00:00.000000 UTC,11.9269446994
2022-11-07 05:01:00.000000 UTC,13.576370409799999
2022-11-07 05:02:00.000000 UTC,16.4610186508
2022-11-07 05:03:00.000000 UTC,17.452707361
2022-11-07 05:04:00.000000 UTC,16.6589105304
2022-11-07 05:05:00.000000 UTC,16.508345469200002
2022-11-07 05:06:00.000000 UTC,16.9051324172
2022-11-07 05:07:00.000000 UTC,14.4941369124
2022-11-07 05:08:00.000000 UTC,12.638667115799999
2022-11-07 05:09:00.000000 UTC,11.4466694466
2022-11-07 05:10:00.000000 UTC,10.357256637799999
2022-11-07 05:11:00.000000 UTC,10.288407053
2022-11-07 05:12:00.000000 UTC,9.4709122437999991
2022-11-07 05:13:00.000000 UTC,10.3204275
2022-11-07 05:14:00.000000 UTC,9.9468813823999991
2022-11-07 05:15:00.000000 UTC,10.562148934
2022-11-07 05:16:00.000000 UTC,11.2535535336
2022-11-07 05:17:00.000000 UTC,11.068719565
2022-11-07 05:18:00.000000 UTC,10.051859101
2022-11-07 05:19:00.000000 UTC,9.556449199
2022-11-07 05:20:00.000000 UTC,9.6516399577999987
2022-11-07 05:21:00.000000 UTC,9.4844743986
2022-11-07 05:22:00.000000 UTC,10.6104306048
2022-11-07 05:23:00.000000 UTC,10.1152115748
2022-11-07 05:24:00.000000 UTC,10.0914069344
2022-11-07 05:25:00.000000 UTC,10.323181957
2022-11-07 05:26:00.000000 UTC,9.78863477
2022-11-07 05:27:00.000000 UTC,9.6473626096
2022-11-07 05:28:00.000000 UTC,9.9774564678
2022-11-07 05:29:00.000000 UTC,10.0746316664
2022-11-07 05:30:00.000000 UTC,10.179609454
2022-11-07 05:31:00.000000 UTC,9.8649802307999988
2022-11-07 05:32:00.000000 UTC,10.4253585122
2022-11-07 05:33:00.000000 UTC,9.9870434258
2022-11-07 05:34:00.000000 UTC,10.1425802838
2022-11-07 05:35:00.000000 UTC,10.435116332
2022-11-07 05:36:00.000000 UTC,10.129246863799999
2022-11-07 05:37:00.000000 UTC,10.103489771200001
2022-11-07 05:38:00.000000 UTC,10.1464003174
2022-11-07 05:39:00.000000 UTC,10.849372125799999
2022-11-07 05:40:00.000000 UTC,10.963400630799999
2022-11-07 05:41:00.000000 UTC,11.826110982600001
2022-11-07 05:42:00.000000 UTC,11.6737773948
2022-11-07 05:43:00.000000 UTC,10.8306305798
2022-11-07 05:44:00.000000 UTC,10.1336467946
2022-11-07 05:45:00.000000 UTC,11.356556911799998
2022-11-07 05:46:00.000000 UTC,12.5281049104
2022-11-07 05:47:00.000000 UTC,12.0058555738
2022-11-07 05:48:00.000000 UTC,11.4102382212
2022-11-07 05:49:00.000000 UTC,11.8560892926
2022-11-07 05:50:00.000000 UTC,11.4738650914
2022-11-07 05:51:00.000000 UTC,12.5541248184
2022-11-07 05:52:00.000000 UTC,12.4645949158
2022-11-07 05:53:00.000000 UTC,11.8694339606
2022-11-07 05:54:00.000000 UTC,12.168334661
2022-11-07 05:55:00.000000 UTC,12.481615551
2022-11-07 05:56:00.000000 UTC,11.349005927
2022-11-07 05:57:00.000000 UTC,10.5656979334
2022-11-07 05:58:00.000000 UTC,9.9810253676000009
2022-11-07 05:59:00.000000 UTC,11.071427998799999
2022-11-07 06:00:00.000000 UTC,11.4332000356
2022-11-07 06:01:00.000000 UTC,12.173862956
2022-11-07 06:02:00.000000 UTC,11.371424678
2022-11-07 06:03:00.000000 UTC,10.821616276799999
2022-11-07 06:04:00.000000 UTC,10.7657166086
2022-11-07 06:05:00.000000 UTC,10.4376781236
2022-11-07 06:06:00.000000 UTC,10.1348520426
2022-11-07 06:07:00.000000 UTC,10.4915199062
2022-11-07 06:08:00.000000 UTC,10.410009157600001
2022-11-07 06:09:00.000000 UTC,9.8592987434
2022-11-07 06:10:00.000000 UTC,9.5085194157999986
2022-11-07 06:11:00.000000 UTC,9.8120017584
2022-11-07 06:12:00.000000 UTC,9.8235475582000014
2022-11-07 06:13:00.000000 UTC,10.192047451399999
2022-11-07 06:14:00.000000 UTC,10.583621142799998
2022-11-07 06:15:00.000000 UTC,10.082565535399999
2022-11-07 06:16:00.000000 UTC,9.6188461752000016
2022-11-07 06:17:00.000000 UTC,9.85599278
2022-11-07 06:18:00.000000 UTC,10.0823037412
2022-11-07 06:19:00.000000 UTC,9.7478236942000009
2022-11-07 06:20:00.000000 UTC,9.4262381928
2022-11-07 06:21:00.000000 UTC,9.6898879728
2022-11-07 06:22:00.000000 UTC,10.533468198200001
2022-11-07 06:23:00.000000 UTC,9.6347239166
2022-11-07 06:24:00.000000 UTC,9.719447132
2022-11-07 06:25:00.000000 UTC,10.2646243342
2022-11-07 06:26:00.000000 UTC,10.167026476799998
2022-11-07 06:27:00.000000 UTC,10.2938125756
2022-11-07 06:28:00.000000 UTC,11.1964199595
2022-11-07 06:29:00.000000 UTC,11.0422472786
2022-11-07 06:30:00.000000 UTC,10.2722523604
2022-11-07 06:31:00.000000 UTC,9.9955467202
2022-11-07 06:32:00.000000 UTC,10.0873065548
2022-11-07 06:33:00.000000 UTC,11.263313592600001
2022-11-07 06:34:00.000000 UTC,10.9872070258
2022-11-07 06:35:00.000000 UTC,10.32558756675
2022-11-07 06:36:00.000000 UTC,10.3903885574
2022-11-07 06:37:00.000000 UTC,10.079745239600001
2022-11-07 06:38:00.000000 UTC,10.175276397200001
2022-11-07 06:39:00.000000 UTC,10.7344363124
2022-11-07 06:40:00.000000 UTC,10.3361289224
2022-11-07 06:41:00.000000 UTC,10.4504530572
2022-11-07 06:42:00.000000 UTC,10.3298803448
2022-11-07 06:43:00.000000 UTC,10.0585175774
2022-11-07 06:44:00.000000 UTC,10.2538343946
2022-11-07 06:45:00.000000 UTC,10.409452545
2022-11-07 06:46:00.000000 UTC,11.015541551
2022-11-07 06:47:00.000000 UTC,11.275098827
2022-11-07 06:48:00.000000 UTC,10.474717760799999
2022-11-07 06:49:00.000000 UTC,10.2283169922
2022-11-07 06:50:00.000000 UTC,10.6038015704
2022-11-07 06:51:00.000000 UTC,10.2766264414
2022-11-07 06:52:00.000000 UTC,10.011960267600001
2022-11-07 06:53:00.000000 UTC,10.509649823799998
2022-11-07 06:54:00.000000 UTC,10.436238186
2022-11-07 06:55:00.000000 UTC,10.8226544688
2022-11-07 06:56:00.000000 UTC,10.2137620548
2022-11-07 06:57:00.000000 UTC,11.2522628118
2022-11-07 06:58:00.000000 UTC,10.6365570636
2022-11-07 06:59:00.000000 UTC,11.6857689684
2022-11-07 07:00:00.000000 UTC,11.630242344600001
2022-11-07 07:01:00.000000 UTC,12.2039762194
2022-11-07 07:02:00.000000 UTC,11.884064651600001
2022-11-07 07:03:00.000000 UTC,11.5215810034
2022-11-07 07:04:00.000000 UTC,11.685454132799999
2022-11-07 07:05:00.000000 UTC,10.588910987799999
2022-11-07 07:06:00.000000 UTC,10.7835734906
2022-11-07 07:07:00.000000 UTC,11.117678182
2022-11-07 07:08:00.000000 UTC,11.123556308200001
2022-11-07 07:09:00.000000 UTC,10.7363218674
2022-11-07 07:10:00.000000 UTC,10.815311264
2022-11-07 07:11:00.000000 UTC,10.4721153035
2022-11-07 07:12:00.000000 UTC,10.421436523
2022-11-07 07:13:00.000000 UTC,10.2215114714
2022-11-07 07:14:00.000000 UTC,10.604321411
2022-11-07 07:15:00.000000 UTC,10.731695758
2022-11-07 07:16:00.000000 UTC,10.700597819
2022-11-07 07:17:00.000000 UTC,10.226124963
2022-11-07 07:18:00.000000 UTC,10.504319495399999
2022-11-07 07:19:00.000000 UTC,10.370163096799999
2022-11-07 07:20:00.000000 UTC,10.1073922284
2022-11-07 07:21:00.000000 UTC,11.0692183806
2022-11-07 07:22:00.000000 UTC,10.2396023704
2022-11-07 07:23:00.000000 UTC,10.0700911784
2022-11-07 07:24:00.000000 UTC,11.119141302
2022-11-07 07:25:00.000000 UTC,10.8660744692
2022-11-07 07:26:00.000000 UTC,10.2713578182
2022-11-07 07:27:00.000000 UTC,9.8363867362000015
2022-11-07 07:28:00.000000 UTC,10.1744517166
2022-11-07 07:29:00.000000 UTC,10.679464855
2022-11-07 07:30:00.000000 UTC,11.3035183998
2022-11-07 07:31:00.000000 UTC,10.864960464
2022-11-07 07:32:00.000000 UTC,10.589046866799999
2022-11-07 07:33:00.000000 UTC,10.2040738704
2022-11-07 07:34:00.000000 UTC,10.1199949952
2022-11-07 07:35:00.000000 UTC,9.7988805514
2022-11-07 07:36:00.000000 UTC,10.8345147226
2022-11-07 07:37:00.000000 UTC,10.8231025616
2022-11-07 07:38:00.000000 UTC,11.3562429158
2022-11-07 07:39:00.000000 UTC,9.9856301032
2022-11-07 07:40:00.000000 UTC,10.450466912
2022-11-07 07:41:00.000000 UTC,11.007833077799999
2022-11-07 07:42:00.000000 UTC,11.3546442318
2022-11-07 07:43:00.000000 UTC,11.5304917498
2022-11-07 07:44:00.000000 UTC,11.523786907
2022-11-07 07:45:00.000000 UTC,11.3130186674
2022-11-07 07:46:00.000000 UTC,11.5436186016
2022-11-07 07:47:00.000000 UTC,11.7513560664
2022-11-07 07:48:00.000000 UTC,10.7491475014
2022-11-07 07:49:00.000000 UTC,10.757259622200001
2022-11-07 07:50:00.000000 UTC,10.348541170799999
2022-11-07 07:51:00.000000 UTC,10.8142239942
2022-11-07 07:52:00.000000 UTC,10.3994245386
2022-11-07 07:53:00.000000 UTC,11.9392791164
2022-11-07 07:54:00.000000 UTC,11.6954507366
2022-11-07 07:55:00.000000 UTC,11.7817700226
2022-11-07 07:56:00.000000 UTC,11.994679976799999
2022-11-07 07:57:00.000000 UTC,11.565218918200001
2022-11-07 07:58:00.000000 UTC,11.217760982200002
2022-11-07 07:59:00.000000 UTC,11.63037530675
2022-11-07 08:00:00.000000 UTC,11.9043564312
2022-11-07 08:01:00.000000 UTC,12.6630711836
2022-11-07 08:02:00.000000 UTC,12.3712847156
2022-11-07 08:03:00.000000 UTC,12.704157776799999
2022-11-07 08:04:00.000000 UTC,12.732792733
2022-11-07 08:05:00.000000 UTC,12.8205697968
2022-11-07 08:06:00.000000 UTC,11.975562890399999
2022-11-07 08:07:00.000000 UTC,11.640544978200001
2022-11-07 08:08:00.000000 UTC,11.0265731824
2022-11-07 08:09:00.000000 UTC,10.2689295116
2022-11-07 08:10:00.000000 UTC,11.491208090399999
2022-11-07 08:11:00.000000 UTC,11.134699128600001
2022-11-07 08:12:00.000000 UTC,11.010186168399999
2022-11-07 08:13:00.000000 UTC,10.5328297546
2022-11-07 08:14:00.000000 UTC,10.3227641402
2022-11-07 08:15:00.000000 UTC,11.203696937
2022-11-07 08:16:00.000000 UTC,10.7105935036
2022-11-07 08:17:00.000000 UTC,10.413755213
2022-11-07 08:18:00.000000 UTC,10.7744420098
2022-11-07 08:19:00.000000 UTC,10.7011542542
2022-11-07 08:20:00.000000 UTC,10.4188640914
2022-11-07 08:21:00.000000 UTC,9.900917759
2022-11-07 08:22:00.000000 UTC,10.3669484858
2022-11-07 08:23:00.000000 UTC,10.1030745648
2022-11-07 08:24:00.000000 UTC,10.627415113200001
2022-11-07 08:25:00.000000 UTC,10.0459862028
2022-11-07 08:26:00.000000 UTC,10.5537853086
2022-11-07 08:27:00.000000 UTC,10.138611452600001
2022-11-07 08:28:00.000000 UTC,10.275890775
2022-11-07 08:29:00.000000 UTC,9.8131085847999984
2022-11-07 08:30:00.000000 UTC,10.8831867062
2022-11-07 08:31:00.000000 UTC,10.8362200928
2022-11-07 08:32:00.000000 UTC,10.4595722716
2022-11-07 08:33:00.000000 UTC,10.2662749474
2022-11-07 08:34:00.000000 UTC,10.5895357888
2022-11-07 08:35:00.000000 UTC,10.1988002716
2022-11-07 08:36:00.000000 UTC,10.603172167
2022-11-07 08:37:00.000000 UTC,10.280483173799999
2022-11-07 08:38:00.000000 UTC,10.192513723600001
2022-11-07 08:39:00.000000 UTC,10.486692315600001
2022-11-07 08:40:00.000000 UTC,10.5478355674
2022-11-07 08:41:00.000000 UTC,10.919635127200001
2022-11-07 08:42:00.000000 UTC,10.4469506218
2022-11-07 08:43:00.000000 UTC,10.922783152200001
2022-11-07 08:44:00.000000 UTC,10.472241917200002
2022-11-07 08:45:00.000000 UTC,10.4980394472
2022-11-07 08:46:00.000000 UTC,9.700103759
2022-11-07 08:47:00.000000 UTC,10.312631367
2022-11-07 08:48:00.000000 UTC,9.9318239048
2022-11-07 08:49:00.000000 UTC,10.6007032932
2022-11-07 08:50:00.000000 UTC,10.3542723348
2022-11-07 08:51:00.000000 UTC,10.301342205
2022-11-07 08:52:00.000000 UTC,10.2095914068
2022-11-07 08:53:00.000000 UTC,9.9757519748
2022-11-07 08:54:00.000000 UTC,10.1408859538
2022-11-07 08:55:00.000000 UTC,10.3647741574
2022-11-07 08:56:00.000000 UTC,10.242205331200001
2022-11-07 08:57:00.000000 UTC,10.363120531
2022-11-07 08:58:00.000000 UTC,10.681767213
2022-11-07 08:59:00.000000 UTC,10.620193583799999
2022-11-07 09:00:00.000000 UTC,10.2685371556
2022-11-07 09:01:00.000000 UTC,11.030720479200001
2022-11-07 09:02:00.000000 UTC,10.5529930758
2022-11-07 09:03:00.000000 UTC,10.602586062
2022-11-07 09:04:00.000000 UTC,13.2131909842
2022-11-07 09:05:00.000000 UTC,11.438319739399999
2022-11-07 09:06:00.000000 UTC,11.1819576756
2022-11-07 09:07:00.000000 UTC,10.9676009802
2022-11-07 09:08:00.000000 UTC,10.9819409972
2022-11-07 09:09:00.000000 UTC,11.4337517434
2022-11-07 09:10:00.000000 UTC,11.1000748998
2022-11-07 09:11:00.000000 UTC,10.3017763418
2022-11-07 09:12:00.000000 UTC,10.478807489
2022-11-07 09:13:00.000000 UTC,10.3337216802
2022-11-07 09:14:00.000000 UTC,10.636029663
2022-11-07 09:15:00.000000 UTC,10.909091367799999
2022-11-07 09:16:00.000000 UTC,11.5465288668
2022-11-07 09:17:00.000000 UTC,10.6985893098
2022-11-07 09:18:00.000000 UTC,11.239361862600001
2022-11-07 09:19:00.000000 UTC,11.5081675534
2022-11-07 09:20:00.000000 UTC,13.0016884374
2022-11-07 09:21:00.000000 UTC,11.721783971399999
2022-11-07 09:22:00.000000 UTC,11.024798905799999
2022-11-07 09:23:00.000000 UTC,10.015847047200001
2022-11-07 09:24:00.000000 UTC,10.5287829265
2022-11-07 09:25:00.000000 UTC,10.790542766
2022-11-07 09:26:00.000000 UTC,10.0316400762
2022-11-07 09:27:00.000000 UTC,10.4421773296
2022-11-07 09:28:00.000000 UTC,10.7216990526
2022-11-07 09:29:00.000000 UTC,10.7656608142
2022-11-07 09:30:00.000000 UTC,10.4707021872
2022-11-07 09:31:00.000000 UTC,10.7140957846
2022-11-07 09:32:00.000000 UTC,10.7295269244
2022-11-07 09:33:00.000000 UTC,10.864106298
2022-11-07 09:34:00.000000 UTC,10.6207439154
2022-11-07 09:35:00.000000 UTC,11.064954326399999
2022-11-07 09:36:00.000000 UTC,10.553616378200001
2022-11-07 09:37:00.000000 UTC,10.425720929
2022-11-07 09:38:00.000000 UTC,10.5648004796
2022-11-07 09:39:00.000000 UTC,10.530492365399999
2022-11-07 09:40:00.000000 UTC,11.017742756799999
2022-11-07 09:41:00.000000 UTC,10.763372955
2022-11-07 09:42:00.000000 UTC,11.2476570954
2022-11-07 09:43:00.000000 UTC,10.3905093174
2022-11-07 09:44:00.000000 UTC,10.523598631799999
2022-11-07 09:45:00.000000 UTC,11.651245397
2022-11-07 09:46:00.000000 UTC,11.0103962358
2022-11-07 09:47:00.000000 UTC,10.3075033064
2022-11-07 09:48:00.000000 UTC,10.766793097
2022-11-07 09:49:00.000000 UTC,10.8950555556
2022-11-07 09:50:00.000000 UTC,10.1262954272
2022-11-07 09:51:00.000000 UTC,10.6549277222
2022-11-07 09:52:00.000000 UTC,10.184875508
2022-11-07 09:53:00.000000 UTC,10.823738255
2022-11-07 09:54:00.000000 UTC,10.571029039799999
2022-11-07 09:55:00.000000 UTC,10.8121971474
2022-11-07 09:56:00.000000 UTC,10.4038253484
2022-11-07 09:57:00.000000 UTC,10.866996574
2022-11-07 09:58:00.000000 UTC,10.001515364
2022-11-07 09:59:00.000000 UTC,10.399446582
2022-11-07 10:00:00.000000 UTC,11.0165064772
2022-11-07 10:01:00.000000 UTC,10.8484546212
2022-11-07 10:02:00.000000 UTC,10.4424497304
2022-11-07 10:03:00.000000 UTC,10.4605961016
2022-11-07 10:04:00.000000 UTC,10.3126180148
2022-11-07 10:05:00.000000 UTC,10.0831322428
2022-11-07 10:06:00.000000 UTC,9.9069432284
2022-11-07 10:07:00.000000 UTC,10.482964723
2022-11-07 10:08:00.000000 UTC,10.919418757
2022-11-07 10:09:00.000000 UTC,10.929227419
2022-11-07 10:10:00.000000 UTC,10.4414548616
2022-11-07 10:11:00.000000 UTC,10.465549709200001
2022-11-07 10:12:00.000000 UTC,10.0284094574
2022-11-07 10:13:00.000000 UTC,10.155889005399999
2022-11-07 10:14:00.000000 UTC,10.295926551
2022-11-07 10:15:00.000000 UTC,9.9731499286
2022-11-07 10:16:00.000000 UTC,9.76404539
2022-11-07 10:17:00.000000 UTC,9.747030549
2022-11-07 10:18:00.000000 UTC,10.788500014
2022-11-07 10:19:00.000000 UTC,11.069700225
2022-11-07 10:20:00.000000 UTC,10.1488584218
2022-11-07 10:21:00.000000 UTC,10.7844025308
2022-11-07 10:22:00.000000 UTC,10.2390843224
2022-11-07 10:23:00.000000 UTC,10.418905388799999
2022-11-07 10:24:00.000000 UTC,10.7999005834
2022-11-07 10:25:00.000000 UTC,11.285408765
2022-11-07 10:26:00.000000 UTC,10.833321438799999
2022-11-07 10:27:00.000000 UTC,10.8547310742
2022-11-07 10:28:00.000000 UTC,11.237117418799999
2022-11-07 10:29:00.000000 UTC,10.9920570132
2022-11-07 10:30:00.000000 UTC,11.9278220934
2022-11-07 10:31:00.000000 UTC,11.0717746924
2022-11-07 10:32:00.000000 UTC,10.8584525166
2022-11-07 10:33:00.000000 UTC,11.547105820799999
2022-11-07 10:34:00.000000 UTC,11.3333802666
2022-11-07 10:35:00.000000 UTC,11.8567990088
2022-11-07 10:36:00.000000 UTC,11.91411876
2022-11-07 10:37:00.000000 UTC,11.7798493348
2022-11-07 10:38:00.000000 UTC,11.589721191
2022-11-07 10:39:00.000000 UTC,11.689851546
2022-11-07 10:40:00.000000 UTC,11.4534750498
2022-11-07 10:41:00.000000 UTC,11.239229933399999
2022-11-07 10:42:00.000000 UTC,12.0391746972
2022-11-07 10:43:00.000000 UTC,10.928678511200001
2022-11-07 10:44:00.000000 UTC,11.7432750892
2022-11-07 10:45:00.000000 UTC,12.237771127
2022-11-07 10:46:00.000000 UTC,11.216381069799999
2022-11-07 10:47:00.000000 UTC,11.358230772
2022-11-07 10:48:00.000000 UTC,11.2801550708
2022-11-07 10:49:00.000000 UTC,10.2785609824
2022-11-07 10:50:00.000000 UTC,10.8759680978
2022-11-07 10:51:00.000000 UTC,10.985169277399999
2022-11-07 10:52:00.000000 UTC,10.907508163
2022-11-07 10:53:00.000000 UTC,11.1914752296
2022-11-07 10:54:00.000000 UTC,11.208470814
2022-11-07 10:55:00.000000 UTC,11.268847995200002
2022-11-07 10:56:00.000000 UTC,11.212183616399999
2022-11-07 10:57:00.000000 UTC,11.080879648200002
2022-11-07 10:58:00.000000 UTC,10.387472660799999
2022-11-07 10:59:00.000000 UTC,10.535337136399999
2022-11-07 11:00:00.000000 UTC,10.988780589600001
2022-11-07 11:01:00.000000 UTC,11.380937809
2022-11-07 11:02:00.000000 UTC,10.6104368148
2022-11-07 11:03:00.000000 UTC,11.1781983292
2022-11-07 11:04:00.000000 UTC,10.3573346056
2022-11-07 11:05:00.000000 UTC,10.8883211734
2022-11-07 11:06:00.000000 UTC,11.3687434952
2022-11-07 11:07:00.000000 UTC,10.5484093316
2022-11-07 11:08:00.000000 UTC,10.598707529799999
2022-11-07 11:09:00.000000 UTC,10.503482001799998
2022-11-07 11:10:00.000000 UTC,11.0947500746
2022-11-07 11:11:00.000000 UTC,10.705752043799999
2022-11-07 11:12:00.000000 UTC,11.090012434
2022-11-07 11:13:00.000000 UTC,10.9475887528
2022-11-07 11:14:00.000000 UTC,11.0717130386
2022-11-07 11:15:00.000000 UTC,11.048611353799998
2022-11-07 11:16:00.000000 UTC,11.1729908708
2022-11-07 11:17:00.000000 UTC,10.714155526799999
2022-11-07 11:18:00.000000 UTC,11.1183306662
2022-11-07 11:19:00.000000 UTC,10.526123305799999
2022-11-07 11:20:00.000000 UTC,10.850825926399999
2022-11-07 11:21:00.000000 UTC,11.3602195054
2022-11-07 11:22:00.000000 UTC,11.382847804799999
2022-11-07 11:23:00.000000 UTC,11.783268110200002
2022-11-07 11:24:00.000000 UTC,11.261477341
2022-11-07 11:25:00.000000 UTC,11.215579399600001
2022-11-07 11:26:00.000000 UTC,11.2952588928
2022-11-07 11:27:00.000000 UTC,11.7493694622
2022-11-07 11:28:00.000000 UTC,13.0788037354
2022-11-07 11:29:00.000000 UTC,11.600727850799998
2022-11-07 11:30:00.000000 UTC,11.2285111686
2022-11-07 11:31:00.000000 UTC,11.097816757
2022-11-07 11:32:00.000000 UTC,11.4849538024
2022-11-07 11:33:00.000000 UTC,11.071139832
2022-11-07 11:34:00.000000 UTC,10.4772364274
2022-11-07 11:35:00.000000 UTC,11.053468109799999
2022-11-07 11:36:00.000000 UTC,10.485760437200002
2022-11-07 11:37:00.000000 UTC,11.017076294799999
2022-11-07 11:38:00.000000 UTC,10.7612939466
2022-11-07 11:39:00.000000 UTC,10.9511322334
2022-11-07 11:40:00.000000 UTC,11.205349405200002
2022-11-07 11:41:00.000000 UTC,10.832419341200001
2022-11-07 11:42:00.000000 UTC,11.4402391668
2022-11-07 11:43:00.000000 UTC,10.4081543154
2022-11-07 11:44:00.000000 UTC,11.4645968334
2022-11-07 11:45:00.000000 UTC,10.9220233224
2022-11-07 11:46:00.000000 UTC,10.5787817816
2022-11-07 11:47:00.000000 UTC,10.7658457054
2022-11-07 11:48:00.000000 UTC,11.3995143714
2022-11-07 11:49:00.000000 UTC,10.647776389399999
2022-11-07 11:50:00.000000 UTC,10.4497731444
2022-11-07 11:51:00.000000 UTC,10.1152413336
2022-11-07 11:52:00.000000 UTC,10.37173517
2022-11-07 11:53:00.000000 UTC,10.791945723200001
2022-11-07 11:54:00.000000 UTC,10.420604882200001
2022-11-07 11:55:00.000000 UTC,11.6986220492
2022-11-07 11:56:00.000000 UTC,11.280836751799999
2022-11-07 11:57:00.000000 UTC,11.0611803444
2022-11-07 11:58:00.000000 UTC,12.426914637200001
2022-11-07 11:59:00.000000 UTC,12.0614640098
2022-11-07 12:00:00.000000 UTC,13.0452119826
2022-11-07 12:01:00.000000 UTC,17.5956804964
2022-11-07 12:02:00.000000 UTC,23.7000336698
2022-11-07 12:03:00.000000 UTC,28.498060554400002
2022-11-07 12:04:00.000000 UTC,28.885715230400002
2022-11-07 12:05:00.000000 UTC,26.7727054486
2022-11-07 12:06:00.000000 UTC,25.481242990200002
2022-11-07 12:07:00.000000 UTC,22.2221014212
2022-11-07 12:08:00.000000 UTC,18.869272748599997
2022-11-07 12:09:00.000000 UTC,21.6494843526
2022-11-07 12:10:00.000000 UTC,20.7775323838
2022-11-07 12:11:00.000000 UTC,19.7129190178
2022-11-07 12:12:00.000000 UTC,18.7360330988
2022-11-07 12:13:00.000000 UTC,17.2910355944
2022-11-07 12:14:00.000000 UTC,15.3053379476
2022-11-07 12:15:00.000000 UTC,14.117441559
2022-11-07 12:16:00.000000 UTC,14.982749175799999
2022-11-07 12:17:00.000000 UTC,16.961458992
2022-11-07 12:18:00.000000 UTC,18.772610146799998
2022-11-07 12:19:00.000000 UTC,19.2302608548
2022-11-07 12:20:00.000000 UTC,18.0983311442
2022-11-07 12:21:00.000000 UTC,18.2965715448
2022-11-07 12:22:00.000000 UTC,17.0033944618
2022-11-07 12:23:00.000000 UTC,15.4700574978
2022-11-07 12:24:00.000000 UTC,14.733266468
2022-11-07 12:25:00.000000 UTC,14.4873425544
2022-11-07 12:26:00.000000 UTC,14.235983525
2022-11-07 12:27:00.000000 UTC,13.1418291338
2022-11-07 12:28:00.000000 UTC,12.8733620246
2022-11-07 12:29:00.000000 UTC,13.0324593026
2022-11-07 12:30:00.000000 UTC,13.816337192
2022-11-07 12:31:00.000000 UTC,13.5115493236
2022-11-07 12:32:00.000000 UTC,14.0614248534
2022-11-07 12:33:00.000000 UTC,12.7999934818
2022-11-07 12:34:00.000000 UTC,13.306932524399999
2022-11-07 12:35:00.000000 UTC,12.3612515322
2022-11-07 12:36:00.000000 UTC,12.0852634538
2022-11-07 12:37:00.000000 UTC,11.6712479458
2022-11-07 12:38:00.000000 UTC,12.42982694725
2022-11-07 12:39:00.000000 UTC,13.0545805598
2022-11-07 12:40:00.000000 UTC,12.854572655
2022-11-07 12:41:00.000000 UTC,12.8606603844
2022-11-07 12:42:00.000000 UTC,12.160492459799999
2022-11-07 12:43:00.000000 UTC,12.4545416128
2022-11-07 12:44:00.000000 UTC,12.085312242399999
2022-11-07 12:45:00.000000 UTC,12.9088324084
2022-11-07 12:46:00.000000 UTC,12.2302807316
2022-11-07 12:47:00.000000 UTC,11.507326618799999
2022-11-07 12:48:00.000000 UTC,11.7268649998
2022-11-07 12:49:00.000000 UTC,11.370883754200001
2022-11-07 12:50:00.000000 UTC,11.506491907600001
2022-11-07 12:51:00.000000 UTC,11.7420955156
2022-11-07 12:52:00.000000 UTC,11.335370345600001
2022-11-07 12:53:00.000000 UTC,11.812965093799999
2022-11-07 12:54:00.000000 UTC,10.9865613818
2022-11-07 12:55:00.000000 UTC,10.6284954984
2022-11-07 12:56:00.000000 UTC,11.447781546
2022-11-07 12:57:00.000000 UTC,10.8578602408
2022-11-07 12:58:00.000000 UTC,11.715257619600001
2022-11-07 12:59:00.000000 UTC,12.838098944799999
2022-11-07 13:00:00.000000 UTC,16.3437751262
2022-11-07 13:01:00.000000 UTC,26.7870878294
2022-11-07 13:02:00.000000 UTC,30.0882508822
2022-11-07 13:03:00.000000 UTC,29.646590336
2022-11-07 13:04:00.000000 UTC,28.6206133592
2022-11-07 13:05:00.000000 UTC,28.5401962312
2022-11-07 13:06:00.000000 UTC,28.6612744554
2022-11-07 13:07:00.000000 UTC,27.104914310599998
2022-11-07 13:08:00.000000 UTC,27.0580406708
2022-11-07 13:09:00.000000 UTC,25.2247673378
2022-11-07 13:10:00.000000 UTC,25.107018114
2022-11-07 13:11:00.000000 UTC,24.580262700200002
2022-11-07 13:12:00.000000 UTC,23.6562064508
2022-11-07 13:13:00.000000 UTC,23.884481219799998
2022-11-07 13:14:00.000000 UTC,23.234061001599997
2022-11-07 13:15:00.000000 UTC,21.738962168
2022-11-07 13:16:00.000000 UTC,21.549951037400003
2022-11-07 13:17:00.000000 UTC,19.544983290599998
2022-11-07 13:18:00.000000 UTC,20.837505775
2022-11-07 13:19:00.000000 UTC,18.9077785976
2022-11-07 13:20:00.000000 UTC,17.7035059016
2022-11-07 13:21:00.000000 UTC,18.1369522464
2022-11-07 13:22:00.000000 UTC,19.4934731336
2022-11-07 13:23:00.000000 UTC,20.4901232318
2022-11-07 13:24:00.000000 UTC,20.5515418128
2022-11-07 13:25:00.000000 UTC,20.468890680799998
2022-11-07 13:26:00.000000 UTC,20.017717218
2022-11-07 13:27:00.000000 UTC,19.642472332
2022-11-07 13:28:00.000000 UTC,20.421214067799998
2022-11-07 13:29:00.000000 UTC,21.374419447799998
2022-11-07 13:30:00.000000 UTC,21.1714547832
2022-11-07 13:31:00.000000 UTC,20.554514212
2022-11-07 13:32:00.000000 UTC,20.372711105
2022-11-07 13:33:00.000000 UTC,19.5313311776
2022-11-07 13:34:00.000000 UTC,22.9145485604
2022-11-07 13:35:00.000000 UTC,28.4530521298
2022-11-07 13:36:00.000000 UTC,30.1293587218
2022-11-07 13:37:00.000000 UTC,33.622542864
2022-11-07 13:38:00.000000 UTC,36.123123402800005
2022-11-07 13:39:00.000000 UTC,39.10876743
2022-11-07 13:40:00.000000 UTC,44.551602686
2022-11-07 13:41:00.000000 UTC,45.848275087800005
2022-11-07 13:42:00.000000 UTC,43.9160599518
2022-11-07 13:43:00.000000 UTC,40.339944270400004
2022-11-07 13:44:00.000000 UTC,37.2139200544
2022-11-07 13:45:00.000000 UTC,40.0690737724
2022-11-07 13:46:00.000000 UTC,39.7228980718
2022-11-07 13:47:00.000000 UTC,39.8190165728
2022-11-07 13:48:00.000000 UTC,37.711560999
2022-11-07 13:49:00.000000 UTC,37.064811879199993
2022-11-07 13:50:00.000000 UTC,33.2301390128
2022-11-07 13:51:00.000000 UTC,30.5540830522
2022-11-07 13:52:00.000000 UTC,32.4781422352
2022-11-07 13:53:00.000000 UTC,30.091688019400003
2022-11-07 13:54:00.000000 UTC,26.8719797814
2022-11-07 13:55:00.000000 UTC,26.133667543599998
2022-11-07 13:56:00.000000 UTC,26.196857301599998
2022-11-07 13:57:00.000000 UTC,25.4511657468
2022-11-07 13:58:00.000000 UTC,25.8679281726
2022-11-07 13:59:00.000000 UTC,25.7812854334
2022-11-07 14:00:00.000000 UTC,29.943519946400002
2022-11-07 14:01:00.000000 UTC,38.335156267
2022-11-07 14:02:00.000000 UTC,59.1903604794
2022-11-07 14:03:00.000000 UTC,86.2910704264
2022-11-07 14:04:00.000000 UTC,92.973361236600013
2022-11-07 14:05:00.000000 UTC,89.126673184600008
2022-11-07 14:06:00.000000 UTC,84.969964937
2022-11-07 14:07:00.000000 UTC,77.6539705858
2022-11-07 14:08:00.000000 UTC,71.801274378199992
2022-11-07 14:09:00.000000 UTC,71.200163500600013
2022-11-07 14:10:00.000000 UTC,65.609447798
2022-11-07 14:11:00.000000 UTC,65.824568825
2022-11-07 14:12:00.000000 UTC,62.9444787994
2022-11-07 14:13:00.000000 UTC,60.1335355086
2022-11-07 14:14:00.000000 UTC,57.6276169724
2022-11-07 14:15:00.000000 UTC,54.2968248082
2022-11-07 14:16:00.000000 UTC,54.8981348
2022-11-07 14:17:00.000000 UTC,55.4662721118
2022-11-07 14:18:00.000000 UTC,53.4936469352
2022-11-07 14:19:00.000000 UTC,51.0968373958
2022-11-07 14:20:00.000000 UTC,47.7026060098
2022-11-07 14:21:00.000000 UTC,45.130597750199996
2022-11-07 14:22:00.000000 UTC,44.4375143546
2022-11-07 14:23:00.000000 UTC,41.000771162599996
2022-11-07 14:24:00.000000 UTC,39.751113689
2022-11-07 14:25:00.000000 UTC,38.142822536
2022-11-07 14:26:00.000000 UTC,36.8465275096
2022-11-07 14:27:00.000000 UTC,35.0356403758
2022-11-07 14:28:00.000000 UTC,33.3023390352
2022-11-07 14:29:00.000000 UTC,31.5111642538
2022-11-07 14:30:00.000000 UTC,34.425455735199996
2022-11-07 14:31:00.000000 UTC,41.7018908134
2022-11-07 14:32:00.000000 UTC,42.698420350199996
2022-11-07 14:33:00.000000 UTC,37.600031097800006
2022-11-07 14:34:00.000000 UTC,36.4004165276
2022-11-07 14:35:00.000000 UTC,33.9011300038
2022-11-07 14:36:00.000000 UTC,33.969504816400004
2022-11-07 14:37:00.000000 UTC,35.848338651599995
2022-11-07 14:38:00.000000 UTC,33.4673761128
2022-11-07 14:39:00.000000 UTC,32.9715258426
2022-11-07 14:40:00.000000 UTC,31.876458595
2022-11-07 14:41:00.000000 UTC,31.632546279400003
2022-11-07 14:42:00.000000 UTC,31.49782683975
2022-11-07 14:43:00.000000 UTC,32.4247395052
2022-11-07 14:44:00.000000 UTC,30.8882869014
2022-11-07 14:45:00.000000 UTC,31.6578244442
2022-11-07 14:46:00.000000 UTC,32.910451308599995
2022-11-07 14:47:00.000000 UTC,31.815711152
2022-11-07 14:48:00.000000 UTC,30.214767797
2022-11-07 14:49:00.000000 UTC,29.426850478200002
2022-11-07 14:50:00.000000 UTC,29.284906373200002
2022-11-07 14:51:00.000000 UTC,27.5577968738
2022-11-07 14:52:00.000000 UTC,27.0206965152
2022-11-07 14:53:00.000000 UTC,26.6305852182
2022-11-07 14:54:00.000000 UTC,24.8064911828
2022-11-07 14:55:00.000000 UTC,26.542404891
2022-11-07 14:56:00.000000 UTC,27.7435465828
2022-11-07 14:57:00.000000 UTC,26.527168153599998
2022-11-07 14:58:00.000000 UTC,25.6801398436
2022-11-07 14:59:00.000000 UTC,24.2696941918
2022-11-07 15:00:00.000000 UTC,25.3217922804
2022-11-07 15:01:00.000000 UTC,29.5996361738
2022-11-07 15:02:00.000000 UTC,29.934718781
2022-11-07 15:03:00.000000 UTC,27.9745200478
2022-11-07 15:04:00.000000 UTC,26.0461408882
2022-11-07 15:05:00.000000 UTC,26.1688860014
2022-11-07 15:06:00.000000 UTC,25.528289458400003
2022-11-07 15:07:00.000000 UTC,26.1962803996
2022-11-07 15:08:00.000000 UTC,24.7853469512
2022-11-07 15:09:00.000000 UTC,22.731587441
2022-11-07 15:10:00.000000 UTC,24.5778937576
2022-11-07 15:11:00.000000 UTC,22.7226940148
2022-11-07 15:12:00.000000 UTC,21.179537977
2022-11-07 15:13:00.000000 UTC,20.725247892
2022-11-07 15:14:00.000000 UTC,20.461602212400003
2022-11-07 15:15:00.000000 UTC,21.1509712974
2022-11-07 15:16:00.000000 UTC,21.415383986400002
2022-11-07 15:17:00.000000 UTC,22.985842813599998
2022-11-07 15:18:00.000000 UTC,23.3081124332
2022-11-07 15:19:00.000000 UTC,23.233127911599997
2022-11-07 15:20:00.000000 UTC,23.3952238752
2022-11-07 15:21:00.000000 UTC,22.7170992728
2022-11-07 15:22:00.000000 UTC,21.011433623400002
2022-11-07 15:23:00.000000 UTC,20.847279345
2022-11-07 15:24:00.000000 UTC,21.0787593312
2022-11-07 15:25:00.000000 UTC,22.246746554599998
2022-11-07 15:26:00.000000 UTC,21.107088219799998
2022-11-07 15:27:00.000000 UTC,21.85059639
2022-11-07 15:28:00.000000 UTC,22.0206546358
2022-11-07 15:29:00.000000 UTC,21.9616318622
2022-11-07 15:30:00.000000 UTC,24.394024643
2022-11-07 15:31:00.000000 UTC,25.312507484
2022-11-07 15:32:00.000000 UTC,23.4106329168
2022-11-07 15:33:00.000000 UTC,24.181878462599997
2022-11-07 15:34:00.000000 UTC,23.6354426362
2022-11-07 15:35:00.000000 UTC,24.7694604298
2022-11-07 15:36:00.000000 UTC,26.2073209722
2022-11-07 15:37:00.000000 UTC,28.0062576526
2022-11-07 15:38:00.000000 UTC,28.557466857799998
2022-11-07 15:39:00.000000 UTC,27.8228749684
2022-11-07 15:40:00.000000 UTC,28.6083990505
2022-11-07 15:41:00.000000 UTC,30.1261213108
2022-11-07 15:42:00.000000 UTC,29.952881682799998
2022-11-07 15:43:00.000000 UTC,29.4049420952
2022-11-07 15:44:00.000000 UTC,28.503042126
2022-11-07 15:45:00.000000 UTC,28.7346301296
2022-11-07 15:46:00.000000 UTC,28.484258759
2022-11-07 15:47:00.000000 UTC,28.546680323
2022-11-07 15:48:00.000000 UTC,27.8379469684
2022-11-07 15:49:00.000000 UTC,27.6164747874
2022-11-07 15:50:00.000000 UTC,26.946050843400002
2022-11-07 15:51:00.000000 UTC,27.972773586200002
2022-11-07 15:52:00.000000 UTC,26.940789341200002
2022-11-07 15:53:00.000000 UTC,29.5574725058
2022-11-07 15:54:00.000000 UTC,29.475443584599997
2022-11-07 15:55:00.000000 UTC,30.521171199599998
2022-11-07 15:56:00.000000 UTC,30.9341372476
2022-11-07 15:57:00.000000 UTC,30.9737643112
2022-11-07 15:58:00.000000 UTC,31.067481699400002
2022-11-07 15:59:00.000000 UTC,31.678966169200002
2022-11-07 16:00:00.000000 UTC,35.5131126388
2022-11-07 16:01:00.000000 UTC,35.7959105716
2022-11-07 16:02:00.000000 UTC,37.295369088
2022-11-07 16:03:00.000000 UTC,35.0841085344
2022-11-07 16:04:00.000000 UTC,36.207888074
2022-11-07 16:05:00.000000 UTC,34.0812244644
2022-11-07 16:06:00.000000 UTC,33.281134236599996
2022-11-07 16:07:00.000000 UTC,30.8222822418
2022-11-07 16:08:00.000000 UTC,30.4381627932
2022-11-07 16:09:00.000000 UTC,29.1074553586
2022-11-07 16:10:00.000000 UTC,27.202273696
2022-11-07 16:11:00.000000 UTC,26.8720317784
2022-11-07 16:12:00.000000 UTC,25.6551600856
2022-11-07 16:13:00.000000 UTC,25.758985800599998
2022-11-07 16:14:00.000000 UTC,25.6249785706
2022-11-07 16:15:00.000000 UTC,25.0204502602
2022-11-07 16:16:00.000000 UTC,23.4606245754
2022-11-07 16:17:00.000000 UTC,22.822869833400002
2022-11-07 16:18:00.000000 UTC,22.048955449
2022-11-07 16:19:00.000000 UTC,21.4045277022
2022-11-07 16:20:00.000000 UTC,21.5190632186
2022-11-07 16:21:00.000000 UTC,21.311453439
2022-11-07 16:22:00.000000 UTC,21.5642427294
2022-11-07 16:23:00.000000 UTC,21.7745183832
2022-11-07 16:24:00.000000 UTC,23.1810322082
2022-11-07 16:25:00.000000 UTC,22.7492212794
2022-11-07 16:26:00.000000 UTC,21.6024195392
2022-11-07 16:27:00.000000 UTC,20.799425871599997
2022-11-07 16:28:00.000000 UTC,21.2189037258
2022-11-07 16:29:00.000000 UTC,22.490694273400003
2022-11-07 16:30:00.000000 UTC,21.7711578606
2022-11-07 16:31:00.000000 UTC,21.475299572
2022-11-07 16:32:00.000000 UTC,21.005334869400002
2022-11-07 16:33:00.000000 UTC,22.5806033366
2022-11-07 16:34:00.000000 UTC,22.896655264400003
2022-11-07 16:35:00.000000 UTC,21.3373988684
2022-11-07 16:36:00.000000 UTC,21.53373287
2022-11-07 16:37:00.000000 UTC,19.9209445894
2022-11-07 16:38:00.000000 UTC,22.3223664336
2022-11-07 16:39:00.000000 UTC,21.2814532572
2022-11-07 16:40:00.000000 UTC,21.0176660284
2022-11-07 16:41:00.000000 UTC,21.3922315702
2022-11-07 16:42:00.000000 UTC,22.1574650006
2022-11-07 16:43:00.000000 UTC,21.532770441
2022-11-07 16:44:00.000000 UTC,22.028174879
2022-11-07 16:45:00.000000 UTC,22.4021882912
2022-11-07 16:46:00.000000 UTC,26.4515597216
2022-11-07 16:47:00.000000 UTC,28.943647772200002
2022-11-07 16:48:00.000000 UTC,27.8804681002
2022-11-07 16:49:00.000000 UTC,25.7658261656
2022-11-07 16:50:00.000000 UTC,24.588391047400002
2022-11-07 16:51:00.000000 UTC,25.88481932
2022-11-07 16:52:00.000000 UTC,23.452679231799998
2022-11-07 16:53:00.000000 UTC,22.457921536
2022-11-07 16:54:00.000000 UTC,23.381062869
2022-11-07 16:55:00.000000 UTC,21.5283759236
2022-11-07 16:56:00.000000 UTC,20.5945524442
2022-11-07 16:57:00.000000 UTC,20.628663259
2022-11-07 16:58:00.000000 UTC,20.999530880200002
2022-11-07 16:59:00.000000 UTC,20.0699487086
2022-11-07 17:00:00.000000 UTC,22.8647405108
2022-11-07 17:01:00.000000 UTC,26.9076032504
2022-11-07 17:02:00.000000 UTC,26.0356269582
2022-11-07 17:03:00.000000 UTC,24.235295860599997
2022-11-07 17:04:00.000000 UTC,21.6807262028
2022-11-07 17:05:00.000000 UTC,20.504001614
2022-11-07 17:06:00.000000 UTC,20.111222315400003
2022-11-07 17:07:00.000000 UTC,21.860442835
2022-11-07 17:08:00.000000 UTC,21.2741064716
2022-11-07 17:09:00.000000 UTC,19.6469805622
2022-11-07 17:10:00.000000 UTC,21.5091572138
2022-11-07 17:11:00.000000 UTC,20.4159561552
2022-11-07 17:12:00.000000 UTC,19.308639078
2022-11-07 17:13:00.000000 UTC,19.0665003148
2022-11-07 17:14:00.000000 UTC,17.8084166798
2022-11-07 17:15:00.000000 UTC,17.815997859400003
2022-11-07 17:16:00.000000 UTC,17.5090831318
2022-11-07 17:17:00.000000 UTC,18.0544121152
2022-11-07 17:18:00.000000 UTC,18.096121161
2022-11-07 17:19:00.000000 UTC,16.8603867914
2022-11-07 17:20:00.000000 UTC,16.6800231562
2022-11-07 17:21:00.000000 UTC,16.5722317452
2022-11-07 17:22:00.000000 UTC,16.7144818998
2022-11-07 17:23:00.000000 UTC,15.9640359582
2022-11-07 17:24:00.000000 UTC,16.2870392142
2022-11-07 17:25:00.000000 UTC,15.556974864799999
2022-11-07 17:26:00.000000 UTC,15.466788685
2022-11-07 17:27:00.000000 UTC,14.708427182600001
2022-11-07 17:28:00.000000 UTC,14.2644353844
2022-11-07 17:29:00.000000 UTC,14.247949772
2022-11-07 17:30:00.000000 UTC,14.979219478
2022-11-07 17:31:00.000000 UTC,16.28418377575
2022-11-07 17:32:00.000000 UTC,18.146904123
2022-11-07 17:33:00.000000 UTC,18.4059900498
2022-11-07 17:34:00.000000 UTC,18.1953728088
2022-11-07 17:35:00.000000 UTC,16.552445074
2022-11-07 17:36:00.000000 UTC,17.286966665599998
2022-11-07 17:37:00.000000 UTC,17.8154488098
2022-11-07 17:38:00.000000 UTC,17.1867550262
2022-11-07 17:39:00.000000 UTC,16.6204839912
2022-11-07 17:40:00.000000 UTC,16.6396653056
2022-11-07 17:41:00.000000 UTC,16.6504204652
2022-11-07 17:42:00.000000 UTC,16.547821765
2022-11-07 17:43:00.000000 UTC,15.449155490799999
2022-11-07 17:44:00.000000 UTC,17.014243422
2022-11-07 17:45:00.000000 UTC,15.577061713600001
2022-11-07 17:46:00.000000 UTC,15.8036383026
2022-11-07 17:47:00.000000 UTC,15.2447891394
2022-11-07 17:48:00.000000 UTC,15.384582132799999
2022-11-07 17:49:00.000000 UTC,15.5479074702
2022-11-07 17:50:00.000000 UTC,16.0226452728
2022-11-07 17:51:00.000000 UTC,17.0389912282
2022-11-07 17:52:00.000000 UTC,16.2993805278
2022-11-07 17:53:00.000000 UTC,18.497394357599998
2022-11-07 17:54:00.000000 UTC,18.7158263798
2022-11-07 17:55:00.000000 UTC,17.041136296
2022-11-07 17:56:00.000000 UTC,16.641027564399998
2022-11-07 17:57:00.000000 UTC,16.5304423842
2022-11-07 17:58:00.000000 UTC,16.8969366754
2022-11-07 17:59:00.000000 UTC,17.2997268202
2022-11-07 18:00:00.000000 UTC,20.409142758
2022-11-07 18:01:00.000000 UTC,21.072296358
2022-11-07 18:02:00.000000 UTC,18.8879260808
2022-11-07 18:03:00.000000 UTC,17.5290494136
2022-11-07 18:04:00.000000 UTC,18.594186664400002
2022-11-07 18:05:00.000000 UTC,19.3011593542
2022-11-07 18:06:00.000000 UTC,17.7175098694
2022-11-07 18:07:00.000000 UTC,17.988238923
2022-11-07 18:08:00.000000 UTC,17.8636005658
2022-11-07 18:09:00.000000 UTC,17.992330213400002
2022-11-07 18:10:00.000000 UTC,18.379585342
2022-11-07 18:11:00.000000 UTC,19.264106858799998
2022-11-07 18:12:00.000000 UTC,18.1784268912
2022-11-07 18:13:00.000000 UTC,19.4474418416
2022-11-07 18:14:00.000000 UTC,22.062888747200002
2022-11-07 18:15:00.000000 UTC,20.911106005
2022-11-07 18:16:00.000000 UTC,21.255170273
2022-11-07 18:17:00.000000 UTC,22.188378453200002
2022-11-07 18:18:00.000000 UTC,20.2715822012
2022-11-07 18:19:00.000000 UTC,20.3908856032
2022-11-07 18:20:00.000000 UTC,19.1444511794
2022-11-07 18:21:00.000000 UTC,18.6084183162
2022-11-07 18:22:00.000000 UTC,20.5668462326
2022-11-07 18:23:00.000000 UTC,21.100338601599997
2022-11-07 18:24:00.000000 UTC,20.0068503392
2022-11-07 18:25:00.000000 UTC,19.708965251
2022-11-07 18:26:00.000000 UTC,17.9980610376
2022-11-07 18:27:00.000000 UTC,17.0618006136
2022-11-07 18:28:00.000000 UTC,17.3333812246
2022-11-07 18:29:00.000000 UTC,17.233695658
2022-11-07 18:30:00.000000 UTC,20.0640971118
2022-11-07 18:31:00.000000 UTC,23.5223234558
2022-11-07 18:32:00.000000 UTC,26.4957096116
2022-11-07 18:33:00.000000 UTC,29.5201446308
2022-11-07 18:34:00.000000 UTC,27.9204712854
2022-11-07 18:35:00.000000 UTC,30.5891623332
2022-11-07 18:36:00.000000 UTC,30.758003553400002
2022-11-07 18:37:00.000000 UTC,29.2835751572
2022-11-07 18:38:00.000000 UTC,30.862362783
2022-11-07 18:39:00.000000 UTC,31.223514227400003
2022-11-07 18:40:00.000000 UTC,29.615436896200002
2022-11-07 18:41:00.000000 UTC,28.178998403599998
2022-11-07 18:42:00.000000 UTC,27.095233690599997
2022-11-07 18:43:00.000000 UTC,24.8981138778
2022-11-07 18:44:00.000000 UTC,23.53314138
2022-11-07 18:45:00.000000 UTC,23.186498140799998
2022-11-07 18:46:00.000000 UTC,23.3219911908
2022-11-07 18:47:00.000000 UTC,22.419956305
2022-11-07 18:48:00.000000 UTC,22.373268519
2022-11-07 18:49:00.000000 UTC,22.253463682400003
2022-11-07 18:50:00.000000 UTC,20.6926009072
2022-11-07 18:51:00.000000 UTC,20.818531175
2022-11-07 18:52:00.000000 UTC,23.506940336
2022-11-07 18:53:00.000000 UTC,21.637561542
2022-11-07 18:54:00.000000 UTC,20.801319681200003
2022-11-07 18:55:00.000000 UTC,20.415432470200003
2022-11-07 18:56:00.000000 UTC,21.471874161200002
2022-11-07 18:57:00.000000 UTC,23.110868265599997
2022-11-07 18:58:00.000000 UTC,23.614256016200002
2022-11-07 18:59:00.000000 UTC,21.8942848402
2022-11-07 19:00:00.000000 UTC,22.940040232799998
2022-11-07 19:01:00.000000 UTC,22.5298507566
2022-11-07 19:02:00.000000 UTC,21.169547438
2022-11-07 19:03:00.000000 UTC,19.060358483
2022-11-07 19:04:00.000000 UTC,18.2756020074
2022-11-07 19:05:00.000000 UTC,17.7241975906
2022-11-07 19:06:00.000000 UTC,17.231180389200002
2022-11-07 19:07:00.000000 UTC,18.4828215902
2022-11-07 19:08:00.000000 UTC,20.6952691256
2022-11-07 19:09:00.000000 UTC,19.363002993400002
2022-11-07 19:10:00.000000 UTC,19.157150474599998
2022-11-07 19:11:00.000000 UTC,18.938675786799998
2022-11-07 19:12:00.000000 UTC,17.4845062498
2022-11-07 19:13:00.000000 UTC,17.9255854168
2022-11-07 19:14:00.000000 UTC,16.5018322686
2022-11-07 19:15:00.000000 UTC,16.5610474662
2022-11-07 19:16:00.000000 UTC,16.080935844
2022-11-07 19:17:00.000000 UTC,17.798129063
2022-11-07 19:18:00.000000 UTC,16.636696809
2022-11-07 19:19:00.000000 UTC,15.6615301214
2022-11-07 19:20:00.000000 UTC,15.343990684200001
2022-11-07 19:21:00.000000 UTC,19.206386462
2022-11-07 19:22:00.000000 UTC,23.7032619128
2022-11-07 19:23:00.000000 UTC,23.607415114400002
2022-11-07 19:24:00.000000 UTC,23.389272074599997
2022-11-07 19:25:00.000000 UTC,22.4412519298
2022-11-07 19:26:00.000000 UTC,22.5320973326
2022-11-07 19:27:00.000000 UTC,23.1694217696
2022-11-07 19:28:00.000000 UTC,21.945275893799998
2022-11-07 19:29:00.000000 UTC,21.7483659852
2022-11-07 19:30:00.000000 UTC,22.107294249400002
2022-11-07 19:31:00.000000 UTC,22.082999874200002
2022-11-07 19:32:00.000000 UTC,22.987894616
2022-11-07 19:33:00.000000 UTC,23.489105444
2022-11-07 19:34:00.000000 UTC,25.293597514
2022-11-07 19:35:00.000000 UTC,26.291247510799998
2022-11-07 19:36:00.000000 UTC,27.357956764
2022-11-07 19:37:00.000000 UTC,27.772432009
2022-11-07 19:38:00.000000 UTC,25.8993151848
2022-11-07 19:39:00.000000 UTC,26.013164914599997
2022-11-07 19:40:00.000000 UTC,29.52653835
2022-11-07 19:41:00.000000 UTC,27.4967197938
2022-11-07 19:42:00.000000 UTC,26.8893014878
2022-11-07 19:43:00.000000 UTC,25.714944209400002
2022-11-07 19:44:00.000000 UTC,24.4458092838
2022-11-07 19:45:00.000000 UTC,23.8080744516
2022-11-07 19:46:00.000000 UTC,21.6657915828
2022-11-07 19:47:00.000000 UTC,21.023144743400003
2022-11-07 19:48:00.000000 UTC,20.1921854538
2022-11-07 19:49:00.000000 UTC,19.0694734808
2022-11-07 19:50:00.000000 UTC,18.858341259
2022-11-07 19:51:00.000000 UTC,19.8292275752
2022-11-07 19:52:00.000000 UTC,19.1687645122
2022-11-07 19:53:00.000000 UTC,18.3107180988
2022-11-07 19:54:00.000000 UTC,18.354173906
2022-11-07 19:55:00.000000 UTC,19.489489962
2022-11-07 19:56:00.000000 UTC,19.289205729400003
2022-11-07 19:57:00.000000 UTC,18.044286575599997
2022-11-07 19:58:00.000000 UTC,17.897178821599997
2022-11-07 19:59:00.000000 UTC,17.7409374464
2022-11-07 20:00:00.000000 UTC,18.041149219599998
2022-11-07 20:01:00.000000 UTC,20.013632419599997
2022-11-07 20:02:00.000000 UTC,19.480908503400002
2022-11-07 20:03:00.000000 UTC,20.1890526492
2022-11-07 20:04:00.000000 UTC,34.0524072178
2022-11-07 20:05:00.000000 UTC,61.320182854
2022-11-07 20:06:00.000000 UTC,68.3312113052
2022-11-07 20:07:00.000000 UTC,53.625016699
2022-11-07 20:08:00.000000 UTC,43.1631952986
2022-11-07 20:09:00.000000 UTC,38.1198045956
2022-11-07 20:10:00.000000 UTC,33.9265765068
2022-11-07 20:11:00.000000 UTC,31.5082688132
2022-11-07 20:12:00.000000 UTC,29.0289382428
2022-11-07 20:13:00.000000 UTC,27.7402190118
2022-11-07 20:14:00.000000 UTC,25.8968954638
2022-11-07 20:15:00.000000 UTC,27.3745572328
2022-11-07 20:16:00.000000 UTC,25.704824176400003
2022-11-07 20:17:00.000000 UTC,25.72378393
2022-11-07 20:18:00.000000 UTC,24.153058843
2022-11-07 20:19:00.000000 UTC,25.334018482799998
2022-11-07 20:20:00.000000 UTC,22.9160518672
2022-11-07 20:21:00.000000 UTC,20.344204611200002
2022-11-07 20:22:00.000000 UTC,18.9936750298
2022-11-07 20:23:00.000000 UTC,19.2503263108
2022-11-07 20:24:00.000000 UTC,19.249253810400003
2022-11-07 20:25:00.000000 UTC,18.8370922104
2022-11-07 20:26:00.000000 UTC,18.453637270599998
2022-11-07 20:27:00.000000 UTC,18.882010434
2022-11-07 20:28:00.000000 UTC,17.7214389976
2022-11-07 20:29:00.000000 UTC,17.8434925192
2022-11-07 20:30:00.000000 UTC,18.500759123799998
2022-11-07 20:31:00.000000 UTC,19.5303558182
2022-11-07 20:32:00.000000 UTC,18.5101772518
2022-11-07 20:33:00.000000 UTC,18.6690406102
2022-11-07 20:34:00.000000 UTC,18.0835725048
2022-11-07 20:35:00.000000 UTC,18.3775832412
2022-11-07 20:36:00.000000 UTC,18.2063207944
2022-11-07 20:37:00.000000 UTC,17.9199539428
2022-11-07 20:38:00.000000 UTC,18.9833741764
2022-11-07 20:39:00.000000 UTC,19.071207738
2022-11-07 20:40:00.000000 UTC,18.773235780599997
2022-11-07 20:41:00.000000 UTC,18.6936233168
2022-11-07 20:42:00.000000 UTC,17.680007118200002
2022-11-07 20:43:00.000000 UTC,17.3372682884
2022-11-07 20:44:00.000000 UTC,16.9135697342
2022-11-07 20:45:00.000000 UTC,20.0775902748
2022-11-07 20:46:00.000000 UTC,21.516538647599997
2022-11-07 20:47:00.000000 UTC,21.801970821599998
2022-11-07 20:48:00.000000 UTC,20.099753238
2022-11-07 20:49:00.000000 UTC,19.432409067400002
2022-11-07 20:50:00.000000 UTC,18.574097311400003
2022-11-07 20:51:00.000000 UTC,18.151900381
2022-11-07 20:52:00.000000 UTC,17.609929960200002
2022-11-07 20:53:00.000000 UTC,17.080863395399998
2022-11-07 20:54:00.000000 UTC,16.2228001742
2022-11-07 20:55:00.000000 UTC,15.4171233856
2022-11-07 20:56:00.000000 UTC,15.7759307212
2022-11-07 20:57:00.000000 UTC,16.4026300064
2022-11-07 20:58:00.000000 UTC,18.2725516316
2022-11-07 20:59:00.000000 UTC,18.7505682396
2022-11-07 21:00:00.000000 UTC,19.237495012
2022-11-07 21:01:00.000000 UTC,19.620677567799998
2022-11-07 21:02:00.000000 UTC,19.886447051799998
2022-11-07 21:03:00.000000 UTC,19.2554956036
2022-11-07 21:04:00.000000 UTC,19.5110456025
2022-11-07 21:05:00.000000 UTC,18.306349211
2022-11-07 21:06:00.000000 UTC,18.2155049108
2022-11-07 21:07:00.000000 UTC,17.7202502184
2022-11-07 21:08:00.000000 UTC,18.027727902
2022-11-07 21:09:00.000000 UTC,19.6667447975
2022-11-07 21:10:00.000000 UTC,19.9619548778
2022-11-07 21:11:00.000000 UTC,19.5890950002
2022-11-07 21:12:00.000000 UTC,18.369311773
2022-11-07 21:13:00.000000 UTC,17.643252756400003
2022-11-07 21:14:00.000000 UTC,16.9697001536
2022-11-07 21:15:00.000000 UTC,16.3561243286
2022-11-07 21:16:00.000000 UTC,15.468204679
2022-11-07 21:17:00.000000 UTC,16.8657262706
2022-11-07 21:18:00.000000 UTC,17.1926197434
2022-11-07 21:19:00.000000 UTC,16.4914659712
2022-11-07 21:20:00.000000 UTC,15.750510738200001
2022-11-07 21:21:00.000000 UTC,16.0237467468
2022-11-07 21:22:00.000000 UTC,17.0903245774
2022-11-07 21:23:00.000000 UTC,16.7096278834
2022-11-07 21:24:00.000000 UTC,15.548123482
2022-11-07 21:25:00.000000 UTC,15.087884822200001
2022-11-07 21:26:00.000000 UTC,15.8793295894
2022-11-07 21:27:00.000000 UTC,16.8741457992
2022-11-07 21:28:00.000000 UTC,17.4225877854
2022-11-07 21:29:00.000000 UTC,16.8524517174
2022-11-07 21:30:00.000000 UTC,16.5641671176
2022-11-07 21:31:00.000000 UTC,18.010296926
2022-11-07 21:32:00.000000 UTC,16.9646865746
2022-11-07 21:33:00.000000 UTC,17.5665736488
2022-11-07 21:34:00.000000 UTC,16.841261036200002
2022-11-07 21:35:00.000000 UTC,16.681088587
2022-11-07 21:36:00.000000 UTC,17.8704028726
2022-11-07 21:37:00.000000 UTC,18.033544644
2022-11-07 21:38:00.000000 UTC,17.541048233599998
2022-11-07 21:39:00.000000 UTC,17.3158803322
2022-11-07 21:40:00.000000 UTC,17.9842226184
2022-11-07 21:41:00.000000 UTC,17.5610643312
2022-11-07 21:42:00.000000 UTC,17.6629470162
2022-11-07 21:43:00.000000 UTC,17.354173669599998
2022-11-07 21:44:00.000000 UTC,17.1578132936
2022-11-07 21:45:00.000000 UTC,17.206818306
2022-11-07 21:46:00.000000 UTC,16.8657095586
2022-11-07 21:47:00.000000 UTC,17.136930914
2022-11-07 21:48:00.000000 UTC,16.3472701324
2022-11-07 21:49:00.000000 UTC,16.5194773396
2022-11-07 21:50:00.000000 UTC,16.213907719799998
2022-11-07 21:51:00.000000 UTC,16.863101419
2022-11-07 21:52:00.000000 UTC,17.2957895538
2022-11-07 21:53:00.000000 UTC,17.032847706
2022-11-07 21:54:00.000000 UTC,18.251403053599997
2022-11-07 21:55:00.000000 UTC,18.3742325768
2022-11-07 21:56:00.000000 UTC,18.3403609924
2022-11-07 21:57:00.000000 UTC,17.7249149526
2022-11-07 21:58:00.000000 UTC,17.3565910562
2022-11-07 21:59:00.000000 UTC,17.8194056286
2022-11-07 22:00:00.000000 UTC,17.658307869799998
2022-11-07 22:01:00.000000 UTC,17.965815098
2022-11-07 22:02:00.000000 UTC,17.622953767400002
2022-11-07 22:03:00.000000 UTC,18.836913886799998
2022-11-07 22:04:00.000000 UTC,19.115537839799998
2022-11-07 22:05:00.000000 UTC,19.419135864799998
2022-11-07 22:06:00.000000 UTC,19.174117160799998
2022-11-07 22:07:00.000000 UTC,19.389189718
2022-11-07 22:08:00.000000 UTC,19.7120751548
2022-11-07 22:09:00.000000 UTC,19.4290958378
2022-11-07 22:10:00.000000 UTC,18.8510628516
2022-11-07 22:11:00.000000 UTC,18.2093486678
2022-11-07 22:12:00.000000 UTC,18.011734299599997
2022-11-07 22:13:00.000000 UTC,18.350393704400002
2022-11-07 22:14:00.000000 UTC,18.1237288516
2022-11-07 22:15:00.000000 UTC,17.176206768
2022-11-07 22:16:00.000000 UTC,17.1813326732
2022-11-07 22:17:00.000000 UTC,16.8950606414
2022-11-07 22:18:00.000000 UTC,16.6836177226
2022-11-07 22:19:00.000000 UTC,16.335530219200002
2022-11-07 22:20:00.000000 UTC,16.0221415414
2022-11-07 22:21:00.000000 UTC,16.0465105338
2022-11-07 22:22:00.000000 UTC,16.292088297
2022-11-07 22:23:00.000000 UTC,16.3643103494
2022-11-07 22:24:00.000000 UTC,17.278325800599998
2022-11-07 22:25:00.000000 UTC,18.5528388472
2022-11-07 22:26:00.000000 UTC,19.9125438244
2022-11-07 22:27:00.000000 UTC,20.594089408
2022-11-07 22:28:00.000000 UTC,21.0536344624
2022-11-07 22:29:00.000000 UTC,20.635467610400003
2022-11-07 22:30:00.000000 UTC,20.8108815276
2022-11-07 22:31:00.000000 UTC,19.105198704400003
2022-11-07 22:32:00.000000 UTC,19.356592377200002
2022-11-07 22:33:00.000000 UTC,19.0908148868
2022-11-07 22:34:00.000000 UTC,18.289628964
2022-11-07 22:35:00.000000 UTC,17.62119347
2022-11-07 22:36:00.000000 UTC,18.4873152098
2022-11-07 22:37:00.000000 UTC,19.4947868078
2022-11-07 22:38:00.000000 UTC,18.588601357599998
2022-11-07 22:39:00.000000 UTC,18.310808506599997
2022-11-07 22:40:00.000000 UTC,17.754096855
2022-11-07 22:41:00.000000 UTC,17.2046050148
2022-11-07 22:42:00.000000 UTC,16.350720647
2022-11-07 22:43:00.000000 UTC,16.3033341404
2022-11-07 22:44:00.000000 UTC,16.9531974336
2022-11-07 22:45:00.000000 UTC,16.3427459908
2022-11-07 22:46:00.000000 UTC,16.611427877
2022-11-07 22:47:00.000000 UTC,17.47953915325
2022-11-07 22:48:00.000000 UTC,17.017119190200003
2022-11-07 22:49:00.000000 UTC,15.614248797799998
2022-11-07 22:50:00.000000 UTC,15.526596233200001
2022-11-07 22:51:00.000000 UTC,14.837079156200002
2022-11-07 22:52:00.000000 UTC,14.2044810238
2022-11-07 22:53:00.000000 UTC,14.684180860200001
2022-11-07 22:54:00.000000 UTC,14.2563648306
2022-11-07 22:55:00.000000 UTC,14.883038001
2022-11-07 22:56:00.000000 UTC,15.68165996825
2022-11-07 22:57:00.000000 UTC,14.946047413
2022-11-07 22:58:00.000000 UTC,13.901568087
2022-11-07 22:59:00.000000 UTC,13.414755367200002
2022-11-07 23:00:00.000000 UTC,14.408718892200001
2022-11-07 23:01:00.000000 UTC,14.34730186
2022-11-07 23:02:00.000000 UTC,13.976553534799999
2022-11-07 23:03:00.000000 UTC,13.2102967498
2022-11-07 23:04:00.000000 UTC,12.8450302744
2022-11-07 23:05:00.000000 UTC,13.5318201962
2022-11-07 23:06:00.000000 UTC,12.975022136
2022-11-07 23:07:00.000000 UTC,12.552927357
2022-11-07 23:08:00.000000 UTC,12.9179699874
2022-11-07 23:09:00.000000 UTC,13.191475951600001
2022-11-07 23:10:00.000000 UTC,13.3733685456
2022-11-07 23:11:00.000000 UTC,12.9516195154
2022-11-07 23:12:00.000000 UTC,12.854140167
2022-11-07 23:13:00.000000 UTC,12.6893732672
2022-11-07 23:14:00.000000 UTC,12.0989749664
2022-11-07 23:15:00.000000 UTC,11.797223800600001
2022-11-07 23:16:00.000000 UTC,11.5961884856
2022-11-07 23:17:00.000000 UTC,12.32758151
2022-11-07 23:18:00.000000 UTC,12.2102271816
2022-11-07 23:19:00.000000 UTC,12.1922130068
2022-11-07 23:20:00.000000 UTC,11.729026900600001
2022-11-07 23:21:00.000000 UTC,12.579456157600001
2022-11-07 23:22:00.000000 UTC,12.351064029
2022-11-07 23:23:00.000000 UTC,12.1662249164
2022-11-07 23:24:00.000000 UTC,11.732477211600001
2022-11-07 23:25:00.000000 UTC,11.3804263946
2022-11-07 23:26:00.000000 UTC,11.7427542446
2022-11-07 23:27:00.000000 UTC,11.717936960200001
2022-11-07 23:28:00.000000 UTC,12.015473629
2022-11-07 23:29:00.000000 UTC,11.6765943462
2022-11-07 23:30:00.000000 UTC,15.8833775706
2022-11-07 23:31:00.000000 UTC,23.1313720956
2022-11-07 23:32:00.000000 UTC,28.8019658978
2022-11-07 23:33:00.000000 UTC,30.3629759488
2022-11-07 23:34:00.000000 UTC,26.9905404676
2022-11-07 23:35:00.000000 UTC,25.5286719768
2022-11-07 23:36:00.000000 UTC,26.8045357896
2022-11-07 23:37:00.000000 UTC,26.502295617599998
2022-11-07 23:38:00.000000 UTC,26.421962844400003
2022-11-07 23:39:00.000000 UTC,27.1846020498
2022-11-07 23:40:00.000000 UTC,26.2603998812
2022-11-07 23:41:00.000000 UTC,24.109264244200002
2022-11-07 23:42:00.000000 UTC,21.719699847599998
2022-11-07 23:43:00.000000 UTC,21.937174324599997
2022-11-07 23:44:00.000000 UTC,21.235442216
2022-11-07 23:45:00.000000 UTC,19.564685698799998
2022-11-07 23:46:00.000000 UTC,19.9403600224
2022-11-07 23:47:00.000000 UTC,18.7083056556
2022-11-07 23:48:00.000000 UTC,18.2362942336
2022-11-07 23:49:00.000000 UTC,18.7056977642
2022-11-07 23:50:00.000000 UTC,18.1683827654
2022-11-07 23:51:00.000000 UTC,17.921846866
2022-11-07 23:52:00.000000 UTC,17.8410016552
2022-11-07 23:53:00.000000 UTC,18.413747210599997
2022-11-07 23:54:00.000000 UTC,17.1581830466
2022-11-07 23:55:00.000000 UTC,15.8653661316
2022-11-07 23:56:00.000000 UTC,15.4050463012
2022-11-07 23:57:00.000000 UTC,14.622564968799999
2022-11-07 23:58:00.000000 UTC,14.9944457462
2022-11-07 23:59:00.000000 UTC,14.6004072554
2022-11-08 00:00:00.000000 UTC,15.2246955364
2022-11-08 00:01:00.000000 UTC,14.2025321504
2022-11-08 00:02:00.000000 UTC,14.5974268538
2022-11-08 00:03:00.000000 UTC,14.204991737799999
2022-11-08 00:04:00.000000 UTC,13.727306524600001
2022-11-08 00:05:00.000000 UTC,14.8993993766
2022-11-08 00:06:00.000000 UTC,14.1039381964
2022-11-08 00:07:00.000000 UTC,14.9347831714
2022-11-08 00:08:00.000000 UTC,15.084263329799999
2022-11-08 00:09:00.000000 UTC,13.9983137792
2022-11-08 00:10:00.000000 UTC,13.4896880668
2022-11-08 00:11:00.000000 UTC,13.8382944766
2022-11-08 00:12:00.000000 UTC,13.3266352705
2022-11-08 00:13:00.000000 UTC,12.373683121600001
2022-11-08 00:14:00.000000 UTC,11.6618006582
2022-11-08 00:15:00.000000 UTC,12.0444872196
2022-11-08 00:16:00.000000 UTC,11.879151473799999
2022-11-08 00:17:00.000000 UTC,13.3212630974
2022-11-08 00:18:00.000000 UTC,14.6416412584
2022-11-08 00:19:00.000000 UTC,13.3638345132
2022-11-08 00:20:00.000000 UTC,13.0092744766
2022-11-08 00:21:00.000000 UTC,13.6535567484
2022-11-08 00:22:00.000000 UTC,13.6525352626
2022-11-08 00:23:00.000000 UTC,12.944025105200001
2022-11-08 00:24:00.000000 UTC,12.5835888372
2022-11-08 00:25:00.000000 UTC,12.2457170102
2022-11-08 00:26:00.000000 UTC,11.8169207314
2022-11-08 00:27:00.000000 UTC,12.2564102688
2022-11-08 00:28:00.000000 UTC,11.9116030352
2022-11-08 00:29:00.000000 UTC,11.71526968875
2022-11-08 00:30:00.000000 UTC,12.445820507799999
2022-11-08 00:31:00.000000 UTC,12.789417440600001
2022-11-08 00:32:00.000000 UTC,11.5599154168
2022-11-08 00:33:00.000000 UTC,11.589483984
2022-11-08 00:34:00.000000 UTC,11.265794343
2022-11-08 00:35:00.000000 UTC,12.374040883600001
2022-11-08 00:36:00.000000 UTC,13.380450912799999
2022-11-08 00:37:00.000000 UTC,11.5446498472
2022-11-08 00:38:00.000000 UTC,11.1677617474
2022-11-08 00:39:00.000000 UTC,10.8601550116
2022-11-08 00:40:00.000000 UTC,11.437029286
2022-11-08 00:41:00.000000 UTC,11.4891023268
2022-11-08 00:42:00.000000 UTC,13.246972818
2022-11-08 00:43:00.000000 UTC,12.906861576399999
2022-11-08 00:44:00.000000 UTC,12.0887022206
2022-11-08 00:45:00.000000 UTC,12.1896854234
2022-11-08 00:46:00.000000 UTC,11.997313355
2022-11-08 00:47:00.000000 UTC,12.567192675600001
2022-11-08 00:48:00.000000 UTC,11.826988114
2022-11-08 00:49:00.000000 UTC,12.084972138
2022-11-08 00:50:00.000000 UTC,13.4396292734
2022-11-08 00:51:00.000000 UTC,11.5814795232
2022-11-08 00:52:00.000000 UTC,11.213542652
2022-11-08 00:53:00.000000 UTC,11.4409172385
2022-11-08 00:54:00.000000 UTC,11.1998734306
2022-11-08 00:55:00.000000 UTC,11.136071861200001
2022-11-08 00:56:00.000000 UTC,10.835820960200001
2022-11-08 00:57:00.000000 UTC,10.893927468200001
2022-11-08 00:58:00.000000 UTC,11.2041200962
2022-11-08 00:59:00.000000 UTC,11.3583629092
2022-11-08 01:00:00.000000 UTC,13.729072315
2022-11-08 01:01:00.000000 UTC,24.7288770004
2022-11-08 01:02:00.000000 UTC,38.0737436364
2022-11-08 01:03:00.000000 UTC,29.8448637044
2022-11-08 01:04:00.000000 UTC,24.916889625400003
2022-11-08 01:05:00.000000 UTC,22.7354837848
2022-11-08 01:06:00.000000 UTC,20.0961213706
2022-11-08 01:07:00.000000 UTC,18.1497097048
2022-11-08 01:08:00.000000 UTC,16.8096988616
2022-11-08 01:09:00.000000 UTC,16.2594474552
2022-11-08 01:10:00.000000 UTC,15.7388757476
2022-11-08 01:11:00.000000 UTC,14.60135746
2022-11-08 01:12:00.000000 UTC,14.3704220236
2022-11-08 01:13:00.000000 UTC,13.327303629600001
2022-11-08 01:14:00.000000 UTC,13.129011038200002
2022-11-08 01:15:00.000000 UTC,12.7318553298
2022-11-08 01:16:00.000000 UTC,12.0529709656
2022-11-08 01:17:00.000000 UTC,11.647707233
2022-11-08 01:18:00.000000 UTC,12.1999981042
2022-11-08 01:19:00.000000 UTC,12.8050750394
2022-11-08 01:20:00.000000 UTC,13.708807331
2022-11-08 01:21:00.000000 UTC,13.5149871698
2022-11-08 01:22:00.000000 UTC,13.0905300026
2022-11-08 01:23:00.000000 UTC,13.3826019132
2022-11-08 01:24:00.000000 UTC,12.3213833392
2022-11-08 01:25:00.000000 UTC,11.817635501
2022-11-08 01:26:00.000000 UTC,11.1266780032
2022-11-08 01:27:00.000000 UTC,11.287515632
2022-11-08 01:28:00.000000 UTC,10.886271331200001
2022-11-08 01:29:00.000000 UTC,11.339746470200001
2022-11-08 01:30:00.000000 UTC,11.950192707200001
2022-11-08 01:31:00.000000 UTC,12.231720229
2022-11-08 01:32:00.000000 UTC,11.7899585522
2022-11-08 01:33:00.000000 UTC,12.344349426600001
2022-11-08 01:34:00.000000 UTC,12.6432049954
2022-11-08 01:35:00.000000 UTC,13.0769627074
2022-11-08 01:36:00.000000 UTC,12.302723352
2022-11-08 01:37:00.000000 UTC,11.928203207600001
2022-11-08 01:38:00.000000 UTC,12.2398284566
2022-11-08 01:39:00.000000 UTC,12.1546828042
2022-11-08 01:40:00.000000 UTC,12.47726652
2022-11-08 01:41:00.000000 UTC,11.8893217198
2022-11-08 01:42:00.000000 UTC,11.9365886368
2022-11-08 01:43:00.000000 UTC,11.696260548
2022-11-08 01:44:00.000000 UTC,11.593807378200001
2022-11-08 01:45:00.000000 UTC,10.9055608204
2022-11-08 01:46:00.000000 UTC,11.715153571799998
2022-11-08 01:47:00.000000 UTC,11.815747975399999
2022-11-08 01:48:00.000000 UTC,11.294332406799999
2022-11-08 01:49:00.000000 UTC,12.2430047476
2022-11-08 01:50:00.000000 UTC,11.782747171799999
2022-11-08 01:51:00.000000 UTC,11.9408555734
2022-11-08 01:52:00.000000 UTC,12.8904081002
2022-11-08 01:53:00.000000 UTC,12.441502113
2022-11-08 01:54:00.000000 UTC,13.0156493204
2022-11-08 01:55:00.000000 UTC,13.390323349200001
2022-11-08 01:56:00.000000 UTC,12.527438997399999
2022-11-08 01:57:00.000000 UTC,11.8160713782
2022-11-08 01:58:00.000000 UTC,11.849347190200001
2022-11-08 01:59:00.000000 UTC,12.3267845268
2022-11-08 02:00:00.000000 UTC,12.6944750596
2022-11-08 02:01:00.000000 UTC,11.938951942
2022-11-08 02:02:00.000000 UTC,12.939793221
2022-11-08 02:03:00.000000 UTC,12.508233873
2022-11-08 02:04:00.000000 UTC,11.904953001
2022-11-08 02:05:00.000000 UTC,12.148341282799999
2022-11-08 02:06:00.000000 UTC,11.064473695
2022-11-08 02:07:00.000000 UTC,11.4892356934
2022-11-08 02:08:00.000000 UTC,10.6464067554
2022-11-08 02:09:00.000000 UTC,11.1738439112
2022-11-08 02:10:00.000000 UTC,11.6208557794
2022-11-08 02:11:00.000000 UTC,11.2362865382
2022-11-08 02:12:00.000000 UTC,12.126853276
2022-11-08 02:13:00.000000 UTC,11.0429133672
2022-11-08 02:14:00.000000 UTC,10.7972326058
2022-11-08 02:15:00.000000 UTC,11.406129995799999
2022-11-08 02:16:00.000000 UTC,11.217731570200002
2022-11-08 02:17:00.000000 UTC,11.911289495
2022-11-08 02:18:00.000000 UTC,12.1611110266
2022-11-08 02:19:00.000000 UTC,11.98264119
2022-11-08 02:20:00.000000 UTC,12.8612157552
2022-11-08 02:21:00.000000 UTC,11.9024345628
2022-11-08 02:22:00.000000 UTC,11.6833839532
2022-11-08 02:23:00.000000 UTC,12.9793298334
2022-11-08 02:24:00.000000 UTC,11.9678608912
2022-11-08 02:25:00.000000 UTC,11.7045289916
2022-11-08 02:26:00.000000 UTC,11.7234708742
2022-11-08 02:27:00.000000 UTC,11.6725549864
2022-11-08 02:28:00.000000 UTC,11.671106728
2022-11-08 02:29:00.000000 UTC,12.007524193
2022-11-08 02:30:00.000000 UTC,12.15953848
2022-11-08 02:31:00.000000 UTC,11.8064623174
2022-11-08 02:32:00.000000 UTC,11.7477641628
2022-11-08 02:33:00.000000 UTC,12.135767664
2022-11-08 02:34:00.000000 UTC,11.88656391
2022-11-08 02:35:00.000000 UTC,12.3373379272
2022-11-08 02:36:00.000000 UTC,11.5246315096
2022-11-08 02:37:00.000000 UTC,12.3996344932
2022-11-08 02:38:00.000000 UTC,12.3648752308
2022-11-08 02:39:00.000000 UTC,12.489219048399999
2022-11-08 02:40:00.000000 UTC,12.7202672788
2022-11-08 02:41:00.000000 UTC,12.4410907564
2022-11-08 02:42:00.000000 UTC,13.0320193302
2022-11-08 02:43:00.000000 UTC,12.0471322516
2022-11-08 02:44:00.000000 UTC,12.4901646922
2022-11-08 02:45:00.000000 UTC,12.0903709032
2022-11-08 02:46:00.000000 UTC,11.809401323
2022-11-08 02:47:00.000000 UTC,11.952863375
2022-11-08 02:48:00.000000 UTC,11.7767798946
2022-11-08 02:49:00.000000 UTC,12.7790240062
2022-11-08 02:50:00.000000 UTC,14.1992761376
2022-11-08 02:51:00.000000 UTC,15.2037434414
2022-11-08 02:52:00.000000 UTC,15.707214499600001
2022-11-08 02:53:00.000000 UTC,19.494464486400002
2022-11-08 02:54:00.000000 UTC,21.869706495400003
2022-11-08 02:55:00.000000 UTC,28.309019078400002
2022-11-08 02:56:00.000000 UTC,32.426404075
2022-11-08 02:57:00.000000 UTC,30.0116482366
2022-11-08 02:58:00.000000 UTC,28.441506922200002
2022-11-08 02:59:00.000000 UTC,29.1825011522
2022-11-08 03:00:00.000000 UTC,29.030007268
2022-11-08 03:01:00.000000 UTC,29.3839980916
2022-11-08 03:02:00.000000 UTC,31.173516154799998
2022-11-08 03:03:00.000000 UTC,27.228706337400002
2022-11-08 03:04:00.000000 UTC,23.9920427918
2022-11-08 03:05:00.000000 UTC,22.9380278114
2022-11-08 03:06:00.000000 UTC,20.6503076636
2022-11-08 03:07:00.000000 UTC,20.5350234806
2022-11-08 03:08:00.000000 UTC,19.418687586
2022-11-08 03:09:00.000000 UTC,18.278825293599997
2022-11-08 03:10:00.000000 UTC,18.088496373799998
2022-11-08 03:11:00.000000 UTC,17.208559535
2022-11-08 03:12:00.000000 UTC,17.385798047799998
2022-11-08 03:13:00.000000 UTC,18.673158522
2022-11-08 03:14:00.000000 UTC,17.82442353
2022-11-08 03:15:00.000000 UTC,18.038640713
2022-11-08 03:16:00.000000 UTC,18.5738494298
2022-11-08 03:17:00.000000 UTC,18.1014892064
2022-11-08 03:18:00.000000 UTC,18.917155685
2022-11-08 03:19:00.000000 UTC,22.701102781
2022-11-08 03:20:00.000000 UTC,24.0474875752
2022-11-08 03:21:00.000000 UTC,27.246617658
2022-11-08 03:22:00.000000 UTC,26.7290680778
2022-11-08 03:23:00.000000 UTC,26.882335811599997
2022-11-08 03:24:00.000000 UTC,26.252515968599997
2022-11-08 03:25:00.000000 UTC,22.799642635
2022-11-08 03:26:00.000000 UTC,20.077086957200002
2022-11-08 03:27:00.000000 UTC,18.528214987
2022-11-08 03:28:00.000000 UTC,18.829436942
2022-11-08 03:29:00.000000 UTC,18.869415551400003
2022-11-08 03:30:00.000000 UTC,19.8136726048
2022-11-08 03:31:00.000000 UTC,19.64169166875
2022-11-08 03:32:00.000000 UTC,21.775063541
2022-11-08 03:33:00.000000 UTC,19.9517252668
2022-11-08 03:34:00.000000 UTC,18.685422777
2022-11-08 03:35:00.000000 UTC,17.6037046678
2022-11-08 03:36:00.000000 UTC,16.264378479799998
2022-11-08 03:37:00.000000 UTC,15.8618418882
2022-11-08 03:38:00.000000 UTC,15.472038922600001
2022-11-08 03:39:00.000000 UTC,14.726797890799999
2022-11-08 03:40:00.000000 UTC,14.6138834294
2022-11-08 03:41:00.000000 UTC,14.1819007798
2022-11-08 03:42:00.000000 UTC,14.8749802162
2022-11-08 03:43:00.000000 UTC,15.46225363
2022-11-08 03:44:00.000000 UTC,15.974327579799999
2022-11-08 03:45:00.000000 UTC,17.5365100378
2022-11-08 03:46:00.000000 UTC,19.16726785525
2022-11-08 03:47:00.000000 UTC,18.6883596016
2022-11-08 03:48:00.000000 UTC,18.6399625514
2022-11-08 03:49:00.000000 UTC,17.555439033
2022-11-08 03:50:00.000000 UTC,16.6573702858
2022-11-08 03:51:00.000000 UTC,15.562703840200001
2022-11-08 03:52:00.000000 UTC,15.0891421432
2022-11-08 03:53:00.000000 UTC,15.139834627399999
2022-11-08 03:54:00.000000 UTC,15.7609649086
2022-11-08 03:55:00.000000 UTC,17.4319998662
2022-11-08 03:56:00.000000 UTC,17.802305453200002
2022-11-08 03:57:00.000000 UTC,17.677085158
2022-11-08 03:58:00.000000 UTC,19.4354449338
2022-11-08 03:59:00.000000 UTC,20.890954438
2022-11-08 04:00:00.000000 UTC,23.164796763
2022-11-08 04:01:00.000000 UTC,26.8748672676
2022-11-08 04:02:00.000000 UTC,27.672043394400003
2022-11-08 04:03:00.000000 UTC,27.1206736238
2022-11-08 04:04:00.000000 UTC,24.4420051898
2022-11-08 04:05:00.000000 UTC,23.3330844672
2022-11-08 04:06:00.000000 UTC,21.6710848714
2022-11-08 04:07:00.000000 UTC,20.3556178706
2022-11-08 04:08:00.000000 UTC,20.7646243188
2022-11-08 04:09:00.000000 UTC,24.003051201599998
2022-11-08 04:10:00.000000 UTC,24.821477912400002
2022-11-08 04:11:00.000000 UTC,26.3709908432
2022-11-08 04:12:00.000000 UTC,39.641604105800006
2022-11-08 04:13:00.000000 UTC,46.6237703138
2022-11-08 04:14:00.000000 UTC,51.497748463
2022-11-08 04:15:00.000000 UTC,54.1597838224
2022-11-08 04:16:00.000000 UTC,55.910291240599996
2022-11-08 04:17:00.000000 UTC,50.962915953
2022-11-08 04:18:00.000000 UTC,46.715638203
2022-11-08 04:19:00.000000 UTC,44.3654547772
2022-11-08 04:20:00.000000 UTC,43.601421347
2022-11-08 04:21:00.000000 UTC,39.7453285686
2022-11-08 04:22:00.000000 UTC,38.298847308800006
2022-11-08 04:23:00.000000 UTC,39.2022410954
2022-11-08 04:24:00.000000 UTC,37.2607213902
2022-11-08 04:25:00.000000 UTC,34.38681907675
2022-11-08 04:26:00.000000 UTC,34.0666463492
2022-11-08 04:27:00.000000 UTC,35.3405265062
2022-11-08 04:28:00.000000 UTC,33.2686887948
2022-11-08 04:29:00.000000 UTC,31.873390142799998
2022-11-08 04:30:00.000000 UTC,30.4597880802
2022-11-08 04:31:00.000000 UTC,31.9057105488
2022-11-08 04:32:00.000000 UTC,29.2067755952
2022-11-08 04:33:00.000000 UTC,26.8586246882
2022-11-08 04:34:00.000000 UTC,24.960801192
2022-11-08 04:35:00.000000 UTC,24.032709613799998
2022-11-08 04:36:00.000000 UTC,25.800241878599998
2022-11-08 04:37:00.000000 UTC,23.945265847
2022-11-08 04:38:00.000000 UTC,25.520842084799998
2022-11-08 04:39:00.000000 UTC,27.285483018
2022-11-08 04:40:00.000000 UTC,26.434215008
2022-11-08 04:41:00.000000 UTC,24.0781202358
2022-11-08 04:42:00.000000 UTC,23.2291701442
2022-11-08 04:43:00.000000 UTC,21.468340037
2022-11-08 04:44:00.000000 UTC,19.918844924200002
2022-11-08 04:45:00.000000 UTC,19.829734517
2022-11-08 04:46:00.000000 UTC,19.1911948834
2022-11-08 04:47:00.000000 UTC,19.033885998200002
2022-11-08 04:48:00.000000 UTC,18.8760658142
2022-11-08 04:49:00.000000 UTC,18.205240395
2022-11-08 04:50:00.000000 UTC,17.6438680632
2022-11-08 04:51:00.000000 UTC,17.630021039
2022-11-08 04:52:00.000000 UTC,16.7913598566
2022-11-08 04:53:00.000000 UTC,17.0790704594
2022-11-08 04:54:00.000000 UTC,17.4143773324
2022-11-08 04:55:00.000000 UTC,19.2311011742
2022-11-08 04:56:00.000000 UTC,20.1191659498
2022-11-08 04:57:00.000000 UTC,19.9702842588
2022-11-08 04:58:00.000000 UTC,19.2822204872
2022-11-08 04:59:00.000000 UTC,17.8505417576
2022-11-08 05:00:00.000000 UTC,18.8425314648
2022-11-08 05:01:00.000000 UTC,20.4765632176
2022-11-08 05:02:00.000000 UTC,19.934314568599998
2022-11-08 05:03:00.000000 UTC,18.9476987434
2022-11-08 05:04:00.000000 UTC,18.8123596838
2022-11-08 05:05:00.000000 UTC,19.558766816400002
2022-11-08 05:06:00.000000 UTC,18.395430361400003
2022-11-08 05:07:00.000000 UTC,17.0092488188
2022-11-08 05:08:00.000000 UTC,17.200915571
2022-11-08 05:09:00.000000 UTC,16.7728583706
2022-11-08 05:10:00.000000 UTC,15.9602831214
2022-11-08 05:11:00.000000 UTC,15.929578288
2022-11-08 05:12:00.000000 UTC,17.979319287
2022-11-08 05:13:00.000000 UTC,19.1399740352
2022-11-08 05:14:00.000000 UTC,20.5077019314
2022-11-08 05:15:00.000000 UTC,21.683646896
2022-11-08 05:16:00.000000 UTC,20.497270827599998
2022-11-08 05:17:00.000000 UTC,19.841034813599997
2022-11-08 05:18:00.000000 UTC,20.7324243626
2022-11-08 05:19:00.000000 UTC,18.8838959992
2022-11-08 05:20:00.000000 UTC,18.1813724608
2022-11-08 05:21:00.000000 UTC,17.6922218918
2022-11-08 05:22:00.000000 UTC,18.803291985799998
2022-11-08 05:23:00.000000 UTC,19.077485320599997
2022-11-08 05:24:00.000000 UTC,21.128115335599997
2022-11-08 05:25:00.000000 UTC,22.6251730098
2022-11-08 05:26:00.000000 UTC,25.0344496714
2022-11-08 05:27:00.000000 UTC,25.227357782
2022-11-08 05:28:00.000000 UTC,25.6733297836
2022-11-08 05:29:00.000000 UTC,25.2036503944
2022-11-08 05:30:00.000000 UTC,26.1498810562
2022-11-08 05:31:00.000000 UTC,25.04432156075
2022-11-08 05:32:00.000000 UTC,25.963868285599997
2022-11-08 05:33:00.000000 UTC,25.8181259762
2022-11-08 05:34:00.000000 UTC,23.668502346599997
2022-11-08 05:35:00.000000 UTC,22.4381712056
2022-11-08 05:36:00.000000 UTC,21.470085557599997
2022-11-08 05:37:00.000000 UTC,22.2844010516
2022-11-08 05:38:00.000000 UTC,22.3697086934
2022-11-08 05:39:00.000000 UTC,20.9434871528
2022-11-08 05:40:00.000000 UTC,19.5374567042
2022-11-08 05:41:00.000000 UTC,18.351411557200002
2022-11-08 05:42:00.000000 UTC,17.405060551400002
2022-11-08 05:43:00.000000 UTC,17.088667261
2022-11-08 05:44:00.000000 UTC,17.342980408
2022-11-08 05:45:00.000000 UTC,16.376924373799998
2022-11-08 05:46:00.000000 UTC,15.9880390186
2022-11-08 05:47:00.000000 UTC,15.7914215214
2022-11-08 05:48:00.000000 UTC,15.607058505
2022-11-08 05:49:00.000000 UTC,15.0724038144
2022-11-08 05:50:00.000000 UTC,14.666887929
2022-11-08 05:51:00.000000 UTC,15.777809145
2022-11-08 05:52:00.000000 UTC,15.737769205
2022-11-08 05:53:00.000000 UTC,14.5665721286
2022-11-08 05:54:00.000000 UTC,14.9692071224
2022-11-08 05:55:00.000000 UTC,14.5360113916
2022-11-08 05:56:00.000000 UTC,14.086217158
2022-11-08 05:57:00.000000 UTC,15.2471961574
2022-11-08 05:58:00.000000 UTC,13.944484767
2022-11-08 05:59:00.000000 UTC,14.1489935116
2022-11-08 06:00:00.000000 UTC,14.9012024908
2022-11-08 06:01:00.000000 UTC,14.7089577602
2022-11-08 06:02:00.000000 UTC,14.291944192
2022-11-08 06:03:00.000000 UTC,14.846072329
2022-11-08 06:04:00.000000 UTC,15.541847621
2022-11-08 06:05:00.000000 UTC,15.4187067576
2022-11-08 06:06:00.000000 UTC,15.754941843
2022-11-08 06:07:00.000000 UTC,16.201372542
2022-11-08 06:08:00.000000 UTC,15.1528425944
2022-11-08 06:09:00.000000 UTC,14.3297313524
2022-11-08 06:10:00.000000 UTC,13.6673363432
2022-11-08 06:11:00.000000 UTC,13.6814891598
2022-11-08 06:12:00.000000 UTC,13.613452119
2022-11-08 06:13:00.000000 UTC,13.747463615
2022-11-08 06:14:00.000000 UTC,13.683621869200001
2022-11-08 06:15:00.000000 UTC,13.5643281586
2022-11-08 06:16:00.000000 UTC,13.3463092798
2022-11-08 06:17:00.000000 UTC,13.7861420998
2022-11-08 06:18:00.000000 UTC,13.711005263399999
2022-11-08 06:19:00.000000 UTC,14.6578892546
2022-11-08 06:20:00.000000 UTC,14.0318832812
2022-11-08 06:21:00.000000 UTC,14.135924600200001
2022-11-08 06:22:00.000000 UTC,14.114302370399999
2022-11-08 06:23:00.000000 UTC,14.232394323
2022-11-08 06:24:00.000000 UTC,13.776774984
2022-11-08 06:25:00.000000 UTC,13.8584228038
2022-11-08 06:26:00.000000 UTC,13.828329097600001
2022-11-08 06:27:00.000000 UTC,13.8442373116
2022-11-08 06:28:00.000000 UTC,13.618575825
2022-11-08 06:29:00.000000 UTC,13.0922335656
2022-11-08 06:30:00.000000 UTC,14.4268583056
2022-11-08 06:31:00.000000 UTC,15.545550993200001
2022-11-08 06:32:00.000000 UTC,17.3861136854
2022-11-08 06:33:00.000000 UTC,17.9431931098
2022-11-08 06:34:00.000000 UTC,16.913031801200002
2022-11-08 06:35:00.000000 UTC,16.497415134
2022-11-08 06:36:00.000000 UTC,16.3156273992
2022-11-08 06:37:00.000000 UTC,14.4350378004
2022-11-08 06:38:00.000000 UTC,14.424083661200001
2022-11-08 06:39:00.000000 UTC,13.731451438799999
2022-11-08 06:40:00.000000 UTC,13.322924756399999
2022-11-08 06:41:00.000000 UTC,12.5018809618
2022-11-08 06:42:00.000000 UTC,13.1859170736
2022-11-08 06:43:00.000000 UTC,13.4699366138
2022-11-08 06:44:00.000000 UTC,13.6164872105
2022-11-08 06:45:00.000000 UTC,14.886566633200001
2022-11-08 06:46:00.000000 UTC,13.6904067958
2022-11-08 06:47:00.000000 UTC,13.742623977
2022-11-08 06:48:00.000000 UTC,13.903722230200001
2022-11-08 06:49:00.000000 UTC,13.8520770805
2022-11-08 06:50:00.000000 UTC,14.811517046799999
2022-11-08 06:51:00.000000 UTC,14.600710416
2022-11-08 06:52:00.000000 UTC,14.1161082072
2022-11-08 06:53:00.000000 UTC,14.3489191236
2022-11-08 06:54:00.000000 UTC,13.5102926446
2022-11-08 06:55:00.000000 UTC,13.655171686
2022-11-08 06:56:00.000000 UTC,15.2320285806
2022-11-08 06:57:00.000000 UTC,14.8430548098
2022-11-08 06:58:00.000000 UTC,14.6259841544
2022-11-08 06:59:00.000000 UTC,14.647240549
2022-11-08 07:00:00.000000 UTC,14.730476464
2022-11-08 07:01:00.000000 UTC,14.0773862508
2022-11-08 07:02:00.000000 UTC,13.2348241076
2022-11-08 07:03:00.000000 UTC,12.992078236
2022-11-08 07:04:00.000000 UTC,12.750068601799999
2022-11-08 07:05:00.000000 UTC,13.3469507096
2022-11-08 07:06:00.000000 UTC,12.37970298
2022-11-08 07:07:00.000000 UTC,12.4795483938
2022-11-08 07:08:00.000000 UTC,12.428506416
2022-11-08 07:09:00.000000 UTC,12.2803060776
2022-11-08 07:10:00.000000 UTC,13.0597082732
2022-11-08 07:11:00.000000 UTC,13.642026351799998
2022-11-08 07:12:00.000000 UTC,12.9408681904
2022-11-08 07:13:00.000000 UTC,13.0219548214
2022-11-08 07:14:00.000000 UTC,12.396999756
2022-11-08 07:15:00.000000 UTC,12.9833294526
2022-11-08 07:16:00.000000 UTC,12.5546270188
2022-11-08 07:17:00.000000 UTC,12.1439684104
2022-11-08 07:18:00.000000 UTC,11.9343874576
2022-11-08 07:19:00.000000 UTC,12.4764065724
2022-11-08 07:20:00.000000 UTC,11.8063797802
2022-11-08 07:21:00.000000 UTC,11.76051474425
2022-11-08 07:22:00.000000 UTC,12.737675897399999
2022-11-08 07:23:00.000000 UTC,11.7780341714
2022-11-08 07:24:00.000000 UTC,11.5335026328
2022-11-08 07:25:00.000000 UTC,12.5215982274
2022-11-08 07:26:00.000000 UTC,12.566301502
2022-11-08 07:27:00.000000 UTC,12.146405164
2022-11-08 07:28:00.000000 UTC,12.031686501200001
2022-11-08 07:29:00.000000 UTC,12.035124351
2022-11-08 07:30:00.000000 UTC,12.094788548
2022-11-08 07:31:00.000000 UTC,12.2380959674
2022-11-08 07:32:00.000000 UTC,11.9510761344
2022-11-08 07:33:00.000000 UTC,11.6678320232
2022-11-08 07:34:00.000000 UTC,12.105803266799999
2022-11-08 07:35:00.000000 UTC,11.8930157454
2022-11-08 07:36:00.000000 UTC,11.6209504762
2022-11-08 07:37:00.000000 UTC,11.959177016
2022-11-08 07:38:00.000000 UTC,12.0569000488
2022-11-08 07:39:00.000000 UTC,12.5352366046
2022-11-08 07:40:00.000000 UTC,12.275873342799999
2022-11-08 07:41:00.000000 UTC,11.935869773
2022-11-08 07:42:00.000000 UTC,12.208004633200002
2022-11-08 07:43:00.000000 UTC,11.8310885998
2022-11-08 07:44:00.000000 UTC,11.6132639936
2022-11-08 07:45:00.000000 UTC,11.550167408799998
2022-11-08 07:46:00.000000 UTC,12.5046310934
2022-11-08 07:47:00.000000 UTC,12.0167596225
2022-11-08 07:48:00.000000 UTC,12.1442984534
2022-11-08 07:49:00.000000 UTC,11.4417135672
2022-11-08 07:50:00.000000 UTC,11.250164004799998
2022-11-08 07:51:00.000000 UTC,11.8908593498
2022-11-08 07:52:00.000000 UTC,10.950127676
2022-11-08 07:53:00.000000 UTC,11.9571278
2022-11-08 07:54:00.000000 UTC,11.613795224
2022-11-08 07:55:00.000000 UTC,12.2917253556
2022-11-08 07:56:00.000000 UTC,12.5050960464
2022-11-08 07:57:00.000000 UTC,14.350960817399999
2022-11-08 07:58:00.000000 UTC,14.3046884732
2022-11-08 07:59:00.000000 UTC,16.058849767799998
2022-11-08 08:00:00.000000 UTC,19.279715296
2022-11-08 08:01:00.000000 UTC,19.7061066028
2022-11-08 08:02:00.000000 UTC,18.2627408104
2022-11-08 08:03:00.000000 UTC,18.523768126
2022-11-08 08:04:00.000000 UTC,17.1526815816
2022-11-08 08:05:00.000000 UTC,15.1410201482
2022-11-08 08:06:00.000000 UTC,14.809492834
2022-11-08 08:07:00.000000 UTC,14.4769008214
2022-11-08 08:08:00.000000 UTC,13.798484284
2022-11-08 08:09:00.000000 UTC,13.119041637
2022-11-08 08:10:00.000000 UTC,14.000418346
2022-11-08 08:11:00.000000 UTC,14.7701776984
2022-11-08 08:12:00.000000 UTC,13.5932403682
2022-11-08 08:13:00.000000 UTC,16.6274889514
2022-11-08 08:14:00.000000 UTC,16.611669114399998
2022-11-08 08:15:00.000000 UTC,15.9618053014
2022-11-08 08:16:00.000000 UTC,16.3171786694
2022-11-08 08:17:00.000000 UTC,16.9680315072
2022-11-08 08:18:00.000000 UTC,18.106952311
2022-11-08 08:19:00.000000 UTC,18.307843601200002
2022-11-08 08:20:00.000000 UTC,18.5420806304
2022-11-08 08:21:00.000000 UTC,18.5334991924
2022-11-08 08:22:00.000000 UTC,17.605242282200003
2022-11-08 08:23:00.000000 UTC,18.1793699222
2022-11-08 08:24:00.000000 UTC,18.5904058476
2022-11-08 08:25:00.000000 UTC,16.0338457756
2022-11-08 08:26:00.000000 UTC,14.557732469600001
2022-11-08 08:27:00.000000 UTC,15.92055848
2022-11-08 08:28:00.000000 UTC,15.5779388882
2022-11-08 08:29:00.000000 UTC,14.362572579799998
2022-11-08 08:30:00.000000 UTC,14.7411570102
2022-11-08 08:31:00.000000 UTC,13.620921247
2022-11-08 08:32:00.000000 UTC,14.604987015799999
2022-11-08 08:33:00.000000 UTC,14.1355129502
2022-11-08 08:34:00.000000 UTC,13.361027697399999
2022-11-08 08:35:00.000000 UTC,12.5778982502
2022-11-08 08:36:00.000000 UTC,13.469637808
2022-11-08 08:37:00.000000 UTC,13.5485421766
2022-11-08 08:38:00.000000 UTC,12.8491799944
2022-11-08 08:39:00.000000 UTC,13.2435794428
2022-11-08 08:40:00.000000 UTC,13.358597054
2022-11-08 08:41:00.000000 UTC,14.0539273976
2022-11-08 08:42:00.000000 UTC,13.258086923
2022-11-08 08:43:00.000000 UTC,13.19429798
2022-11-08 08:44:00.000000 UTC,12.4962960302
2022-11-08 08:45:00.000000 UTC,14.033446881
2022-11-08 08:46:00.000000 UTC,13.6381742386
2022-11-08 08:47:00.000000 UTC,13.585250401
2022-11-08 08:48:00.000000 UTC,12.58657452
2022-11-08 08:49:00.000000 UTC,12.420263928799999
2022-11-08 08:50:00.000000 UTC,13.0394723574
2022-11-08 08:51:00.000000 UTC,12.800490572200001
2022-11-08 08:52:00.000000 UTC,13.2631333972
2022-11-08 08:53:00.000000 UTC,12.4948233266
2022-11-08 08:54:00.000000 UTC,12.127861357
2022-11-08 08:55:00.000000 UTC,12.1477340474
2022-11-08 08:56:00.000000 UTC,12.333193870799999
2022-11-08 08:57:00.000000 UTC,12.271649027399999
2022-11-08 08:58:00.000000 UTC,12.023754261399999
2022-11-08 08:59:00.000000 UTC,12.658185230600001
2022-11-08 09:00:00.000000 UTC,12.514253612600001
2022-11-08 09:01:00.000000 UTC,12.4073619438
2022-11-08 09:02:00.000000 UTC,12.052323530799999
2022-11-08 09:03:00.000000 UTC,12.658077286
2022-11-08 09:04:00.000000 UTC,12.5810418316
2022-11-08 09:05:00.000000 UTC,12.273763223200001
2022-11-08 09:06:00.000000 UTC,12.3883445862
2022-11-08 09:07:00.000000 UTC,12.6933230964
2022-11-08 09:08:00.000000 UTC,12.170481935200002
2022-11-08 09:09:00.000000 UTC,12.7805440658
2022-11-08 09:10:00.000000 UTC,12.6226066556
2022-11-08 09:11:00.000000 UTC,12.443264489399999
2022-11-08 09:12:00.000000 UTC,12.620936147
2022-11-08 09:13:00.000000 UTC,12.8857809348
2022-11-08 09:14:00.000000 UTC,15.478822026
2022-11-08 09:15:00.000000 UTC,15.8235099248
2022-11-08 09:16:00.000000 UTC,15.626799767
2022-11-08 09:17:00.000000 UTC,15.1835675646
2022-11-08 09:18:00.000000 UTC,14.4478260444
2022-11-08 09:19:00.000000 UTC,14.0985857074
2022-11-08 09:20:00.000000 UTC,13.6390695856
2022-11-08 09:21:00.000000 UTC,13.808356038
2022-11-08 09:22:00.000000 UTC,13.194180449600001
2022-11-08 09:23:00.000000 UTC,13.230397807200001
2022-11-08 09:24:00.000000 UTC,12.695821266
2022-11-08 09:25:00.000000 UTC,12.5943014898
2022-11-08 09:26:00.000000 UTC,12.5486879822
2022-11-08 09:27:00.000000 UTC,12.761120077
2022-11-08 09:28:00.000000 UTC,12.9357850762
2022-11-08 09:29:00.000000 UTC,13.492659513200001
2022-11-08 09:30:00.000000 UTC,13.9055864088
2022-11-08 09:31:00.000000 UTC,12.893661446
2022-11-08 09:32:00.000000 UTC,12.8137314646
2022-11-08 09:33:00.000000 UTC,12.987934041
2022-11-08 09:34:00.000000 UTC,12.32233691
2022-11-08 09:35:00.000000 UTC,13.703909404200001
2022-11-08 09:36:00.000000 UTC,13.237439525600001
2022-11-08 09:37:00.000000 UTC,12.5802740942
2022-11-08 09:38:00.000000 UTC,13.588491144
2022-11-08 09:39:00.000000 UTC,12.5063075622
2022-11-08 09:40:00.000000 UTC,13.0236389338
2022-11-08 09:41:00.000000 UTC,13.203908891600001
2022-11-08 09:42:00.000000 UTC,13.352651349799999
2022-11-08 09:43:00.000000 UTC,12.5983192006
2022-11-08 09:44:00.000000 UTC,12.519071281799999
2022-11-08 09:45:00.000000 UTC,13.1375404106
2022-11-08 09:46:00.000000 UTC,13.3510280634
2022-11-08 09:47:00.000000 UTC,12.4727086794
2022-11-08 09:48:00.000000 UTC,12.6943102652
2022-11-08 09:49:00.000000 UTC,13.5724481516
2022-11-08 09:50:00.000000 UTC,12.4421778986
2022-11-08 09:51:00.000000 UTC,12.181304755200001
2022-11-08 09:52:00.000000 UTC,12.4652849754
2022-11-08 09:53:00.000000 UTC,12.179028370200001
2022-11-08 09:54:00.000000 UTC,12.0746381048
2022-11-08 09:55:00.000000 UTC,14.826388618200001
2022-11-08 09:56:00.000000 UTC,13.6435412326
2022-11-08 09:57:00.000000 UTC,12.494665504
2022-11-08 09:58:00.000000 UTC,12.3120323558
2022-11-08 09:59:00.000000 UTC,12.0715171244
2022-11-08 10:00:00.000000 UTC,12.7673522272
2022-11-08 10:01:00.000000 UTC,12.2762057764
2022-11-08 10:02:00.000000 UTC,12.5339059642
2022-11-08 10:03:00.000000 UTC,12.3853214138
2022-11-08 10:04:00.000000 UTC,12.5037814036
2022-11-08 10:05:00.000000 UTC,12.5929403304
2022-11-08 10:06:00.000000 UTC,12.3572372794
2022-11-08 10:07:00.000000 UTC,12.2613522708
2022-11-08 10:08:00.000000 UTC,13.083829961600001
2022-11-08 10:09:00.000000 UTC,12.2449917266
2022-11-08 10:10:00.000000 UTC,12.299006535
2022-11-08 10:11:00.000000 UTC,11.943747141
2022-11-08 10:12:00.000000 UTC,13.0096907794
2022-11-08 10:13:00.000000 UTC,12.109418331
2022-11-08 10:14:00.000000 UTC,12.4958623222
2022-11-08 10:15:00.000000 UTC,12.09914974
2022-11-08 10:16:00.000000 UTC,11.985740274600001
2022-11-08 10:17:00.000000 UTC,11.9275439414
2022-11-08 10:18:00.000000 UTC,12.5023774
2022-11-08 10:19:00.000000 UTC,12.834783052799999
2022-11-08 10:20:00.000000 UTC,12.78339479825
2022-11-08 10:21:00.000000 UTC,12.1249226776
2022-11-08 10:22:00.000000 UTC,12.055964963
2022-11-08 10:23:00.000000 UTC,11.764198619
2022-11-08 10:24:00.000000 UTC,13.5697661566
2022-11-08 10:25:00.000000 UTC,12.3990490464
2022-11-08 10:26:00.000000 UTC,12.339597401799999
2022-11-08 10:27:00.000000 UTC,12.013998903
2022-11-08 10:28:00.000000 UTC,12.810385268600001
2022-11-08 10:29:00.000000 UTC,13.005984749
2022-11-08 10:30:00.000000 UTC,12.5756972088
2022-11-08 10:31:00.000000 UTC,11.4709458536
2022-11-08 10:32:00.000000 UTC,11.3958465048
2022-11-08 10:33:00.000000 UTC,11.1487508242
2022-11-08 10:34:00.000000 UTC,11.1858825984
2022-11-08 10:35:00.000000 UTC,11.4759787308
2022-11-08 10:36:00.000000 UTC,11.2791837222
2022-11-08 10:37:00.000000 UTC,12.6182573418
2022-11-08 10:38:00.000000 UTC,12.0148824096
2022-11-08 10:39:00.000000 UTC,11.691767746
2022-11-08 10:40:00.000000 UTC,11.1963736816
2022-11-08 10:41:00.000000 UTC,13.308886547799998
2022-11-08 10:42:00.000000 UTC,12.5783633848
2022-11-08 10:43:00.000000 UTC,11.8604548496
2022-11-08 10:44:00.000000 UTC,11.2239759464
2022-11-08 10:45:00.000000 UTC,12.895754389799999
2022-11-08 10:46:00.000000 UTC,12.0844815044
2022-11-08 10:47:00.000000 UTC,11.155859208
2022-11-08 10:48:00.000000 UTC,11.2466059334
2022-11-08 10:49:00.000000 UTC,11.5142995442
2022-11-08 10:50:00.000000 UTC,11.6352017844
2022-11-08 10:51:00.000000 UTC,11.335676708
2022-11-08 10:52:00.000000 UTC,13.026108434200001
2022-11-08 10:53:00.000000 UTC,12.5167327755
2022-11-08 10:54:00.000000 UTC,11.5277905432
2022-11-08 10:55:00.000000 UTC,11.40579375
2022-11-08 10:56:00.000000 UTC,11.705469473
2022-11-08 10:57:00.000000 UTC,11.7360833882
2022-11-08 10:58:00.000000 UTC,11.4159069724
2022-11-08 10:59:00.000000 UTC,12.0294294112
2022-11-08 11:00:00.000000 UTC,14.052057717799999
2022-11-08 11:01:00.000000 UTC,17.848041504599998
2022-11-08 11:02:00.000000 UTC,18.8295521002
2022-11-08 11:03:00.000000 UTC,17.3213628528
2022-11-08 11:04:00.000000 UTC,17.0571244858
2022-11-08 11:05:00.000000 UTC,16.0258392974
2022-11-08 11:06:00.000000 UTC,15.3838290432
2022-11-08 11:07:00.000000 UTC,14.564589929799999
2022-11-08 11:08:00.000000 UTC,15.6973048876
2022-11-08 11:09:00.000000 UTC,16.293966602799998
2022-11-08 11:10:00.000000 UTC,14.4632844294
2022-11-08 11:11:00.000000 UTC,12.7724910494
2022-11-08 11:12:00.000000 UTC,12.7968656514
2022-11-08 11:13:00.000000 UTC,12.4111232416
2022-11-08 11:14:00.000000 UTC,12.3462200296
2022-11-08 11:15:00.000000 UTC,12.716098153799999
2022-11-08 11:16:00.000000 UTC,13.0905729618
2022-11-08 11:17:00.000000 UTC,12.408485294
2022-11-08 11:18:00.000000 UTC,12.22808853
2022-11-08 11:19:00.000000 UTC,11.8242577518
2022-11-08 11:20:00.000000 UTC,11.623865766
2022-11-08 11:21:00.000000 UTC,11.8062685834
2022-11-08 11:22:00.000000 UTC,11.7423342672
2022-11-08 11:23:00.000000 UTC,11.3765124
2022-11-08 11:24:00.000000 UTC,11.713618348399999
2022-11-08 11:25:00.000000 UTC,11.7128784132
2022-11-08 11:26:00.000000 UTC,11.5437401898
2022-11-08 11:27:00.000000 UTC,11.781323156200001
2022-11-08 11:28:00.000000 UTC,11.604549673200001
2022-11-08 11:29:00.000000 UTC,11.958439079
2022-11-08 11:30:00.000000 UTC,13.787256166799999
2022-11-08 11:31:00.000000 UTC,15.3031928284
2022-11-08 11:32:00.000000 UTC,15.539073094399999
2022-11-08 11:33:00.000000 UTC,14.987499529799999
2022-11-08 11:34:00.000000 UTC,13.957455669
2022-11-08 11:35:00.000000 UTC,13.1015761288
2022-11-08 11:36:00.000000 UTC,13.1588496862
2022-11-08 11:37:00.000000 UTC,12.7546191782
2022-11-08 11:38:00.000000 UTC,12.627201434200002
2022-11-08 11:39:00.000000 UTC,13.111188453799999
2022-11-08 11:40:00.000000 UTC,12.5210579846
2022-11-08 11:41:00.000000 UTC,12.122162582200001
2022-11-08 11:42:00.000000 UTC,12.002435243799999
2022-11-08 11:43:00.000000 UTC,12.5556060008
2022-11-08 11:44:00.000000 UTC,12.2963082922
2022-11-08 11:45:00.000000 UTC,11.7888525324
2022-11-08 11:46:00.000000 UTC,12.1344952398
2022-11-08 11:47:00.000000 UTC,11.6219777436
2022-11-08 11:48:00.000000 UTC,11.6700368306
2022-11-08 11:49:00.000000 UTC,11.573259755
2022-11-08 11:50:00.000000 UTC,11.7586952892
2022-11-08 11:51:00.000000 UTC,11.872258330600001
2022-11-08 11:52:00.000000 UTC,11.5782609758
2022-11-08 11:53:00.000000 UTC,11.679143949799998
2022-11-08 11:54:00.000000 UTC,12.9485896722
2022-11-08 11:55:00.000000 UTC,12.3700447792
2022-11-08 11:56:00.000000 UTC,12.294038505
2022-11-08 11:57:00.000000 UTC,13.060239427600001
2022-11-08 11:58:00.000000 UTC,12.0140053962
2022-11-08 11:59:00.000000 UTC,11.9263772428
2022-11-08 12:00:00.000000 UTC,13.0500352784
2022-11-08 12:01:00.000000 UTC,14.8129637732
2022-11-08 12:02:00.000000 UTC,14.789492026
2022-11-08 12:03:00.000000 UTC,14.2989917246
2022-11-08 12:04:00.000000 UTC,13.4444608588
2022-11-08 12:05:00.000000 UTC,12.3203995096
2022-11-08 12:06:00.000000 UTC,12.132166122
2022-11-08 12:07:00.000000 UTC,11.383436865
2022-11-08 12:08:00.000000 UTC,12.493508421
2022-11-08 12:09:00.000000 UTC,12.5310733644
2022-11-08 12:10:00.000000 UTC,12.0485695224
2022-11-08 12:11:00.000000 UTC,12.0032788578
2022-11-08 12:12:00.000000 UTC,11.955324817200001
2022-11-08 12:13:00.000000 UTC,11.647978182200001
2022-11-08 12:14:00.000000 UTC,11.803902183
2022-11-08 12:15:00.000000 UTC,13.0009699018
2022-11-08 12:16:00.000000 UTC,12.2556781908
2022-11-08 12:17:00.000000 UTC,12.5593785092
2022-11-08 12:18:00.000000 UTC,11.8596521216
2022-11-08 12:19:00.000000 UTC,12.003810311399999
2022-11-08 12:20:00.000000 UTC,12.0593369542
2022-11-08 12:21:00.000000 UTC,13.340988126
2022-11-08 12:22:00.000000 UTC,12.946541574200001
2022-11-08 12:23:00.000000 UTC,13.6431851906
2022-11-08 12:24:00.000000 UTC,12.759858678
2022-11-08 12:25:00.000000 UTC,12.4056977696
2022-11-08 12:26:00.000000 UTC,12.1036601552
2022-11-08 12:27:00.000000 UTC,12.2900049676
2022-11-08 12:28:00.000000 UTC,12.1309031816
2022-11-08 12:29:00.000000 UTC,11.7900898232
2022-11-08 12:30:00.000000 UTC,11.4574989106
2022-11-08 12:31:00.000000 UTC,11.8081930034
2022-11-08 12:32:00.000000 UTC,12.0892758058
2022-11-08 12:33:00.000000 UTC,12.405164987600001
2022-11-08 12:34:00.000000 UTC,12.6216723696
2022-11-08 12:35:00.000000 UTC,13.1815425326
2022-11-08 12:36:00.000000 UTC,12.949252548
2022-11-08 12:37:00.000000 UTC,12.3656922904
2022-11-08 12:38:00.000000 UTC,12.0676619304
2022-11-08 12:39:00.000000 UTC,12.799601435
2022-11-08 12:40:00.000000 UTC,13.1920004004
2022-11-08 12:41:00.000000 UTC,12.934001159600001
2022-11-08 12:42:00.000000 UTC,13.534916042799999
2022-11-08 12:43:00.000000 UTC,13.2756596706
2022-11-08 12:44:00.000000 UTC,12.056669592
2022-11-08 12:45:00.000000 UTC,12.4649663852
2022-11-08 12:46:00.000000 UTC,11.6924327928
2022-11-08 12:47:00.000000 UTC,11.697715199
2022-11-08 12:48:00.000000 UTC,11.4285613638
2022-11-08 12:49:00.000000 UTC,11.7575838836
2022-11-08 12:50:00.000000 UTC,11.047805459
2022-11-08 12:51:00.000000 UTC,11.5028602956
2022-11-08 12:52:00.000000 UTC,12.322084437600001
2022-11-08 12:53:00.000000 UTC,13.340713878799999
2022-11-08 12:54:00.000000 UTC,12.7893502038
2022-11-08 12:55:00.000000 UTC,11.919408666399999
2022-11-08 12:56:00.000000 UTC,11.805040484600001
2022-11-08 12:57:00.000000 UTC,11.798900537
2022-11-08 12:58:00.000000 UTC,11.978828372399999
2022-11-08 12:59:00.000000 UTC,12.6450113886
2022-11-08 13:00:00.000000 UTC,12.9832943284
2022-11-08 13:01:00.000000 UTC,12.420603373
2022-11-08 13:02:00.000000 UTC,11.9014934536
2022-11-08 13:03:00.000000 UTC,11.886950520200001
2022-11-08 13:04:00.000000 UTC,11.7337520646
2022-11-08 13:05:00.000000 UTC,11.2215058406
2022-11-08 13:06:00.000000 UTC,12.4983880534
2022-11-08 13:07:00.000000 UTC,13.1544797372
2022-11-08 13:08:00.000000 UTC,11.976635176
2022-11-08 13:09:00.000000 UTC,12.020988458
2022-11-08 13:10:00.000000 UTC,12.098815336
2022-11-08 13:11:00.000000 UTC,11.5165750102
2022-11-08 13:12:00.000000 UTC,12.343786386200001
2022-11-08 13:13:00.000000 UTC,11.3735764782
2022-11-08 13:14:00.000000 UTC,11.179525715
2022-11-08 13:15:00.000000 UTC,11.456334950799999
2022-11-08 13:16:00.000000 UTC,11.5225230064
2022-11-08 13:17:00.000000 UTC,11.724101575399999
2022-11-08 13:18:00.000000 UTC,11.156999706399999
2022-11-08 13:19:00.000000 UTC,12.0436453614
2022-11-08 13:20:00.000000 UTC,12.0413641386
2022-11-08 13:21:00.000000 UTC,12.2176936308
2022-11-08 13:22:00.000000 UTC,12.3250340452
2022-11-08 13:23:00.000000 UTC,12.1081077112
2022-11-08 13:24:00.000000 UTC,11.8863395174
2022-11-08 13:25:00.000000 UTC,12.0572542516
2022-11-08 13:26:00.000000 UTC,12.4019045078
2022-11-08 13:27:00.000000 UTC,12.8482850652
2022-11-08 13:28:00.000000 UTC,12.1695049148
2022-11-08 13:29:00.000000 UTC,11.902538417799999
2022-11-08 13:30:00.000000 UTC,12.154056525200001
2022-11-08 13:31:00.000000 UTC,11.5867853364
2022-11-08 13:32:00.000000 UTC,11.9870579844
2022-11-08 13:33:00.000000 UTC,11.635975889200001
2022-11-08 13:34:00.000000 UTC,11.5646383834
2022-11-08 13:35:00.000000 UTC,12.2843653746
2022-11-08 13:36:00.000000 UTC,11.8427167442
2022-11-08 13:37:00.000000 UTC,11.7243162998
2022-11-08 13:38:00.000000 UTC,11.978334646
2022-11-08 13:39:00.000000 UTC,11.468594055399999
2022-11-08 13:40:00.000000 UTC,11.2545046402
2022-11-08 13:41:00.000000 UTC,11.956978473
2022-11-08 13:42:00.000000 UTC,12.425577835799999
2022-11-08 13:43:00.000000 UTC,12.1625214704
2022-11-08 13:44:00.000000 UTC,12.721766742
2022-11-08 13:45:00.000000 UTC,11.999660344399999
2022-11-08 13:46:00.000000 UTC,11.772463119600001
2022-11-08 13:47:00.000000 UTC,11.354099819
2022-11-08 13:48:00.000000 UTC,11.0886359092
2022-11-08 13:49:00.000000 UTC,11.0851307978
2022-11-08 13:50:00.000000 UTC,11.1035548692
2022-11-08 13:51:00.000000 UTC,11.8692581772
2022-11-08 13:52:00.000000 UTC,11.4581591126
2022-11-08 13:53:00.000000 UTC,11.8726027238
2022-11-08 13:54:00.000000 UTC,12.539017193200001
2022-11-08 13:55:00.000000 UTC,13.7359655536
2022-11-08 13:56:00.000000 UTC,13.6974497254
2022-11-08 13:57:00.000000 UTC,14.810614339799999
2022-11-08 13:58:00.000000 UTC,15.159516693399999
2022-11-08 13:59:00.000000 UTC,15.0139971266
2022-11-08 14:00:00.000000 UTC,17.736737639599998
2022-11-08 14:01:00.000000 UTC,20.2319535372
2022-11-08 14:02:00.000000 UTC,19.7387849134
2022-11-08 14:03:00.000000 UTC,19.9589916822
2022-11-08 14:04:00.000000 UTC,20.800545959
2022-11-08 14:05:00.000000 UTC,19.5296636466
2022-11-08 14:06:00.000000 UTC,18.7877508424
2022-11-08 14:07:00.000000 UTC,17.630398367
2022-11-08 14:08:00.000000 UTC,17.592858836799998
2022-11-08 14:09:00.000000 UTC,20.058926078400003
2022-11-08 14:10:00.000000 UTC,21.1362366908
2022-11-08 14:11:00.000000 UTC,19.387117090599997
2022-11-08 14:12:00.000000 UTC,18.310216230400002
2022-11-08 14:13:00.000000 UTC,17.481687176599998
2022-11-08 14:14:00.000000 UTC,16.815423525
2022-11-08 14:15:00.000000 UTC,16.7025561034
2022-11-08 14:16:00.000000 UTC,15.0745100654
2022-11-08 14:17:00.000000 UTC,15.4118264998
2022-11-08 14:18:00.000000 UTC,16.7597419158
2022-11-08 14:19:00.000000 UTC,17.736979812599998
2022-11-08 14:20:00.000000 UTC,17.8274696134
2022-11-08 14:21:00.000000 UTC,17.6212930864
2022-11-08 14:22:00.000000 UTC,17.8036980912
2022-11-08 14:23:00.000000 UTC,18.127012191200002
2022-11-08 14:24:00.000000 UTC,19.114393570599997
2022-11-08 14:25:00.000000 UTC,18.1674935458
2022-11-08 14:26:00.000000 UTC,18.908257491599997
2022-11-08 14:27:00.000000 UTC,20.6605307528
2022-11-08 14:28:00.000000 UTC,19.2944332716
2022-11-08 14:29:00.000000 UTC,19.5381173952
2022-11-08 14:30:00.000000 UTC,19.812657857
2022-11-08 14:31:00.000000 UTC,20.210419635599997
2022-11-08 14:32:00.000000 UTC,19.5575965152
2022-11-08 14:33:00.000000 UTC,18.2445475376
2022-11-08 14:34:00.000000 UTC,18.722887071200002
2022-11-08 14:35:00.000000 UTC,17.8777362814
2022-11-08 14:36:00.000000 UTC,20.6453018176
2022-11-08 14:37:00.000000 UTC,21.5424494936
2022-11-08 14:38:00.000000 UTC,21.7103983434
2022-11-08 14:39:00.000000 UTC,22.238422592
2022-11-08 14:40:00.000000 UTC,24.6189949562
2022-11-08 14:41:00.000000 UTC,26.6632256374
2022-11-08 14:42:00.000000 UTC,26.371583488400002
2022-11-08 14:43:00.000000 UTC,27.0492773748
2022-11-08 14:44:00.000000 UTC,29.911760611200002
2022-11-08 14:45:00.000000 UTC,31.050038991599997
2022-11-08 14:46:00.000000 UTC,31.6647629134
2022-11-08 14:47:00.000000 UTC,29.8182636908
2022-11-08 14:48:00.000000 UTC,28.4134810316
2022-11-08 14:49:00.000000 UTC,32.0086959678
2022-11-08 14:50:00.000000 UTC,34.510831388599996
2022-11-08 14:51:00.000000 UTC,36.766865026199994
2022-11-08 14:52:00.000000 UTC,39.2175514568
2022-11-08 14:53:00.000000 UTC,38.575143456800006
2022-11-08 14:54:00.000000 UTC,36.9036820252
2022-11-08 14:55:00.000000 UTC,34.4569190836
2022-11-08 14:56:00.000000 UTC,33.0434978702
2022-11-08 14:57:00.000000 UTC,30.5037199004
2022-11-08 14:58:00.000000 UTC,27.9693828632
2022-11-08 14:59:00.000000 UTC,26.8424774328
2022-11-08 15:00:00.000000 UTC,29.0384217862
2022-11-08 15:01:00.000000 UTC,30.4578518326
2022-11-08 15:02:00.000000 UTC,30.2118129814
2022-11-08 15:03:00.000000 UTC,31.0848569636
2022-11-08 15:04:00.000000 UTC,29.7467110292
2022-11-08 15:05:00.000000 UTC,30.334487458599998
2022-11-08 15:06:00.000000 UTC,29.0486856974
2022-11-08 15:07:00.000000 UTC,28.450658529
2022-11-08 15:08:00.000000 UTC,25.668325635
2022-11-08 15:09:00.000000 UTC,24.304926647200002
2022-11-08 15:10:00.000000 UTC,23.4586607568
2022-11-08 15:11:00.000000 UTC,22.5821698192
2022-11-08 15:12:00.000000 UTC,22.6507812022
2022-11-08 15:13:00.000000 UTC,22.985058389
2022-11-08 15:14:00.000000 UTC,23.512169324
2022-11-08 15:15:00.000000 UTC,21.3918923028
2022-11-08 15:16:00.000000 UTC,20.4366467158
2022-11-08 15:17:00.000000 UTC,20.5412358036
2022-11-08 15:18:00.000000 UTC,20.3632761788
2022-11-08 15:19:00.000000 UTC,20.4725452032
2022-11-08 15:20:00.000000 UTC,20.177371132
2022-11-08 15:21:00.000000 UTC,21.471038972400002
2022-11-08 15:22:00.000000 UTC,22.368041656400003
2022-11-08 15:23:00.000000 UTC,21.451662899
2022-11-08 15:24:00.000000 UTC,21.695723889
2022-11-08 15:25:00.000000 UTC,23.3011972662
2022-11-08 15:26:00.000000 UTC,24.1845409664
2022-11-08 15:27:00.000000 UTC,25.92398558
2022-11-08 15:28:00.000000 UTC,25.6300607014
2022-11-08 15:29:00.000000 UTC,27.7492038458
2022-11-08 15:30:00.000000 UTC,32.6940622728
2022-11-08 15:31:00.000000 UTC,33.819748486
2022-11-08 15:32:00.000000 UTC,30.44200886575
2022-11-08 15:33:00.000000 UTC,31.550849335
2022-11-08 15:34:00.000000 UTC,32.5658597936
2022-11-08 15:35:00.000000 UTC,32.006733213
2022-11-08 15:36:00.000000 UTC,33.088028165
2022-11-08 15:37:00.000000 UTC,33.669493421599995
2022-11-08 15:38:00.000000 UTC,34.2057898258
2022-11-08 15:39:00.000000 UTC,33.1538722624
2022-11-08 15:40:00.000000 UTC,31.107748521799998
2022-11-08 15:41:00.000000 UTC,29.0656456428
2022-11-08 15:42:00.000000 UTC,27.538362456599998
2022-11-08 15:43:00.000000 UTC,27.943654304200003
2022-11-08 15:44:00.000000 UTC,27.0122726122
2022-11-08 15:45:00.000000 UTC,24.647048004
2022-11-08 15:46:00.000000 UTC,24.367670563599997
2022-11-08 15:47:00.000000 UTC,22.8315216076
2022-11-08 15:48:00.000000 UTC,23.2417943048
2022-11-08 15:49:00.000000 UTC,23.7278361414
2022-11-08 15:50:00.000000 UTC,23.638968502599997
2022-11-08 15:51:00.000000 UTC,23.023236791
2022-11-08 15:52:00.000000 UTC,22.3117010438
2022-11-08 15:53:00.000000 UTC,22.855209582
2022-11-08 15:54:00.000000 UTC,23.7479532834
2022-11-08 15:55:00.000000 UTC,22.3494714668
2022-11-08 15:56:00.000000 UTC,21.242149989599998
2022-11-08 15:57:00.000000 UTC,21.6060180782
2022-11-08 15:58:00.000000 UTC,22.7502450708
2022-11-08 15:59:00.000000 UTC,22.0827574866
2022-11-08 16:00:00.000000 UTC,25.458699853
2022-11-08 16:01:00.000000 UTC,27.128871098599998
2022-11-08 16:02:00.000000 UTC,29.06995047875
2022-11-08 16:03:00.000000 UTC,28.703522932
2022-11-08 16:04:00.000000 UTC,33.0598495972
2022-11-08 16:05:00.000000 UTC,47.4611970602
2022-11-08 16:06:00.000000 UTC,65.777379978
2022-11-08 16:07:00.000000 UTC,78.085252035
2022-11-08 16:08:00.000000 UTC,83.9120439868
2022-11-08 16:09:00.000000 UTC,89.5580934592
2022-11-08 16:10:00.000000 UTC,109.1065697662
2022-11-08 16:11:00.000000 UTC,109.75139330580001
2022-11-08 16:12:00.000000 UTC,114.1786819662
2022-11-08 16:13:00.000000 UTC,115.7514072402
2022-11-08 16:14:00.000000 UTC,115.66053909739999
2022-11-08 16:15:00.000000 UTC,115.0634490434
2022-11-08 16:16:00.000000 UTC,105.1269112302
2022-11-08 16:17:00.000000 UTC,95.427632983399988
2022-11-08 16:18:00.000000 UTC,101.360928168
2022-11-08 16:19:00.000000 UTC,105.3159106214
2022-11-08 16:20:00.000000 UTC,97.8663576054
2022-11-08 16:21:00.000000 UTC,88.2393429788
2022-11-08 16:22:00.000000 UTC,85.953936912199993
2022-11-08 16:23:00.000000 UTC,84.533093658
2022-11-08 16:24:00.000000 UTC,78.085696159
2022-11-08 16:25:00.000000 UTC,76.4202589264
2022-11-08 16:26:00.000000 UTC,78.6023764138
2022-11-08 16:27:00.000000 UTC,74.436292067399989
2022-11-08 16:28:00.000000 UTC,73.5419952604
2022-11-08 16:29:00.000000 UTC,66.292202026
2022-11-08 16:30:00.000000 UTC,62.8406219034
2022-11-08 16:31:00.000000 UTC,61.8341306988
2022-11-08 16:32:00.000000 UTC,67.3101109392
2022-11-08 16:33:00.000000 UTC,77.473138245
2022-11-08 16:34:00.000000 UTC,81.3971097568
2022-11-08 16:35:00.000000 UTC,84.193538378399992
2022-11-08 16:36:00.000000 UTC,78.325264998800009
2022-11-08 16:37:00.000000 UTC,77.924488104
2022-11-08 16:38:00.000000 UTC,71.55315191119999
2022-11-08 16:39:00.000000 UTC,65.953640229
2022-11-08 16:40:00.000000 UTC,60.13410526
2022-11-08 16:41:00.000000 UTC,54.8699127572
2022-11-08 16:42:00.000000 UTC,54.8909484824
2022-11-08 16:43:00.000000 UTC,58.700834364
2022-11-08 16:44:00.000000 UTC,60.288227435
2022-11-08 16:45:00.000000 UTC,55.1135473526
2022-11-08 16:46:00.000000 UTC,50.635243067
2022-11-08 16:47:00.000000 UTC,46.7250100778
2022-11-08 16:48:00.000000 UTC,46.0421528098
2022-11-08 16:49:00.000000 UTC,48.726139993800004
2022-11-08 16:50:00.000000 UTC,48.385662757599995
2022-11-08 16:51:00.000000 UTC,47.629004665400004
2022-11-08 16:52:00.000000 UTC,48.740274748400005
2022-11-08 16:53:00.000000 UTC,47.1546692946
2022-11-08 16:54:00.000000 UTC,48.0170758062
2022-11-08 16:55:00.000000 UTC,50.016393777199994
2022-11-08 16:56:00.000000 UTC,49.036457186599996
2022-11-08 16:57:00.000000 UTC,49.5891930452
2022-11-08 16:58:00.000000 UTC,53.9889497128
2022-11-08 16:59:00.000000 UTC,59.8430655434
2022-11-08 17:00:00.000000 UTC,63.5673035312
2022-11-08 17:01:00.000000 UTC,67.3124737346
2022-11-08 17:02:00.000000 UTC,71.0011260954
2022-11-08 17:03:00.000000 UTC,83.307121848
2022-11-08 17:04:00.000000 UTC,73.4938126202
2022-11-08 17:05:00.000000 UTC,63.597365534199994
2022-11-08 17:06:00.000000 UTC,59.4779165448
2022-11-08 17:07:00.000000 UTC,57.2205285732
2022-11-08 17:08:00.000000 UTC,56.330709553
2022-11-08 17:09:00.000000 UTC,58.9980589892
2022-11-08 17:10:00.000000 UTC,57.472327169
2022-11-08 17:11:00.000000 UTC,54.3408003634
2022-11-08 17:12:00.000000 UTC,54.381457155599996
2022-11-08 17:13:00.000000 UTC,50.419101129400005
2022-11-08 17:14:00.000000 UTC,51.10055530525
2022-11-08 17:15:00.000000 UTC,51.4600997434
2022-11-08 17:16:00.000000 UTC,55.6720080554
2022-11-08 17:17:00.000000 UTC,58.830133298599996
2022-11-08 17:18:00.000000 UTC,61.6858714114
2022-11-08 17:19:00.000000 UTC,69.41844139860001
2022-11-08 17:20:00.000000 UTC,74.3022252604
2022-11-08 17:21:00.000000 UTC,82.82416940680001
2022-11-08 17:22:00.000000 UTC,96.2798493148
2022-11-08 17:23:00.000000 UTC,96.052887826199992
2022-11-08 17:24:00.000000 UTC,91.8771801704
2022-11-08 17:25:00.000000 UTC,97.932146023600012
2022-11-08 17:26:00.000000 UTC,95.9458530994
2022-11-08 17:27:00.000000 UTC,92.1438710778
2022-11-08 17:28:00.000000 UTC,98.7368340978
2022-11-08 17:29:00.000000 UTC,94.02615250480001
2022-11-08 17:30:00.000000 UTC,97.9803358516
2022-11-08 17:31:00.000000 UTC,91.74841078339999
2022-11-08 17:32:00.000000 UTC,91.3648927496
2022-11-08 17:33:00.000000 UTC,86.0521472032
2022-11-08 17:34:00.000000 UTC,80.868513151199991
2022-11-08 17:35:00.000000 UTC,83.9532596632
2022-11-08 17:36:00.000000 UTC,82.35625918
2022-11-08 17:37:00.000000 UTC,82.150962694600011
2022-11-08 17:38:00.000000 UTC,81.3977115468
2022-11-08 17:39:00.000000 UTC,72.9864513328
2022-11-08 17:40:00.000000 UTC,71.493238959
2022-11-08 17:41:00.000000 UTC,66.313319174
2022-11-08 17:42:00.000000 UTC,63.863267513
2022-11-08 17:43:00.000000 UTC,60.5616855978
2022-11-08 17:44:00.000000 UTC,60.5674014272
2022-11-08 17:45:00.000000 UTC,62.0592866454
2022-11-08 17:46:00.000000 UTC,59.1524308066
2022-11-08 17:47:00.000000 UTC,56.4692161834
2022-11-08 17:48:00.000000 UTC,58.596749741400004
2022-11-08 17:49:00.000000 UTC,57.759316983199994
2022-11-08 17:50:00.000000 UTC,58.862805578199996
2022-11-08 17:51:00.000000 UTC,61.4823924202
2022-11-08 17:52:00.000000 UTC,67.141550009
2022-11-08 17:53:00.000000 UTC,79.077373691
2022-11-08 17:54:00.000000 UTC,100.7266895258
2022-11-08 17:55:00.000000 UTC,108.05794122719999
2022-11-08 17:56:00.000000 UTC,106.12674471839999
2022-11-08 17:57:00.000000 UTC,104.13638188639999
2022-11-08 17:58:00.000000 UTC,96.8667803794
2022-11-08 17:59:00.000000 UTC,86.028404092600013
2022-11-08 18:00:00.000000 UTC,92.526532758
2022-11-08 18:01:00.000000 UTC,94.9264433216
2022-11-08 18:02:00.000000 UTC,87.7017217848
2022-11-08 18:03:00.000000 UTC,80.3024865084
2022-11-08 18:04:00.000000 UTC,79.831136222600009
2022-11-08 18:05:00.000000 UTC,90.75581129775
2022-11-08 18:06:00.000000 UTC,116.736612023
2022-11-08 18:07:00.000000 UTC,154.4678803858
2022-11-08 18:08:00.000000 UTC,181.60447996879998
2022-11-08 18:09:00.000000 UTC,174.43586446
2022-11-08 18:10:00.000000 UTC,167.930437293
2022-11-08 18:11:00.000000 UTC,162.49928707720002
2022-11-08 18:12:00.000000 UTC,150.638618409
2022-11-08 18:13:00.000000 UTC,137.2784295806
2022-11-08 18:14:00.000000 UTC,125.72073782960001
2022-11-08 18:15:00.000000 UTC,116.4485832522
2022-11-08 18:16:00.000000 UTC,120.4846537174
2022-11-08 18:17:00.000000 UTC,136.140698622
2022-11-08 18:18:00.000000 UTC,137.4898307414
2022-11-08 18:19:00.000000 UTC,159.3732095832
2022-11-08 18:20:00.000000 UTC,187.98021747520002
2022-11-08 18:21:00.000000 UTC,215.743059868
2022-11-08 18:22:00.000000 UTC,254.6869046608
2022-11-08 18:23:00.000000 UTC,245.5205604794
2022-11-08 18:24:00.000000 UTC,216.5265019778
2022-11-08 18:25:00.000000 UTC,207.0206917516
2022-11-08 18:26:00.000000 UTC,187.6911486054
2022-11-08 18:27:00.000000 UTC,183.13866351725
2022-11-08 18:28:00.000000 UTC,172.30960552020002
2022-11-08 18:29:00.000000 UTC,157.86363039079998
2022-11-08 18:30:00.000000 UTC,155.12826463160002
2022-11-08 18:31:00.000000 UTC,150.4705396216
2022-11-08 18:32:00.000000 UTC,138.18812036879999
2022-11-08 18:33:00.000000 UTC,148.9084902092
2022-11-08 18:34:00.000000 UTC,149.9249024148
2022-11-08 18:35:00.000000 UTC,139.76388421960002
2022-11-08 18:36:00.000000 UTC,138.6168348588
2022-11-08 18:37:00.000000 UTC,127.7596711942
2022-11-08 18:38:00.000000 UTC,121.6406750668
2022-11-08 18:39:00.000000 UTC,111.6753939602
2022-11-08 18:40:00.000000 UTC,113.8522041092
2022-11-08 18:41:00.000000 UTC,109.1272320722
2022-11-08 18:42:00.000000 UTC,124.07519124160001
2022-11-08 18:43:00.000000 UTC,122.165254998
2022-11-08 18:44:00.000000 UTC,121.1206459994
2022-11-08 18:45:00.000000 UTC,111.303982148
2022-11-08 18:46:00.000000 UTC,102.7062248722
2022-11-08 18:47:00.000000 UTC,101.026342419
2022-11-08 18:48:00.000000 UTC,102.4798787836
2022-11-08 18:49:00.000000 UTC,104.8713550232
2022-11-08 18:50:00.000000 UTC,101.1561426378
2022-11-08 18:51:00.000000 UTC,109.1412973552
2022-11-08 18:52:00.000000 UTC,104.03564118060001
2022-11-08 18:53:00.000000 UTC,105.8905596698
2022-11-08 18:54:00.000000 UTC,105.8926917882
2022-11-08 18:55:00.000000 UTC,103.9093182348
2022-11-08 18:56:00.000000 UTC,114.2608195838
2022-11-08 18:57:00.000000 UTC,116.684263687
2022-11-08 18:58:00.000000 UTC,124.98579841739999
2022-11-08 18:59:00.000000 UTC,117.9175607186
2022-11-08 19:00:00.000000 UTC,126.1343699146
2022-11-08 19:01:00.000000 UTC,148.1339395424
2022-11-08 19:02:00.000000 UTC,131.4991418738
2022-11-08 19:03:00.000000 UTC,126.79542735519999
2022-11-08 19:04:00.000000 UTC,116.7015055918
2022-11-08 19:05:00.000000 UTC,109.805361496
2022-11-08 19:06:00.000000 UTC,102.695329991
2022-11-08 19:07:00.000000 UTC,106.4839279186
2022-11-08 19:08:00.000000 UTC,103.78619434260001
2022-11-08 19:09:00.000000 UTC,104.5582113538
2022-11-08 19:10:00.000000 UTC,104.8671177078
2022-11-08 19:11:00.000000 UTC,121.560032231
2022-11-08 19:12:00.000000 UTC,111.3172475892
2022-11-08 19:13:00.000000 UTC,117.121246791
2022-11-08 19:14:00.000000 UTC,117.1763924414
2022-11-08 19:15:00.000000 UTC,120.2321362754
2022-11-08 19:16:00.000000 UTC,121.2406305782
2022-11-08 19:17:00.000000 UTC,120.7269079032
2022-11-08 19:18:00.000000 UTC,113.63468891725
2022-11-08 19:19:00.000000 UTC,111.97255638339999
2022-11-08 19:20:00.000000 UTC,104.325992155
2022-11-08 19:21:00.000000 UTC,105.264333596
2022-11-08 19:22:00.000000 UTC,109.80551214139999
2022-11-08 19:23:00.000000 UTC,126.65150445180001
2022-11-08 19:24:00.000000 UTC,153.45630769579998
2022-11-08 19:25:00.000000 UTC,174.2719381622
2022-11-08 19:26:00.000000 UTC,192.7259637672
2022-11-08 19:27:00.000000 UTC,207.68430840439999
2022-11-08 19:28:00.000000 UTC,232.3754868818
2022-11-08 19:29:00.000000 UTC,280.6046411652
2022-11-08 19:30:00.000000 UTC,297.339272219
2022-11-08 19:31:00.000000 UTC,363.009796093
2022-11-08 19:32:00.000000 UTC,436.0833510486
2022-11-08 19:33:00.000000 UTC,548.57143186125
2022-11-08 19:34:00.000000 UTC,593.2807242694
2022-11-08 19:35:00.000000 UTC,648.597086806
2022-11-08 19:36:00.000000 UTC,610.5645154518
2022-11-08 19:37:00.000000 UTC,556.5026373614
2022-11-08 19:38:00.000000 UTC,504.4756942184
2022-11-08 19:39:00.000000 UTC,498.1454842476
2022-11-08 19:40:00.000000 UTC,470.1229384798
2022-11-08 19:41:00.000000 UTC,437.33074092159995
2022-11-08 19:42:00.000000 UTC,384.2883064448
2022-11-08 19:43:00.000000 UTC,349.9174630416
2022-11-08 19:44:00.000000 UTC,323.656046096
2022-11-08 19:45:00.000000 UTC,288.8964995838
2022-11-08 19:46:00.000000 UTC,298.1022021402
2022-11-08 19:47:00.000000 UTC,280.61613959920004
2022-11-08 19:48:00.000000 UTC,262.785090213
2022-11-08 19:49:00.000000 UTC,246.676470306
2022-11-08 19:50:00.000000 UTC,247.4698546706
2022-11-08 19:51:00.000000 UTC,225.87448918639998
2022-11-08 19:52:00.000000 UTC,212.5521102438
2022-11-08 19:53:00.000000 UTC,198.0370917878
2022-11-08 19:54:00.000000 UTC,194.0227747856
2022-11-08 19:55:00.000000 UTC,192.9244714072
2022-11-08 19:56:00.000000 UTC,184.4156044774
2022-11-08 19:57:00.000000 UTC,172.31126367820002
2022-11-08 19:58:00.000000 UTC,168.3131687992
2022-11-08 19:59:00.000000 UTC,160.3590067554
2022-11-08 20:00:00.000000 UTC,179.9080172026
2022-11-08 20:01:00.000000 UTC,170.60266912260002
2022-11-08 20:02:00.000000 UTC,154.09221427379998
2022-11-08 20:03:00.000000 UTC,153.1995048636
2022-11-08 20:04:00.000000 UTC,142.925064946
2022-11-08 20:05:00.000000 UTC,139.9650119864
2022-11-08 20:06:00.000000 UTC,132.953849792
2022-11-08 20:07:00.000000 UTC,125.3098951606
2022-11-08 20:08:00.000000 UTC,126.012933834
2022-11-08 20:09:00.000000 UTC,139.5759899912
2022-11-08 20:10:00.000000 UTC,153.989435125
2022-11-08 20:11:00.000000 UTC,170.1905470236
2022-11-08 20:12:00.000000 UTC,179.7157995636
2022-11-08 20:13:00.000000 UTC,171.5907785478
2022-11-08 20:14:00.000000 UTC,168.31394972220002
2022-11-08 20:15:00.000000 UTC,154.4365911522
2022-11-08 20:16:00.000000 UTC,140.0052235382
2022-11-08 20:17:00.000000 UTC,132.310195661
2022-11-08 20:18:00.000000 UTC,143.8294584056
2022-11-08 20:19:00.000000 UTC,156.9870914714
2022-11-08 20:20:00.000000 UTC,152.1153849856
2022-11-08 20:21:00.000000 UTC,137.2539986692
2022-11-08 20:22:00.000000 UTC,124.51040412319999
2022-11-08 20:23:00.000000 UTC,119.8095781976
2022-11-08 20:24:00.000000 UTC,124.3511649004
2022-11-08 20:25:00.000000 UTC,129.1198862128
2022-11-08 20:26:00.000000 UTC,131.552350492
2022-11-08 20:27:00.000000 UTC,134.1318087582
2022-11-08 20:28:00.000000 UTC,132.50882615839998
2022-11-08 20:29:00.000000 UTC,151.0671900225
2022-11-08 20:30:00.000000 UTC,164.23030145
2022-11-08 20:31:00.000000 UTC,180.5459254658
2022-11-08 20:32:00.000000 UTC,161.1197953024
2022-11-08 20:33:00.000000 UTC,150.89389863739999
2022-11-08 20:34:00.000000 UTC,142.021908573
2022-11-08 20:35:00.000000 UTC,133.0185154535
2022-11-08 20:36:00.000000 UTC,143.4941523676
2022-11-08 20:37:00.000000 UTC,145.3939960696
2022-11-08 20:38:00.000000 UTC,136.6889035712
2022-11-08 20:39:00.000000 UTC,124.5564116436
2022-11-08 20:40:00.000000 UTC,120.4517652146
2022-11-08 20:41:00.000000 UTC,114.302931122
2022-11-08 20:42:00.000000 UTC,113.7341736744
2022-11-08 20:43:00.000000 UTC,109.8723892422
2022-11-08 20:44:00.000000 UTC,113.32368003580001
2022-11-08 20:45:00.000000 UTC,114.007288123
2022-11-08 20:46:00.000000 UTC,110.3281752468
2022-11-08 20:47:00.000000 UTC,109.11184674980001
2022-11-08 20:48:00.000000 UTC,105.6445770748
2022-11-08 20:49:00.000000 UTC,99.9223163992
2022-11-08 20:50:00.000000 UTC,111.1009859156
2022-11-08 20:51:00.000000 UTC,101.547194869
2022-11-08 20:52:00.000000 UTC,102.6931525144
2022-11-08 20:53:00.000000 UTC,100.9919358138
2022-11-08 20:54:00.000000 UTC,97.4605350358
2022-11-08 20:55:00.000000 UTC,100.5081641282
2022-11-08 20:56:00.000000 UTC,103.0770771726
2022-11-08 20:57:00.000000 UTC,98.62841242239999
2022-11-08 20:58:00.000000 UTC,95.5201259322
2022-11-08 20:59:00.000000 UTC,108.5233580556
2022-11-08 21:00:00.000000 UTC,103.421415067
2022-11-08 21:01:00.000000 UTC,103.4763904924
2022-11-08 21:02:00.000000 UTC,103.4539911128
2022-11-08 21:03:00.000000 UTC,104.909559551
2022-11-08 21:04:00.000000 UTC,101.0470851422
2022-11-08 21:05:00.000000 UTC,92.1372770598
2022-11-08 21:06:00.000000 UTC,86.828530863
2022-11-08 21:07:00.000000 UTC,82.603014996
2022-11-08 21:08:00.000000 UTC,79.5046457002
2022-11-08 21:09:00.000000 UTC,74.3038644264
2022-11-08 21:10:00.000000 UTC,77.6587941218
2022-11-08 21:11:00.000000 UTC,76.6280648478
2022-11-08 21:12:00.000000 UTC,73.45530544425
2022-11-08 21:13:00.000000 UTC,75.0512634896
2022-11-08 21:14:00.000000 UTC,71.664506070600012
2022-11-08 21:15:00.000000 UTC,72.393857212
2022-11-08 21:16:00.000000 UTC,67.387134471599992
2022-11-08 21:17:00.000000 UTC,69.7426876328
2022-11-08 21:18:00.000000 UTC,69.015602381800008
2022-11-08 21:19:00.000000 UTC,69.871532817
2022-11-08 21:20:00.000000 UTC,66.6597787566
2022-11-08 21:21:00.000000 UTC,64.7461820746
2022-11-08 21:22:00.000000 UTC,63.605231421199996
2022-11-08 21:23:00.000000 UTC,63.966958675
2022-11-08 21:24:00.000000 UTC,60.2934381766
2022-11-08 21:25:00.000000 UTC,59.779374078800004
2022-11-08 21:26:00.000000 UTC,59.9509568486
2022-11-08 21:27:00.000000 UTC,56.4551826402
2022-11-08 21:28:00.000000 UTC,54.6048431356
2022-11-08 21:29:00.000000 UTC,53.098552485599996
2022-11-08 21:30:00.000000 UTC,54.7268306226
2022-11-08 21:31:00.000000 UTC,56.7944160998
2022-11-08 21:32:00.000000 UTC,53.2952341346
2022-11-08 21:33:00.000000 UTC,50.7042986312
2022-11-08 21:34:00.000000 UTC,52.576214289
2022-11-08 21:35:00.000000 UTC,51.7665863084
2022-11-08 21:36:00.000000 UTC,52.6140438876
2022-11-08 21:37:00.000000 UTC,53.435335198800004
2022-11-08 21:38:00.000000 UTC,53.156692882
2022-11-08 21:39:00.000000 UTC,52.422510005
2022-11-08 21:40:00.000000 UTC,53.164185339599996
2022-11-08 21:41:00.000000 UTC,52.34801257625
2022-11-08 21:42:00.000000 UTC,57.76547042125
2022-11-08 21:43:00.000000 UTC,60.182142211199995
2022-11-08 21:44:00.000000 UTC,56.2349970636
2022-11-08 21:45:00.000000 UTC,57.769802785
2022-11-08 21:46:00.000000 UTC,55.437845045
2022-11-08 21:47:00.000000 UTC,56.1973807804
2022-11-08 21:48:00.000000 UTC,52.4363082184
2022-11-08 21:49:00.000000 UTC,50.914953841800006
2022-11-08 21:50:00.000000 UTC,49.811785926599995
2022-11-08 21:51:00.000000 UTC,48.3378250726
2022-11-08 21:52:00.000000 UTC,47.1946499696
2022-11-08 21:53:00.000000 UTC,47.1932483652
2022-11-08 21:54:00.000000 UTC,45.363243010400005
2022-11-08 21:55:00.000000 UTC,44.6991412068
2022-11-08 21:56:00.000000 UTC,44.8679722194
2022-11-08 21:57:00.000000 UTC,41.955895027400004
2022-11-08 21:58:00.000000 UTC,44.6060585046
2022-11-08 21:59:00.000000 UTC,41.8878883106
2022-11-08 22:00:00.000000 UTC,42.65448731
2022-11-08 22:01:00.000000 UTC,43.5690598344
2022-11-08 22:02:00.000000 UTC,42.8011785488
2022-11-08 22:03:00.000000 UTC,41.2964191806
2022-11-08 22:04:00.000000 UTC,41.178801797
2022-11-08 22:05:00.000000 UTC,41.491913034599996
2022-11-08 22:06:00.000000 UTC,40.8874692798
2022-11-08 22:07:00.000000 UTC,41.6314407948
2022-11-08 22:08:00.000000 UTC,41.3866885806
2022-11-08 22:09:00.000000 UTC,39.7623862356
2022-11-08 22:10:00.000000 UTC,42.3954583746
2022-11-08 22:11:00.000000 UTC,42.5540910366
2022-11-08 22:12:00.000000 UTC,39.839908128
2022-11-08 22:13:00.000000 UTC,38.8060668526
2022-11-08 22:14:00.000000 UTC,37.0749563896
2022-11-08 22:15:00.000000 UTC,35.5319123392
2022-11-08 22:16:00.000000 UTC,34.2656367194
2022-11-08 22:17:00.000000 UTC,34.5487637395
2022-11-08 22:18:00.000000 UTC,33.276293995
2022-11-08 22:19:00.000000 UTC,34.6215716566
2022-11-08 22:20:00.000000 UTC,37.162173812599995
2022-11-08 22:21:00.000000 UTC,36.0995315985
2022-11-08 22:22:00.000000 UTC,37.793657012400004
2022-11-08 22:23:00.000000 UTC,33.2376884006
2022-11-08 22:24:00.000000 UTC,31.611582522
2022-11-08 22:25:00.000000 UTC,31.230883135
2022-11-08 22:26:00.000000 UTC,35.2210331008
2022-11-08 22:27:00.000000 UTC,31.641728152
2022-11-08 22:28:00.000000 UTC,30.634682298799998
2022-11-08 22:29:00.000000 UTC,30.31830689
2022-11-08 22:30:00.000000 UTC,32.092705235400004
2022-11-08 22:31:00.000000 UTC,31.7050837506
2022-11-08 22:32:00.000000 UTC,29.761103979799998
2022-11-08 22:33:00.000000 UTC,29.6930264384
2022-11-08 22:34:00.000000 UTC,28.6374490266
2022-11-08 22:35:00.000000 UTC,27.829833944599997
2022-11-08 22:36:00.000000 UTC,26.472769619599998
2022-11-08 22:37:00.000000 UTC,26.0220920156
2022-11-08 22:38:00.000000 UTC,29.8382340812
2022-11-08 22:39:00.000000 UTC,29.6198246042
2022-11-08 22:40:00.000000 UTC,28.062692523
2022-11-08 22:41:00.000000 UTC,26.348835994
2022-11-08 22:42:00.000000 UTC,24.704292457599998
2022-11-08 22:43:00.000000 UTC,25.8125081272
2022-11-08 22:44:00.000000 UTC,25.978443839
2022-11-08 22:45:00.000000 UTC,24.8794167668
2022-11-08 22:46:00.000000 UTC,25.3703741954
2022-11-08 22:47:00.000000 UTC,24.54790336
2022-11-08 22:48:00.000000 UTC,24.985728026599997
2022-11-08 22:49:00.000000 UTC,25.8118398358
2022-11-08 22:50:00.000000 UTC,26.478605817
2022-11-08 22:51:00.000000 UTC,27.437806461799997
2022-11-08 22:52:00.000000 UTC,26.445762708
2022-11-08 22:53:00.000000 UTC,25.4766454938
2022-11-08 22:54:00.000000 UTC,26.1916287764
2022-11-08 22:55:00.000000 UTC,24.8159107436
2022-11-08 22:56:00.000000 UTC,24.6027363478
2022-11-08 22:57:00.000000 UTC,24.0286016362
2022-11-08 22:58:00.000000 UTC,23.4886246324
2022-11-08 22:59:00.000000 UTC,23.2726772354
2022-11-08 23:00:00.000000 UTC,29.658966208200003
2022-11-08 23:01:00.000000 UTC,31.6338029976
2022-11-08 23:02:00.000000 UTC,30.9414235264
2022-11-08 23:03:00.000000 UTC,28.201766512
2022-11-08 23:04:00.000000 UTC,26.2058766614
2022-11-08 23:05:00.000000 UTC,28.7225402566
2022-11-08 23:06:00.000000 UTC,31.6209001164
2022-11-08 23:07:00.000000 UTC,28.8250939032
2022-11-08 23:08:00.000000 UTC,26.275263759
2022-11-08 23:09:00.000000 UTC,26.0618641512
2022-11-08 23:10:00.000000 UTC,24.661097442400003
2022-11-08 23:11:00.000000 UTC,24.436386387200002
2022-11-08 23:12:00.000000 UTC,23.187000656
2022-11-08 23:13:00.000000 UTC,23.182669501
2022-11-08 23:14:00.000000 UTC,23.5192538672
2022-11-08 23:15:00.000000 UTC,24.1455110132
2022-11-08 23:16:00.000000 UTC,24.8359249438
2022-11-08 23:17:00.000000 UTC,25.5869385482
2022-11-08 23:18:00.000000 UTC,24.753423260599998
2022-11-08 23:19:00.000000 UTC,24.3146534924
2022-11-08 23:20:00.000000 UTC,24.105307333400003
2022-11-08 23:21:00.000000 UTC,23.3762683054
2022-11-08 23:22:00.000000 UTC,23.431500322599998
2022-11-08 23:23:00.000000 UTC,23.3615294278
2022-11-08 23:24:00.000000 UTC,24.1761631994
2022-11-08 23:25:00.000000 UTC,23.05024757
2022-11-08 23:26:00.000000 UTC,23.4326689886
2022-11-08 23:27:00.000000 UTC,22.755679707400002
2022-11-08 23:28:00.000000 UTC,22.038976726599998
2022-11-08 23:29:00.000000 UTC,24.4709806996
2022-11-08 23:30:00.000000 UTC,23.917056533599997
2022-11-08 23:31:00.000000 UTC,26.34256859675
2022-11-08 23:32:00.000000 UTC,25.109619394400003
2022-11-08 23:33:00.000000 UTC,22.7522382208
2022-11-08 23:34:00.000000 UTC,23.5449128808
2022-11-08 23:35:00.000000 UTC,23.278202678
2022-11-08 23:36:00.000000 UTC,24.418140225
2022-11-08 23:37:00.000000 UTC,25.036020352
2022-11-08 23:38:00.000000 UTC,23.8172422136
2022-11-08 23:39:00.000000 UTC,26.1072362986
2022-11-08 23:40:00.000000 UTC,28.0149265548
2022-11-08 23:41:00.000000 UTC,27.2216153038
2022-11-08 23:42:00.000000 UTC,27.400973950599997
2022-11-08 23:43:00.000000 UTC,26.033068792799998
2022-11-08 23:44:00.000000 UTC,25.839340745799998
2022-11-08 23:45:00.000000 UTC,24.5179998946
2022-11-08 23:46:00.000000 UTC,24.279563979400002
2022-11-08 23:47:00.000000 UTC,23.890266932400003
2022-11-08 23:48:00.000000 UTC,21.6683814216
2022-11-08 23:49:00.000000 UTC,22.054542877400003
2022-11-08 23:50:00.000000 UTC,21.360796106200002
2022-11-08 23:51:00.000000 UTC,21.9508505798
2022-11-08 23:52:00.000000 UTC,20.7743341504
2022-11-08 23:53:00.000000 UTC,21.659670103
2022-11-08 23:54:00.000000 UTC,20.3646314768
2022-11-08 23:55:00.000000 UTC,20.9467968128
2022-11-08 23:56:00.000000 UTC,20.3160376156
2022-11-08 23:57:00.000000 UTC,20.036600151400002
2022-11-08 23:58:00.000000 UTC,19.5600938328
2022-11-08 23:59:00.000000 UTC,18.634615921
2022-11-09 00:00:00.000000 UTC,19.9441483006
2022-11-09 00:01:00.000000 UTC,20.6946522856
2022-11-09 00:02:00.000000 UTC,20.26397804
2022-11-09 00:03:00.000000 UTC,20.904529431
2022-11-09 00:04:00.000000 UTC,20.6504276564
2022-11-09 00:05:00.000000 UTC,19.6749305098
2022-11-09 00:06:00.000000 UTC,19.328652393200002
2022-11-09 00:07:00.000000 UTC,20.6931656726
2022-11-09 00:08:00.000000 UTC,20.7143954278
2022-11-09 00:09:00.000000 UTC,20.3978109184
2022-11-09 00:10:00.000000 UTC,19.9122569558
2022-11-09 00:11:00.000000 UTC,18.912417205
2022-11-09 00:12:00.000000 UTC,19.2893598466
2022-11-09 00:13:00.000000 UTC,18.9004484722
2022-11-09 00:14:00.000000 UTC,18.938482713400003
2022-11-09 00:15:00.000000 UTC,19.514628860200002
2022-11-09 00:16:00.000000 UTC,21.9673205892
2022-11-09 00:17:00.000000 UTC,22.2280524886
2022-11-09 00:18:00.000000 UTC,22.8914165138
2022-11-09 00:19:00.000000 UTC,23.389798195599997
2022-11-09 00:20:00.000000 UTC,24.1651110386
2022-11-09 00:21:00.000000 UTC,23.3867003004
2022-11-09 00:22:00.000000 UTC,21.7782259264
2022-11-09 00:23:00.000000 UTC,20.95418149
2022-11-09 00:24:00.000000 UTC,21.5192126298
2022-11-09 00:25:00.000000 UTC,22.1305590652
2022-11-09 00:26:00.000000 UTC,20.7979909674
2022-11-09 00:27:00.000000 UTC,20.558014699
2022-11-09 00:28:00.000000 UTC,20.381654606
2022-11-09 00:29:00.000000 UTC,20.9972963956
2022-11-09 00:30:00.000000 UTC,20.936050734400002
2022-11-09 00:31:00.000000 UTC,21.174541784
2022-11-09 00:32:00.000000 UTC,21.088790619
2022-11-09 00:33:00.000000 UTC,20.797549949
2022-11-09 00:34:00.000000 UTC,19.821400588400003
2022-11-09 00:35:00.000000 UTC,19.3179691106
2022-11-09 00:36:00.000000 UTC,19.944706629200002
2022-11-09 00:37:00.000000 UTC,20.428345502
2022-11-09 00:38:00.000000 UTC,19.512998697599997
2022-11-09 00:39:00.000000 UTC,19.735745131599998
2022-11-09 00:40:00.000000 UTC,19.384097695
2022-11-09 00:41:00.000000 UTC,18.1072039254
2022-11-09 00:42:00.000000 UTC,17.999090481
2022-11-09 00:43:00.000000 UTC,18.3203549486
2022-11-09 00:44:00.000000 UTC,18.3182597604
2022-11-09 00:45:00.000000 UTC,17.7887882524
2022-11-09 00:46:00.000000 UTC,17.7495087355
2022-11-09 00:47:00.000000 UTC,19.327295096
2022-11-09 00:48:00.000000 UTC,19.2700245608
2022-11-09 00:49:00.000000 UTC,20.391731335
2022-11-09 00:50:00.000000 UTC,20.974897334799998
2022-11-09 00:51:00.000000 UTC,19.375259906
2022-11-09 00:52:00.000000 UTC,19.373148777599997
2022-11-09 00:53:00.000000 UTC,20.137152458
2022-11-09 00:54:00.000000 UTC,19.624540586
2022-11-09 00:55:00.000000 UTC,20.275015703799998
2022-11-09 00:56:00.000000 UTC,18.92490372
2022-11-09 00:57:00.000000 UTC,18.282240334
2022-11-09 00:58:00.000000 UTC,18.0873025798
2022-11-09 00:59:00.000000 UTC,18.0994726948
2022-11-09 01:00:00.000000 UTC,18.791074614400003
2022-11-09 01:01:00.000000 UTC,19.9586846764
2022-11-09 01:02:00.000000 UTC,19.963706135400002
2022-11-09 01:03:00.000000 UTC,19.0480669532
2022-11-09 01:04:00.000000 UTC,18.09237876475
2022-11-09 01:05:00.000000 UTC,18.2048983858
2022-11-09 01:06:00.000000 UTC,18.0189088156
2022-11-09 01:07:00.000000 UTC,18.142198703200002
2022-11-09 01:08:00.000000 UTC,16.792708778399998
2022-11-09 01:09:00.000000 UTC,19.033946710200002
2022-11-09 01:10:00.000000 UTC,17.9239090192
2022-11-09 01:11:00.000000 UTC,16.8522695034
2022-11-09 01:12:00.000000 UTC,16.911098380600002
2022-11-09 01:13:00.000000 UTC,16.4441271168
2022-11-09 01:14:00.000000 UTC,16.3468414664
2022-11-09 01:15:00.000000 UTC,17.1042205332
2022-11-09 01:16:00.000000 UTC,16.5705571614
2022-11-09 01:17:00.000000 UTC,16.440822658600002
2022-11-09 01:18:00.000000 UTC,16.6147454112
2022-11-09 01:19:00.000000 UTC,16.5711236852
2022-11-09 01:20:00.000000 UTC,16.3686760932
2022-11-09 01:21:00.000000 UTC,15.9245418516
2022-11-09 01:22:00.000000 UTC,16.048757988200002
2022-11-09 01:23:00.000000 UTC,15.8530659138
2022-11-09 01:24:00.000000 UTC,15.759747184
2022-11-09 01:25:00.000000 UTC,15.0648382338
2022-11-09 01:26:00.000000 UTC,15.4983948468
2022-11-09 01:27:00.000000 UTC,15.1016597856
2022-11-09 01:28:00.000000 UTC,14.7326227482
2022-11-09 01:29:00.000000 UTC,15.556895311
2022-11-09 01:30:00.000000 UTC,15.5822649304
2022-11-09 01:31:00.000000 UTC,18.1028526026
2022-11-09 01:32:00.000000 UTC,17.636986583200002
2022-11-09 01:33:00.000000 UTC,17.2733039618
2022-11-09 01:34:00.000000 UTC,15.351713039
2022-11-09 01:35:00.000000 UTC,14.4771647178
2022-11-09 01:36:00.000000 UTC,14.5119882638
2022-11-09 01:37:00.000000 UTC,14.1538010876
2022-11-09 01:38:00.000000 UTC,13.5396465784
2022-11-09 01:39:00.000000 UTC,13.842574926600001
2022-11-09 01:40:00.000000 UTC,13.993910736
2022-11-09 01:41:00.000000 UTC,13.537974067
2022-11-09 01:42:00.000000 UTC,13.3422605256
2022-11-09 01:43:00.000000 UTC,13.2724760474
2022-11-09 01:44:00.000000 UTC,13.2833961716
2022-11-09 01:45:00.000000 UTC,12.9845352834
2022-11-09 01:46:00.000000 UTC,13.2002506158
2022-11-09 01:47:00.000000 UTC,13.510236857799999
2022-11-09 01:48:00.000000 UTC,14.3112492744
2022-11-09 01:49:00.000000 UTC,14.009506352799999
2022-11-09 01:50:00.000000 UTC,13.4562089808
2022-11-09 01:51:00.000000 UTC,13.4504463072
2022-11-09 01:52:00.000000 UTC,13.404007248600001
2022-11-09 01:53:00.000000 UTC,12.739947581600001
2022-11-09 01:54:00.000000 UTC,12.2713071756
2022-11-09 01:55:00.000000 UTC,13.4095804086
2022-11-09 01:56:00.000000 UTC,13.7547940708
2022-11-09 01:57:00.000000 UTC,14.0831076208
2022-11-09 01:58:00.000000 UTC,16.7751866134
2022-11-09 01:59:00.000000 UTC,15.9022675162
2022-11-09 02:00:00.000000 UTC,16.598634833
2022-11-09 02:01:00.000000 UTC,18.6799857428
2022-11-09 02:02:00.000000 UTC,17.3459644632
2022-11-09 02:03:00.000000 UTC,16.2702638598
2022-11-09 02:04:00.000000 UTC,16.5087051776
2022-11-09 02:05:00.000000 UTC,17.4033863606
2022-11-09 02:06:00.000000 UTC,17.736855068
2022-11-09 02:07:00.000000 UTC,17.2175433106
2022-11-09 02:08:00.000000 UTC,15.8288182616
2022-11-09 02:09:00.000000 UTC,15.413473111799998
2022-11-09 02:10:00.000000 UTC,16.320568644
2022-11-09 02:11:00.000000 UTC,15.706040593600001
2022-11-09 02:12:00.000000 UTC,14.7436009372
2022-11-09 02:13:00.000000 UTC,14.4315051546
2022-11-09 02:14:00.000000 UTC,15.1076398392
2022-11-09 02:15:00.000000 UTC,15.821175264799999
2022-11-09 02:16:00.000000 UTC,14.9046305492
2022-11-09 02:17:00.000000 UTC,14.963646204200002
2022-11-09 02:18:00.000000 UTC,15.641538727
2022-11-09 02:19:00.000000 UTC,15.689503675
2022-11-09 02:20:00.000000 UTC,15.708303249
2022-11-09 02:21:00.000000 UTC,16.0637000232
2022-11-09 02:22:00.000000 UTC,15.3788720544
2022-11-09 02:23:00.000000 UTC,15.4610892984
2022-11-09 02:24:00.000000 UTC,16.107800903799998
2022-11-09 02:25:00.000000 UTC,15.4427227684
2022-11-09 02:26:00.000000 UTC,15.569849384200001
2022-11-09 02:27:00.000000 UTC,16.0707325074
2022-11-09 02:28:00.000000 UTC,15.3383925028
2022-11-09 02:29:00.000000 UTC,15.9858972594
2022-11-09 02:30:00.000000 UTC,15.842416477799999
2022-11-09 02:31:00.000000 UTC,16.6241606118
2022-11-09 02:32:00.000000 UTC,16.5441030304
2022-11-09 02:33:00.000000 UTC,16.5464288538
2022-11-09 02:34:00.000000 UTC,16.346170104
2022-11-09 02:35:00.000000 UTC,16.178862980399998
2022-11-09 02:36:00.000000 UTC,16.737430419
2022-11-09 02:37:00.000000 UTC,16.517449383200002
2022-11-09 02:38:00.000000 UTC,16.1041709586
2022-11-09 02:39:00.000000 UTC,16.212115762
2022-11-09 02:40:00.000000 UTC,16.9395232492
2022-11-09 02:41:00.000000 UTC,17.23403462
2022-11-09 02:42:00.000000 UTC,17.632285173400003
2022-11-09 02:43:00.000000 UTC,17.7753389578
2022-11-09 02:44:00.000000 UTC,18.78899926
2022-11-09 02:45:00.000000 UTC,18.438594215400002
2022-11-09 02:46:00.000000 UTC,17.914083128
2022-11-09 02:47:00.000000 UTC,17.3188749022
2022-11-09 02:48:00.000000 UTC,16.974444878
2022-11-09 02:49:00.000000 UTC,16.8779598716
2022-11-09 02:50:00.000000 UTC,17.186763655
2022-11-09 02:51:00.000000 UTC,17.473658914599998
2022-11-09 02:52:00.000000 UTC,17.626932744
2022-11-09 02:53:00.000000 UTC,17.2780325244
2022-11-09 02:54:00.000000 UTC,16.677699966200002
2022-11-09 02:55:00.000000 UTC,16.4329800996
2022-11-09 02:56:00.000000 UTC,17.5304167866
2022-11-09 02:57:00.000000 UTC,18.3600179598
2022-11-09 02:58:00.000000 UTC,19.6739688834
2022-11-09 02:59:00.000000 UTC,19.8704951504
2022-11-09 03:00:00.000000 UTC,20.7439992012
2022-11-09 03:01:00.000000 UTC,21.603564398400003
2022-11-09 03:02:00.000000 UTC,20.287151121
2022-11-09 03:03:00.000000 UTC,19.379203460400003
2022-11-09 03:04:00.000000 UTC,19.482500223400002
2022-11-09 03:05:00.000000 UTC,18.7142189588
2022-11-09 03:06:00.000000 UTC,18.7830757252
2022-11-09 03:07:00.000000 UTC,18.028365994
2022-11-09 03:08:00.000000 UTC,17.211899469200002
2022-11-09 03:09:00.000000 UTC,17.565764104
2022-11-09 03:10:00.000000 UTC,18.115102453200002
2022-11-09 03:11:00.000000 UTC,17.1057724188
2022-11-09 03:12:00.000000 UTC,19.1775731968
2022-11-09 03:13:00.000000 UTC,19.468596777
2022-11-09 03:14:00.000000 UTC,21.217774343
2022-11-09 03:15:00.000000 UTC,21.0335246122
2022-11-09 03:16:00.000000 UTC,20.9912149302
2022-11-09 03:17:00.000000 UTC,20.6370586848
2022-11-09 03:18:00.000000 UTC,21.1265872866
2022-11-09 03:19:00.000000 UTC,21.339354999
2022-11-09 03:20:00.000000 UTC,20.6034514868
2022-11-09 03:21:00.000000 UTC,20.584132808
2022-11-09 03:22:00.000000 UTC,19.5588468192
2022-11-09 03:23:00.000000 UTC,17.7180964122
2022-11-09 03:24:00.000000 UTC,17.872982774599997
2022-11-09 03:25:00.000000 UTC,17.371140408200002
2022-11-09 03:26:00.000000 UTC,16.516223151
2022-11-09 03:27:00.000000 UTC,16.0469436874
2022-11-09 03:28:00.000000 UTC,16.4532162768
2022-11-09 03:29:00.000000 UTC,15.5682280438
2022-11-09 03:30:00.000000 UTC,16.2452198876
2022-11-09 03:31:00.000000 UTC,15.6993164162
2022-11-09 03:32:00.000000 UTC,15.4388456948
2022-11-09 03:33:00.000000 UTC,15.94735570475
2022-11-09 03:34:00.000000 UTC,17.314702773599997
2022-11-09 03:35:00.000000 UTC,16.5433266458
2022-11-09 03:36:00.000000 UTC,16.4334914566
2022-11-09 03:37:00.000000 UTC,15.9606926876
2022-11-09 03:38:00.000000 UTC,15.3484805752
2022-11-09 03:39:00.000000 UTC,16.3235773306
2022-11-09 03:40:00.000000 UTC,16.1291815804
2022-11-09 03:41:00.000000 UTC,16.1183907538
2022-11-09 03:42:00.000000 UTC,16.6386957442
2022-11-09 03:43:00.000000 UTC,18.89543348625
2022-11-09 03:44:00.000000 UTC,19.1912874372
2022-11-09 03:45:00.000000 UTC,17.842543631
2022-11-09 03:46:00.000000 UTC,16.1107178892
2022-11-09 03:47:00.000000 UTC,15.804242588200001
2022-11-09 03:48:00.000000 UTC,15.646411405799999
2022-11-09 03:49:00.000000 UTC,16.203967336399998
2022-11-09 03:50:00.000000 UTC,15.5773774722
2022-11-09 03:51:00.000000 UTC,15.1207410988
2022-11-09 03:52:00.000000 UTC,15.048802262799999
2022-11-09 03:53:00.000000 UTC,16.9749579362
2022-11-09 03:54:00.000000 UTC,16.6826782778
2022-11-09 03:55:00.000000 UTC,16.0130828598
2022-11-09 03:56:00.000000 UTC,14.9376969268
2022-11-09 03:57:00.000000 UTC,15.8109473385
2022-11-09 03:58:00.000000 UTC,14.640765939200001
2022-11-09 03:59:00.000000 UTC,14.2929670228
2022-11-09 04:00:00.000000 UTC,14.945244309200001
2022-11-09 04:01:00.000000 UTC,14.4514918444
2022-11-09 04:02:00.000000 UTC,14.7387382978
2022-11-09 04:03:00.000000 UTC,13.8864040426
2022-11-09 04:04:00.000000 UTC,13.4754980062
2022-11-09 04:05:00.000000 UTC,13.483431373799998
2022-11-09 04:06:00.000000 UTC,13.3227135176
2022-11-09 04:07:00.000000 UTC,13.1900730656
2022-11-09 04:08:00.000000 UTC,12.7978160308
2022-11-09 04:09:00.000000 UTC,13.0650923384
2022-11-09 04:10:00.000000 UTC,12.7739166874
2022-11-09 04:11:00.000000 UTC,12.7350807794
2022-11-09 04:12:00.000000 UTC,12.883170138799999
2022-11-09 04:13:00.000000 UTC,13.5353297922
2022-11-09 04:14:00.000000 UTC,12.6056927548
2022-11-09 04:15:00.000000 UTC,11.944888027
2022-11-09 04:16:00.000000 UTC,11.685045631
2022-11-09 04:17:00.000000 UTC,11.278836909
2022-11-09 04:18:00.000000 UTC,11.5183823988
2022-11-09 04:19:00.000000 UTC,11.541636611
2022-11-09 04:20:00.000000 UTC,11.171704652399999
2022-11-09 04:21:00.000000 UTC,11.1564661894
2022-11-09 04:22:00.000000 UTC,11.1212198872
2022-11-09 04:23:00.000000 UTC,11.107833915
2022-11-09 04:24:00.000000 UTC,11.846022420399999
2022-11-09 04:25:00.000000 UTC,13.9712867108
2022-11-09 04:26:00.000000 UTC,15.050700386399999
2022-11-09 04:27:00.000000 UTC,16.9636181628
2022-11-09 04:28:00.000000 UTC,17.943529684
2022-11-09 04:29:00.000000 UTC,18.0902990136
2022-11-09 04:30:00.000000 UTC,21.362762614
2022-11-09 04:31:00.000000 UTC,21.5040433852
2022-11-09 04:32:00.000000 UTC,20.5154258174
2022-11-09 04:33:00.000000 UTC,20.157380383400003
2022-11-09 04:34:00.000000 UTC,19.993736798599997
2022-11-09 04:35:00.000000 UTC,20.6488941768
2022-11-09 04:36:00.000000 UTC,18.5577946284
2022-11-09 04:37:00.000000 UTC,18.033371983400002
2022-11-09 04:38:00.000000 UTC,17.7316481472
2022-11-09 04:39:00.000000 UTC,16.8745243834
2022-11-09 04:40:00.000000 UTC,17.95350932
2022-11-09 04:41:00.000000 UTC,16.204224285
2022-11-09 04:42:00.000000 UTC,14.6024452568
2022-11-09 04:43:00.000000 UTC,14.1552911106
2022-11-09 04:44:00.000000 UTC,13.502242153600001
2022-11-09 04:45:00.000000 UTC,12.863678315200001
2022-11-09 04:46:00.000000 UTC,13.734901791799999
2022-11-09 04:47:00.000000 UTC,12.587323512200001
2022-11-09 04:48:00.000000 UTC,12.1664496208
2022-11-09 04:49:00.000000 UTC,11.4677298086
2022-11-09 04:50:00.000000 UTC,11.054419750600001
2022-11-09 04:51:00.000000 UTC,11.3931825798
2022-11-09 04:52:00.000000 UTC,11.0038637208
2022-11-09 04:53:00.000000 UTC,13.274815910200001
2022-11-09 04:54:00.000000 UTC,14.590851942799999
2022-11-09 04:55:00.000000 UTC,14.1201695698
2022-11-09 04:56:00.000000 UTC,13.4121637632
2022-11-09 04:57:00.000000 UTC,12.9329336538
2022-11-09 04:58:00.000000 UTC,13.0452368476
2022-11-09 04:59:00.000000 UTC,12.9095272898
2022-11-09 05:00:00.000000 UTC,13.5726416334
2022-11-09 05:01:00.000000 UTC,13.6591945702
2022-11-09 05:02:00.000000 UTC,13.2728017242
2022-11-09 05:03:00.000000 UTC,14.357651968799999
2022-11-09 05:04:00.000000 UTC,13.512822771
2022-11-09 05:05:00.000000 UTC,13.230879374399999
2022-11-09 05:06:00.000000 UTC,13.0964265266
2022-11-09 05:07:00.000000 UTC,13.7516940882
2022-11-09 05:08:00.000000 UTC,15.3164296496
2022-11-09 05:09:00.000000 UTC,15.883272613799999
2022-11-09 05:10:00.000000 UTC,15.973507941
2022-11-09 05:11:00.000000 UTC,15.9003519154
2022-11-09 05:12:00.000000 UTC,15.536685246600001
2022-11-09 05:13:00.000000 UTC,14.791245853
2022-11-09 05:14:00.000000 UTC,14.964131568200001
2022-11-09 05:15:00.000000 UTC,14.8900505508
2022-11-09 05:16:00.000000 UTC,14.9750406022
2022-11-09 05:17:00.000000 UTC,15.989896657
2022-11-09 05:18:00.000000 UTC,16.1548520282
2022-11-09 05:19:00.000000 UTC,16.1705132282
2022-11-09 05:20:00.000000 UTC,14.4088942616
2022-11-09 05:21:00.000000 UTC,15.922258814200001
2022-11-09 05:22:00.000000 UTC,15.3484845158
2022-11-09 05:23:00.000000 UTC,14.848223516600001
2022-11-09 05:24:00.000000 UTC,14.7384568096
2022-11-09 05:25:00.000000 UTC,14.314405796
2022-11-09 05:26:00.000000 UTC,15.488947376399999
2022-11-09 05:27:00.000000 UTC,16.9560475312
2022-11-09 05:28:00.000000 UTC,19.855309658400003
2022-11-09 05:29:00.000000 UTC,20.6144375372
2022-11-09 05:30:00.000000 UTC,20.1822960742
2022-11-09 05:31:00.000000 UTC,18.449281842799998
2022-11-09 05:32:00.000000 UTC,16.8118560766
2022-11-09 05:33:00.000000 UTC,15.643764540200001
2022-11-09 05:34:00.000000 UTC,15.666023045600001
2022-11-09 05:35:00.000000 UTC,14.432687696
2022-11-09 05:36:00.000000 UTC,14.351120957
2022-11-09 05:37:00.000000 UTC,14.224481187799999
2022-11-09 05:38:00.000000 UTC,14.102262517200002
2022-11-09 05:39:00.000000 UTC,13.7139444028
2022-11-09 05:40:00.000000 UTC,14.2968058414
2022-11-09 05:41:00.000000 UTC,13.5995132996
2022-11-09 05:42:00.000000 UTC,14.2708482096
2022-11-09 05:43:00.000000 UTC,13.8532786234
2022-11-09 05:44:00.000000 UTC,13.6944594334
2022-11-09 05:45:00.000000 UTC,14.267716332600001
2022-11-09 05:46:00.000000 UTC,15.686358381200002
2022-11-09 05:47:00.000000 UTC,16.341073963
2022-11-09 05:48:00.000000 UTC,16.4719203086
2022-11-09 05:49:00.000000 UTC,16.4270853478
2022-11-09 05:50:00.000000 UTC,14.937776836600001
2022-11-09 05:51:00.000000 UTC,13.826034090799999
2022-11-09 05:52:00.000000 UTC,13.589377600799999
2022-11-09 05:53:00.000000 UTC,12.9133457264
2022-11-09 05:54:00.000000 UTC,12.9369026138
2022-11-09 05:55:00.000000 UTC,13.3104417614
2022-11-09 05:56:00.000000 UTC,12.6606063142
2022-11-09 05:57:00.000000 UTC,12.454619998
2022-11-09 05:58:00.000000 UTC,12.268902449399999
2022-11-09 05:59:00.000000 UTC,11.6503093026
2022-11-09 06:00:00.000000 UTC,13.0074168904
2022-11-09 06:01:00.000000 UTC,12.6961986724
2022-11-09 06:02:00.000000 UTC,12.9877646166
2022-11-09 06:03:00.000000 UTC,13.054086834200001
2022-11-09 06:04:00.000000 UTC,11.988119527
2022-11-09 06:05:00.000000 UTC,11.592040111200001
2022-11-09 06:06:00.000000 UTC,11.510616010200001
2022-11-09 06:07:00.000000 UTC,11.771234824
2022-11-09 06:08:00.000000 UTC,13.1816982398
2022-11-09 06:09:00.000000 UTC,13.622326151
2022-11-09 06:10:00.000000 UTC,12.683522643
2022-11-09 06:11:00.000000 UTC,11.81934314
2022-11-09 06:12:00.000000 UTC,11.819738922
2022-11-09 06:13:00.000000 UTC,11.8959389968
2022-11-09 06:14:00.000000 UTC,12.0361404664
2022-11-09 06:15:00.000000 UTC,12.320803631799999
2022-11-09 06:16:00.000000 UTC,11.8430810198
2022-11-09 06:17:00.000000 UTC,12.7688398618
2022-11-09 06:18:00.000000 UTC,14.3665682468
2022-11-09 06:19:00.000000 UTC,14.3223831898
2022-11-09 06:20:00.000000 UTC,13.400527136200001
2022-11-09 06:21:00.000000 UTC,12.716293339
2022-11-09 06:22:00.000000 UTC,12.5782753342
2022-11-09 06:23:00.000000 UTC,13.442735509
2022-11-09 06:24:00.000000 UTC,11.8926320574
2022-11-09 06:25:00.000000 UTC,11.622342300200001
2022-11-09 06:26:00.000000 UTC,11.6374184228
2022-11-09 06:27:00.000000 UTC,11.5883885688
2022-11-09 06:28:00.000000 UTC,11.8753901304
2022-11-09 06:29:00.000000 UTC,12.009784896600001
2022-11-09 06:30:00.000000 UTC,12.160698591
2022-11-09 06:31:00.000000 UTC,11.905437387
2022-11-09 06:32:00.000000 UTC,11.8772741048
2022-11-09 06:33:00.000000 UTC,12.5412340014
2022-11-09 06:34:00.000000 UTC,12.5209654876
2022-11-09 06:35:00.000000 UTC,12.149641702
2022-11-09 06:36:00.000000 UTC,13.1637539866
2022-11-09 06:37:00.000000 UTC,12.489899572
2022-11-09 06:38:00.000000 UTC,12.404721461200001
2022-11-09 06:39:00.000000 UTC,12.9422999276
2022-11-09 06:40:00.000000 UTC,12.6666859726
2022-11-09 06:41:00.000000 UTC,12.2791184224
2022-11-09 06:42:00.000000 UTC,12.0308592276
2022-11-09 06:43:00.000000 UTC,13.185285494799999
2022-11-09 06:44:00.000000 UTC,13.4635782652
2022-11-09 06:45:00.000000 UTC,19.430936963599997
2022-11-09 06:46:00.000000 UTC,23.0999078408
2022-11-09 06:47:00.000000 UTC,33.6438336284
2022-11-09 06:48:00.000000 UTC,45.1722641428
2022-11-09 06:49:00.000000 UTC,56.575984874199996
2022-11-09 06:50:00.000000 UTC,62.6934313402
2022-11-09 06:51:00.000000 UTC,67.269018509
2022-11-09 06:52:00.000000 UTC,67.7690955868
2022-11-09 06:53:00.000000 UTC,63.854947114800005
2022-11-09 06:54:00.000000 UTC,60.5828116756
2022-11-09 06:55:00.000000 UTC,58.232186387
2022-11-09 06:56:00.000000 UTC,54.529061901800006
2022-11-09 06:57:00.000000 UTC,47.019397024199996
2022-11-09 06:58:00.000000 UTC,40.9144787914
2022-11-09 06:59:00.000000 UTC,36.2700210888
2022-11-09 07:00:00.000000 UTC,33.6447520612
2022-11-09 07:01:00.000000 UTC,28.3454880028
2022-11-09 07:02:00.000000 UTC,25.684600065
2022-11-09 07:03:00.000000 UTC,23.1445158814
2022-11-09 07:04:00.000000 UTC,20.882215243599997
2022-11-09 07:05:00.000000 UTC,18.3164741265
2022-11-09 07:06:00.000000 UTC,17.0069267342
2022-11-09 07:07:00.000000 UTC,15.382532598
2022-11-09 07:08:00.000000 UTC,14.457070202799999
2022-11-09 07:09:00.000000 UTC,13.7972874866
2022-11-09 07:10:00.000000 UTC,14.0774131712
2022-11-09 07:11:00.000000 UTC,13.735880734
2022-11-09 07:12:00.000000 UTC,13.438871633
2022-11-09 07:13:00.000000 UTC,14.223921029
2022-11-09 07:14:00.000000 UTC,13.346857221
2022-11-09 07:15:00.000000 UTC,13.3521677812
2022-11-09 07:16:00.000000 UTC,13.0986101414
2022-11-09 07:17:00.000000 UTC,14.3808825215
2022-11-09 07:18:00.000000 UTC,17.0512151974
2022-11-09 07:19:00.000000 UTC,17.8234826972
2022-11-09 07:20:00.000000 UTC,15.280818097200001
2022-11-09 07:21:00.000000 UTC,14.145585204200001
2022-11-09 07:22:00.000000 UTC,13.3795955804
2022-11-09 07:23:00.000000 UTC,13.5870748912
2022-11-09 07:24:00.000000 UTC,13.902879245
2022-11-09 07:25:00.000000 UTC,13.849650686799999
2022-11-09 07:26:00.000000 UTC,13.8435347134
2022-11-09 07:27:00.000000 UTC,13.4162506312
2022-11-09 07:28:00.000000 UTC,14.181902600799999
2022-11-09 07:29:00.000000 UTC,13.4294435678
2022-11-09 07:30:00.000000 UTC,13.120232618200001
2022-11-09 07:31:00.000000 UTC,12.825077262
2022-11-09 07:32:00.000000 UTC,12.8718581012
2022-11-09 07:33:00.000000 UTC,12.7422573358
2022-11-09 07:34:00.000000 UTC,12.5647879918
2022-11-09 07:35:00.000000 UTC,12.279227089799999
2022-11-09 07:36:00.000000 UTC,13.8389146316
2022-11-09 07:37:00.000000 UTC,17.049912015
2022-11-09 07:38:00.000000 UTC,19.0754155586
2022-11-09 07:39:00.000000 UTC,17.9786745924
2022-11-09 07:40:00.000000 UTC,17.7033721042
2022-11-09 07:41:00.000000 UTC,16.4725955798
2022-11-09 07:42:00.000000 UTC,15.726779689
2022-11-09 07:43:00.000000 UTC,16.04293780325
2022-11-09 07:44:00.000000 UTC,15.9752864292
2022-11-09 07:45:00.000000 UTC,15.476821134
2022-11-09 07:46:00.000000 UTC,15.710617923
2022-11-09 07:47:00.000000 UTC,16.2328406618
2022-11-09 07:48:00.000000 UTC,18.383000089
2022-11-09 07:49:00.000000 UTC,17.7483303518
2022-11-09 07:50:00.000000 UTC,17.4734827138
2022-11-09 07:51:00.000000 UTC,16.6476523704
2022-11-09 07:52:00.000000 UTC,15.6828088022
2022-11-09 07:53:00.000000 UTC,15.607307256
2022-11-09 07:54:00.000000 UTC,15.131609363399999
2022-11-09 07:55:00.000000 UTC,14.6230704902
2022-11-09 07:56:00.000000 UTC,14.1466222566
2022-11-09 07:57:00.000000 UTC,13.982826481
2022-11-09 07:58:00.000000 UTC,14.7326566416
2022-11-09 07:59:00.000000 UTC,14.175636512399999
2022-11-09 08:00:00.000000 UTC,13.836260531399999
2022-11-09 08:01:00.000000 UTC,14.0618551136
2022-11-09 08:02:00.000000 UTC,15.0152606244
2022-11-09 08:03:00.000000 UTC,15.6855602676
2022-11-09 08:04:00.000000 UTC,16.197720929
2022-11-09 08:05:00.000000 UTC,16.3121521956
2022-11-09 08:06:00.000000 UTC,16.4145531255
2022-11-09 08:07:00.000000 UTC,17.392145806400002
2022-11-09 08:08:00.000000 UTC,17.367795163
2022-11-09 08:09:00.000000 UTC,16.777664255799998
2022-11-09 08:10:00.000000 UTC,16.0122369346
2022-11-09 08:11:00.000000 UTC,15.876311743799999
2022-11-09 08:12:00.000000 UTC,16.447859509
2022-11-09 08:13:00.000000 UTC,16.0010315362
2022-11-09 08:14:00.000000 UTC,16.47532459
2022-11-09 08:15:00.000000 UTC,16.362375432
2022-11-09 08:16:00.000000 UTC,16.6224625682
2022-11-09 08:17:00.000000 UTC,17.4144156206
2022-11-09 08:18:00.000000 UTC,16.768090587
2022-11-09 08:19:00.000000 UTC,16.2032431412
2022-11-09 08:20:00.000000 UTC,15.3898881078
2022-11-09 08:21:00.000000 UTC,15.971567619
2022-11-09 08:22:00.000000 UTC,15.9432424978
2022-11-09 08:23:00.000000 UTC,15.9152467708
2022-11-09 08:24:00.000000 UTC,16.8725205742
2022-11-09 08:25:00.000000 UTC,17.31251237425
2022-11-09 08:26:00.000000 UTC,18.4922770268
2022-11-09 08:27:00.000000 UTC,19.084533354599998
2022-11-09 08:28:00.000000 UTC,18.981053989400003
2022-11-09 08:29:00.000000 UTC,18.675371430400002
2022-11-09 08:30:00.000000 UTC,17.8700859052
2022-11-09 08:31:00.000000 UTC,16.8084746802
2022-11-09 08:32:00.000000 UTC,17.883156607
2022-11-09 08:33:00.000000 UTC,19.4938985924
2022-11-09 08:34:00.000000 UTC,20.8100061602
2022-11-09 08:35:00.000000 UTC,22.481649998400002
2022-11-09 08:36:00.000000 UTC,22.977948111
2022-11-09 08:37:00.000000 UTC,22.3385768688
2022-11-09 08:38:00.000000 UTC,21.7293966678
2022-11-09 08:39:00.000000 UTC,21.874650950400003
2022-11-09 08:40:00.000000 UTC,23.9835127068
2022-11-09 08:41:00.000000 UTC,28.8788621578
2022-11-09 08:42:00.000000 UTC,33.9534510594
2022-11-09 08:43:00.000000 UTC,39.768597656
2022-11-09 08:44:00.000000 UTC,38.132907071
2022-11-09 08:45:00.000000 UTC,33.7021607478
2022-11-09 08:46:00.000000 UTC,29.1659449492
2022-11-09 08:47:00.000000 UTC,26.7504978496
2022-11-09 08:48:00.000000 UTC,23.262662769
2022-11-09 08:49:00.000000 UTC,21.7330626346
2022-11-09 08:50:00.000000 UTC,20.4265338748
2022-11-09 08:51:00.000000 UTC,20.5926728556
2022-11-09 08:52:00.000000 UTC,19.414559324400003
2022-11-09 08:53:00.000000 UTC,18.332677307599997
2022-11-09 08:54:00.000000 UTC,19.1164825818
2022-11-09 08:55:00.000000 UTC,18.9004578468
2022-11-09 08:56:00.000000 UTC,19.6247010822
2022-11-09 08:57:00.000000 UTC,18.9550755316
2022-11-09 08:58:00.000000 UTC,18.9284340272
2022-11-09 08:59:00.000000 UTC,19.437382717
2022-11-09 09:00:00.000000 UTC,19.90898314
2022-11-09 09:01:00.000000 UTC,21.41521736825
2022-11-09 09:02:00.000000 UTC,22.959950511200002
2022-11-09 09:03:00.000000 UTC,21.797267328
2022-11-09 09:04:00.000000 UTC,21.133420228400002
2022-11-09 09:05:00.000000 UTC,20.472317163
2022-11-09 09:06:00.000000 UTC,20.315549795
2022-11-09 09:07:00.000000 UTC,19.4616608662
2022-11-09 09:08:00.000000 UTC,19.575781117200002
2022-11-09 09:09:00.000000 UTC,21.3487338352
2022-11-09 09:10:00.000000 UTC,22.0505846494
2022-11-09 09:11:00.000000 UTC,22.272292823
2022-11-09 09:12:00.000000 UTC,23.665796925
2022-11-09 09:13:00.000000 UTC,23.4090989108
2022-11-09 09:14:00.000000 UTC,24.6981878994
2022-11-09 09:15:00.000000 UTC,27.6768895592
2022-11-09 09:16:00.000000 UTC,30.4501879452
2022-11-09 09:17:00.000000 UTC,34.0093719768
2022-11-09 09:18:00.000000 UTC,34.472729801199996
2022-11-09 09:19:00.000000 UTC,34.5624801736
2022-11-09 09:20:00.000000 UTC,33.3821763106
2022-11-09 09:21:00.000000 UTC,35.212170482800005
2022-11-09 09:22:00.000000 UTC,37.830738985800004
2022-11-09 09:23:00.000000 UTC,37.005011482
2022-11-09 09:24:00.000000 UTC,36.1793613105
2022-11-09 09:25:00.000000 UTC,41.5924879828
2022-11-09 09:26:00.000000 UTC,36.7352188286
2022-11-09 09:27:00.000000 UTC,32.977287952400005
2022-11-09 09:28:00.000000 UTC,28.567283098
2022-11-09 09:29:00.000000 UTC,27.630877058
2022-11-09 09:30:00.000000 UTC,26.9796948852
2022-11-09 09:31:00.000000 UTC,28.9767807388
2022-11-09 09:32:00.000000 UTC,28.131420557400002
2022-11-09 09:33:00.000000 UTC,26.4265847564
2022-11-09 09:34:00.000000 UTC,27.9135133708
2022-11-09 09:35:00.000000 UTC,26.5018641466
2022-11-09 09:36:00.000000 UTC,26.239454078
2022-11-09 09:37:00.000000 UTC,24.5144059108
2022-11-09 09:38:00.000000 UTC,25.6098785922
2022-11-09 09:39:00.000000 UTC,27.990327568799998
2022-11-09 09:40:00.000000 UTC,30.961817863
2022-11-09 09:41:00.000000 UTC,31.829617378
2022-11-09 09:42:00.000000 UTC,31.397074638
2022-11-09 09:43:00.000000 UTC,32.162943581
2022-11-09 09:44:00.000000 UTC,31.3591042638
2022-11-09 09:45:00.000000 UTC,35.721301496
2022-11-09 09:46:00.000000 UTC,36.1416518364
2022-11-09 09:47:00.000000 UTC,34.5086376798
2022-11-09 09:48:00.000000 UTC,34.7696044786
2022-11-09 09:49:00.000000 UTC,41.9066537322
2022-11-09 09:50:00.000000 UTC,44.3250887046
2022-11-09 09:51:00.000000 UTC,40.8012597766
2022-11-09 09:52:00.000000 UTC,48.448819332800007
2022-11-09 09:53:00.000000 UTC,46.0643627722
2022-11-09 09:54:00.000000 UTC,43.9839206436
2022-11-09 09:55:00.000000 UTC,43.1207094398
2022-11-09 09:56:00.000000 UTC,44.471002381
2022-11-09 09:57:00.000000 UTC,44.692787021
2022-11-09 09:58:00.000000 UTC,44.971906329199996
2022-11-09 09:59:00.000000 UTC,42.121089214
2022-11-09 10:00:00.000000 UTC,44.1890670266
2022-11-09 10:01:00.000000 UTC,51.002918222199995
2022-11-09 10:02:00.000000 UTC,47.9243821545
2022-11-09 10:03:00.000000 UTC,47.2955378602
2022-11-09 10:04:00.000000 UTC,46.7613897574
2022-11-09 10:05:00.000000 UTC,46.276091637
2022-11-09 10:06:00.000000 UTC,43.5893671118
2022-11-09 10:07:00.000000 UTC,42.5198706858
2022-11-09 10:08:00.000000 UTC,42.1345845082
2022-11-09 10:09:00.000000 UTC,41.3865573644
2022-11-09 10:10:00.000000 UTC,40.5975426654
2022-11-09 10:11:00.000000 UTC,48.2796884038
2022-11-09 10:12:00.000000 UTC,55.5280062462
2022-11-09 10:13:00.000000 UTC,62.028531967800006
2022-11-09 10:14:00.000000 UTC,67.7642399548
2022-11-09 10:15:00.000000 UTC,105.106929001
2022-11-09 10:16:00.000000 UTC,129.0273324016
2022-11-09 10:17:00.000000 UTC,137.5370226346
2022-11-09 10:18:00.000000 UTC,137.284394913
2022-11-09 10:19:00.000000 UTC,142.07057054
2022-11-09 10:20:00.000000 UTC,162.61863883779998
2022-11-09 10:21:00.000000 UTC,162.34934738660002
2022-11-09 10:22:00.000000 UTC,145.0071498598
2022-11-09 10:23:00.000000 UTC,137.207858122
2022-11-09 10:24:00.000000 UTC,126.9245002856
2022-11-09 10:25:00.000000 UTC,116.6995725558
2022-11-09 10:26:00.000000 UTC,104.7073782782
2022-11-09 10:27:00.000000 UTC,100.5238249236
2022-11-09 10:28:00.000000 UTC,100.9570911364
2022-11-09 10:29:00.000000 UTC,94.038895799600013
2022-11-09 10:30:00.000000 UTC,105.9123737558
2022-11-09 10:31:00.000000 UTC,113.3793269052
2022-11-09 10:32:00.000000 UTC,105.71324027339999
2022-11-09 10:33:00.000000 UTC,97.780145226600013
2022-11-09 10:34:00.000000 UTC,95.621956050399987
2022-11-09 10:35:00.000000 UTC,93.4646483838
2022-11-09 10:36:00.000000 UTC,87.7134180668
2022-11-09 10:37:00.000000 UTC,83.027522748399988
2022-11-09 10:38:00.000000 UTC,97.298046572
2022-11-09 10:39:00.000000 UTC,99.0803669496
2022-11-09 10:40:00.000000 UTC,98.994038594
2022-11-09 10:41:00.000000 UTC,92.745510310600011
2022-11-09 10:42:00.000000 UTC,86.6520900792
2022-11-09 10:43:00.000000 UTC,78.461294801
2022-11-09 10:44:00.000000 UTC,72.0142138774
2022-11-09 10:45:00.000000 UTC,66.519940187
2022-11-09 10:46:00.000000 UTC,64.3051000074
2022-11-09 10:47:00.000000 UTC,63.0391331326
2022-11-09 10:48:00.000000 UTC,57.479220056
2022-11-09 10:49:00.000000 UTC,53.495954583199996
2022-11-09 10:50:00.000000 UTC,51.188968558800006
2022-11-09 10:51:00.000000 UTC,47.602718048199996
2022-11-09 10:52:00.000000 UTC,46.8979819838
2022-11-09 10:53:00.000000 UTC,47.228575068400005
2022-11-09 10:54:00.000000 UTC,44.9903817196
2022-11-09 10:55:00.000000 UTC,45.646602910599995
2022-11-09 10:56:00.000000 UTC,42.923083436599995
2022-11-09 10:57:00.000000 UTC,41.07374151
2022-11-09 10:58:00.000000 UTC,39.8341793882
2022-11-09 10:59:00.000000 UTC,41.299081118400004
2022-11-09 11:00:00.000000 UTC,42.070114272199994
2022-11-09 11:01:00.000000 UTC,44.411999634400004
2022-11-09 11:02:00.000000 UTC,44.1286563846
2022-11-09 11:03:00.000000 UTC,42.923677567
2022-11-09 11:04:00.000000 UTC,44.107248260199995
2022-11-09 11:05:00.000000 UTC,45.69358594625
2022-11-09 11:06:00.000000 UTC,46.8837244622
2022-11-09 11:07:00.000000 UTC,45.0700862692
2022-11-09 11:08:00.000000 UTC,40.899390998
2022-11-09 11:09:00.000000 UTC,39.209476034
2022-11-09 11:10:00.000000 UTC,40.136474832199994
2022-11-09 11:11:00.000000 UTC,37.1555725832
2022-11-09 11:12:00.000000 UTC,36.812375550800006
2022-11-09 11:13:00.000000 UTC,39.6353503696
2022-11-09 11:14:00.000000 UTC,39.20388629425
2022-11-09 11:15:00.000000 UTC,38.6061411668
2022-11-09 11:16:00.000000 UTC,40.6176606948
2022-11-09 11:17:00.000000 UTC,36.2135726226
2022-11-09 11:18:00.000000 UTC,35.2569957994
2022-11-09 11:19:00.000000 UTC,35.1351875514
2022-11-09 11:20:00.000000 UTC,34.0973314756
2022-11-09 11:21:00.000000 UTC,37.2565970486
2022-11-09 11:22:00.000000 UTC,36.813433547
2022-11-09 11:23:00.000000 UTC,35.69372277
2022-11-09 11:24:00.000000 UTC,33.761377212599996
2022-11-09 11:25:00.000000 UTC,32.9577417064
2022-11-09 11:26:00.000000 UTC,32.389204709
2022-11-09 11:27:00.000000 UTC,32.5947677662
2022-11-09 11:28:00.000000 UTC,31.088178637400002
2022-11-09 11:29:00.000000 UTC,29.322311464400002
2022-11-09 11:30:00.000000 UTC,29.372355112799998
2022-11-09 11:31:00.000000 UTC,29.8679106752
2022-11-09 11:32:00.000000 UTC,30.5664996845
2022-11-09 11:33:00.000000 UTC,30.894584979599998
2022-11-09 11:34:00.000000 UTC,29.110267266
2022-11-09 11:35:00.000000 UTC,29.7753409706
2022-11-09 11:36:00.000000 UTC,31.41241595575
2022-11-09 11:37:00.000000 UTC,30.614725543400002
2022-11-09 11:38:00.000000 UTC,30.089908776599998
2022-11-09 11:39:00.000000 UTC,30.22272441475
2022-11-09 11:40:00.000000 UTC,29.1698081084
2022-11-09 11:41:00.000000 UTC,29.0801592774
2022-11-09 11:42:00.000000 UTC,29.4278730988
2022-11-09 11:43:00.000000 UTC,30.116618021
2022-11-09 11:44:00.000000 UTC,33.4889489218
2022-11-09 11:45:00.000000 UTC,30.3141100964
2022-11-09 11:46:00.000000 UTC,30.5557083714
2022-11-09 11:47:00.000000 UTC,28.9190076844
2022-11-09 11:48:00.000000 UTC,27.3357421236
2022-11-09 11:49:00.000000 UTC,26.5849379854
2022-11-09 11:50:00.000000 UTC,26.5859154178
2022-11-09 11:51:00.000000 UTC,26.2506071402
2022-11-09 11:52:00.000000 UTC,26.397925469
2022-11-09 11:53:00.000000 UTC,26.9546750192
2022-11-09 11:54:00.000000 UTC,27.0515943988
2022-11-09 11:55:00.000000 UTC,27.1418435842
2022-11-09 11:56:00.000000 UTC,27.7912970856
2022-11-09 11:57:00.000000 UTC,26.709103283
2022-11-09 11:58:00.000000 UTC,26.651462706
2022-11-09 11:59:00.000000 UTC,26.5927493324
2022-11-09 12:00:00.000000 UTC,27.386827716
2022-11-09 12:01:00.000000 UTC,30.221960812400003
2022-11-09 12:02:00.000000 UTC,27.6207450386
2022-11-09 12:03:00.000000 UTC,29.5502967746
2022-11-09 12:04:00.000000 UTC,33.640685035400004
2022-11-09 12:05:00.000000 UTC,36.2125562326
2022-11-09 12:06:00.000000 UTC,34.018358559599996
2022-11-09 12:07:00.000000 UTC,32.5368097984
2022-11-09 12:08:00.000000 UTC,31.1667498708
2022-11-09 12:09:00.000000 UTC,28.9805101932
2022-11-09 12:10:00.000000 UTC,28.0277206252
2022-11-09 12:11:00.000000 UTC,26.6149564382
2022-11-09 12:12:00.000000 UTC,26.120625091
2022-11-09 12:13:00.000000 UTC,25.810001753
2022-11-09 12:14:00.000000 UTC,29.335820808599998
2022-11-09 12:15:00.000000 UTC,28.293452761799998
2022-11-09 12:16:00.000000 UTC,28.8238519892
2022-11-09 12:17:00.000000 UTC,28.635515165
2022-11-09 12:18:00.000000 UTC,26.315973095
2022-11-09 12:19:00.000000 UTC,26.4452965648
2022-11-09 12:20:00.000000 UTC,25.326417627
2022-11-09 12:21:00.000000 UTC,24.9849765846
2022-11-09 12:22:00.000000 UTC,25.4147307434
2022-11-09 12:23:00.000000 UTC,26.151956698
2022-11-09 12:24:00.000000 UTC,24.7189960842
2022-11-09 12:25:00.000000 UTC,25.77692116
2022-11-09 12:26:00.000000 UTC,24.4337015392
2022-11-09 12:27:00.000000 UTC,23.393168039200003
2022-11-09 12:28:00.000000 UTC,25.5257854312
2022-11-09 12:29:00.000000 UTC,27.7915395136
2022-11-09 12:30:00.000000 UTC,26.984543278599997
2022-11-09 12:31:00.000000 UTC,28.0231005
2022-11-09 12:32:00.000000 UTC,27.7873527642
2022-11-09 12:33:00.000000 UTC,25.989136255
2022-11-09 12:34:00.000000 UTC,25.4975292242
2022-11-09 12:35:00.000000 UTC,24.988223578400003
2022-11-09 12:36:00.000000 UTC,23.085094442400003
2022-11-09 12:37:00.000000 UTC,22.4111376872
2022-11-09 12:38:00.000000 UTC,21.6841607104
2022-11-09 12:39:00.000000 UTC,24.119175691400002
2022-11-09 12:40:00.000000 UTC,23.6179647262
2022-11-09 12:41:00.000000 UTC,24.0874022984
2022-11-09 12:42:00.000000 UTC,23.149439358
2022-11-09 12:43:00.000000 UTC,21.768547129599998
2022-11-09 12:44:00.000000 UTC,21.2607513858
2022-11-09 12:45:00.000000 UTC,20.825424387400002
2022-11-09 12:46:00.000000 UTC,21.0070908388
2022-11-09 12:47:00.000000 UTC,21.3002814114
2022-11-09 12:48:00.000000 UTC,22.882396613
2022-11-09 12:49:00.000000 UTC,27.48192926625
2022-11-09 12:50:00.000000 UTC,29.1890711905
2022-11-09 12:51:00.000000 UTC,28.791813987799998
2022-11-09 12:52:00.000000 UTC,28.2448886992
2022-11-09 12:53:00.000000 UTC,25.046865206400003
2022-11-09 12:54:00.000000 UTC,24.347114744200002
2022-11-09 12:55:00.000000 UTC,22.8178234598
2022-11-09 12:56:00.000000 UTC,22.052181379599997
2022-11-09 12:57:00.000000 UTC,25.0050565594
2022-11-09 12:58:00.000000 UTC,23.0789600274
2022-11-09 12:59:00.000000 UTC,22.2202989318
2022-11-09 13:00:00.000000 UTC,23.561393565
2022-11-09 13:01:00.000000 UTC,24.8521310064
2022-11-09 13:02:00.000000 UTC,22.4631056252
2022-11-09 13:03:00.000000 UTC,23.6019813284
2022-11-09 13:04:00.000000 UTC,23.2077004084
2022-11-09 13:05:00.000000 UTC,23.073234460400002
2022-11-09 13:06:00.000000 UTC,23.302792781599997
2022-11-09 13:07:00.000000 UTC,23.9248577844
2022-11-09 13:08:00.000000 UTC,23.261235915599997
2022-11-09 13:09:00.000000 UTC,23.4200049654
2022-11-09 13:10:00.000000 UTC,27.5061667024
2022-11-09 13:11:00.000000 UTC,31.0270093552
2022-11-09 13:12:00.000000 UTC,30.3396652398
2022-11-09 13:13:00.000000 UTC,28.31108151
2022-11-09 13:14:00.000000 UTC,29.1359380492
2022-11-09 13:15:00.000000 UTC,29.793858734599997
2022-11-09 13:16:00.000000 UTC,28.4520671474
2022-11-09 13:17:00.000000 UTC,26.480154115799998
2022-11-09 13:18:00.000000 UTC,25.786799730400002
2022-11-09 13:19:00.000000 UTC,25.783632776
2022-11-09 13:20:00.000000 UTC,25.8915229244
2022-11-09 13:21:00.000000 UTC,27.7784813938
2022-11-09 13:22:00.000000 UTC,26.1298588736
2022-11-09 13:23:00.000000 UTC,25.5166717776
2022-11-09 13:24:00.000000 UTC,24.2042687142
2022-11-09 13:25:00.000000 UTC,24.7267254328
2022-11-09 13:26:00.000000 UTC,23.8079853244
2022-11-09 13:27:00.000000 UTC,23.497400737
2022-11-09 13:28:00.000000 UTC,22.214892463400002
2022-11-09 13:29:00.000000 UTC,22.804222384
2022-11-09 13:30:00.000000 UTC,23.8350620676
2022-11-09 13:31:00.000000 UTC,24.3336510842
2022-11-09 13:32:00.000000 UTC,24.101250924400002
2022-11-09 13:33:00.000000 UTC,23.5864855794
2022-11-09 13:34:00.000000 UTC,22.73525727
2022-11-09 13:35:00.000000 UTC,23.8064161238
2022-11-09 13:36:00.000000 UTC,23.2852223034
2022-11-09 13:37:00.000000 UTC,22.9350763102
2022-11-09 13:38:00.000000 UTC,22.358150211599998
2022-11-09 13:39:00.000000 UTC,23.3006165346
2022-11-09 13:40:00.000000 UTC,22.8544746518
2022-11-09 13:41:00.000000 UTC,21.6664144756
2022-11-09 13:42:00.000000 UTC,21.6312342742
2022-11-09 13:43:00.000000 UTC,24.4951303868
2022-11-09 13:44:00.000000 UTC,24.6243779408
2022-11-09 13:45:00.000000 UTC,23.309530865400003
2022-11-09 13:46:00.000000 UTC,24.1841020958
2022-11-09 13:47:00.000000 UTC,23.0451401128
2022-11-09 13:48:00.000000 UTC,22.689386884
2022-11-09 13:49:00.000000 UTC,23.709558353200002
2022-11-09 13:50:00.000000 UTC,23.652714531599997
2022-11-09 13:51:00.000000 UTC,24.0539124636
2022-11-09 13:52:00.000000 UTC,24.41025152925
2022-11-09 13:53:00.000000 UTC,26.869514208
2022-11-09 13:54:00.000000 UTC,27.383166471
2022-11-09 13:55:00.000000 UTC,25.9986970974
2022-11-09 13:56:00.000000 UTC,25.239672843
2022-11-09 13:57:00.000000 UTC,24.79569274825
2022-11-09 13:58:00.000000 UTC,25.1879748882
2022-11-09 13:59:00.000000 UTC,24.7995865778
2022-11-09 14:00:00.000000 UTC,23.664256555
2022-11-09 14:01:00.000000 UTC,24.2148257522
2022-11-09 14:02:00.000000 UTC,23.057928453
2022-11-09 14:03:00.000000 UTC,22.574900588
2022-11-09 14:04:00.000000 UTC,22.9505951814
2022-11-09 14:05:00.000000 UTC,23.846573147
2022-11-09 14:06:00.000000 UTC,22.562086560599997
2022-11-09 14:07:00.000000 UTC,22.36970014475
2022-11-09 14:08:00.000000 UTC,25.582213704599997
2022-11-09 14:09:00.000000 UTC,23.3387170136
2022-11-09 14:10:00.000000 UTC,23.0210035456
2022-11-09 14:11:00.000000 UTC,25.8928445722
2022-11-09 14:12:00.000000 UTC,26.768484272
2022-11-09 14:13:00.000000 UTC,24.389708341
2022-11-09 14:14:00.000000 UTC,23.8640866806
2022-11-09 14:15:00.000000 UTC,24.6411449768
2022-11-09 14:16:00.000000 UTC,24.374347413
2022-11-09 14:17:00.000000 UTC,25.233636188400002
2022-11-09 14:18:00.000000 UTC,23.5822899936
2022-11-09 14:19:00.000000 UTC,22.7850441482
2022-11-09 14:20:00.000000 UTC,22.1012390382
2022-11-09 14:21:00.000000 UTC,24.106939230200002
2022-11-09 14:22:00.000000 UTC,24.6146495124
2022-11-09 14:23:00.000000 UTC,24.0098334758
2022-11-09 14:24:00.000000 UTC,23.0634681566
2022-11-09 14:25:00.000000 UTC,24.410163359200002
2022-11-09 14:26:00.000000 UTC,24.904322100799998
2022-11-09 14:27:00.000000 UTC,24.4376350964
2022-11-09 14:28:00.000000 UTC,28.126977329400003
2022-11-09 14:29:00.000000 UTC,28.497767762
2022-11-09 14:30:00.000000 UTC,27.846585943
2022-11-09 14:31:00.000000 UTC,29.390222815599998
2022-11-09 14:32:00.000000 UTC,30.1497662744
2022-11-09 14:33:00.000000 UTC,30.3451989132
2022-11-09 14:34:00.000000 UTC,34.1107422168
2022-11-09 14:35:00.000000 UTC,36.7536917192
2022-11-09 14:36:00.000000 UTC,37.4296460976
2022-11-09 14:37:00.000000 UTC,34.0593623102
2022-11-09 14:38:00.000000 UTC,34.8820553252
2022-11-09 14:39:00.000000 UTC,32.593639571
2022-11-09 14:40:00.000000 UTC,31.1419772644
2022-11-09 14:41:00.000000 UTC,30.3038335066
2022-11-09 14:42:00.000000 UTC,36.963295189
2022-11-09 14:43:00.000000 UTC,34.8072971684
2022-11-09 14:44:00.000000 UTC,38.4952475996
2022-11-09 14:45:00.000000 UTC,42.423655741199994
2022-11-09 14:46:00.000000 UTC,55.0450901146
2022-11-09 14:47:00.000000 UTC,54.772076334400005
2022-11-09 14:48:00.000000 UTC,51.2115982258
2022-11-09 14:49:00.000000 UTC,47.316843907199996
2022-11-09 14:50:00.000000 UTC,45.3667867796
2022-11-09 14:51:00.000000 UTC,42.060975199
2022-11-09 14:52:00.000000 UTC,39.354341584
2022-11-09 14:53:00.000000 UTC,36.1628525068
2022-11-09 14:54:00.000000 UTC,33.807676856200004
2022-11-09 14:55:00.000000 UTC,35.18652719425
2022-11-09 14:56:00.000000 UTC,34.590394724
2022-11-09 14:57:00.000000 UTC,33.005769998
2022-11-09 14:58:00.000000 UTC,33.1893084066
2022-11-09 14:59:00.000000 UTC,31.527103926200002
2022-11-09 15:00:00.000000 UTC,32.3805460588
2022-11-09 15:01:00.000000 UTC,33.7997209938
2022-11-09 15:02:00.000000 UTC,33.3720181124
2022-11-09 15:03:00.000000 UTC,33.870645613200004
2022-11-09 15:04:00.000000 UTC,34.186033809
2022-11-09 15:05:00.000000 UTC,34.1131100656
2022-11-09 15:06:00.000000 UTC,33.538715088
2022-11-09 15:07:00.000000 UTC,33.1266353544
2022-11-09 15:08:00.000000 UTC,31.8952550908
2022-11-09 15:09:00.000000 UTC,32.701978013
2022-11-09 15:10:00.000000 UTC,34.0933205154
2022-11-09 15:11:00.000000 UTC,32.2426564386
2022-11-09 15:12:00.000000 UTC,30.2621856038
2022-11-09 15:13:00.000000 UTC,29.4610659576
2022-11-09 15:14:00.000000 UTC,29.399253302
2022-11-09 15:15:00.000000 UTC,27.9238598158
2022-11-09 15:16:00.000000 UTC,27.4098013632
2022-11-09 15:17:00.000000 UTC,29.8450829286
2022-11-09 15:18:00.000000 UTC,29.755902777
2022-11-09 15:19:00.000000 UTC,31.5639676992
2022-11-09 15:20:00.000000 UTC,29.6475565812
2022-11-09 15:21:00.000000 UTC,30.282129343599998
2022-11-09 15:22:00.000000 UTC,28.4491125722
2022-11-09 15:23:00.000000 UTC,30.100154722
2022-11-09 15:24:00.000000 UTC,28.816671593400002
2022-11-09 15:25:00.000000 UTC,28.2079535274
2022-11-09 15:26:00.000000 UTC,27.4061021888
2022-11-09 15:27:00.000000 UTC,28.867848659
2022-11-09 15:28:00.000000 UTC,28.738189166599998
2022-11-09 15:29:00.000000 UTC,27.8555956566
2022-11-09 15:30:00.000000 UTC,29.4340685742
2022-11-09 15:31:00.000000 UTC,29.881889472
2022-11-09 15:32:00.000000 UTC,31.090752219400002
2022-11-09 15:33:00.000000 UTC,34.0606054228
2022-11-09 15:34:00.000000 UTC,40.848361190199995
2022-11-09 15:35:00.000000 UTC,40.066491348199996
2022-11-09 15:36:00.000000 UTC,45.543677704400004
2022-11-09 15:37:00.000000 UTC,65.754266454199993
2022-11-09 15:38:00.000000 UTC,95.5015561986
2022-11-09 15:39:00.000000 UTC,103.677417019
2022-11-09 15:40:00.000000 UTC,98.8500955415
2022-11-09 15:41:00.000000 UTC,103.2346742092
2022-11-09 15:42:00.000000 UTC,100.987975879
2022-11-09 15:43:00.000000 UTC,112.16254032
2022-11-09 15:44:00.000000 UTC,126.18618731
2022-11-09 15:45:00.000000 UTC,133.9890148614
2022-11-09 15:46:00.000000 UTC,134.535209493
2022-11-09 15:47:00.000000 UTC,127.1752329236
2022-11-09 15:48:00.000000 UTC,118.91745164560001
2022-11-09 15:49:00.000000 UTC,112.6082714584
2022-11-09 15:50:00.000000 UTC,104.8292286816
2022-11-09 15:51:00.000000 UTC,101.0277963762
2022-11-09 15:52:00.000000 UTC,95.526130301
2022-11-09 15:53:00.000000 UTC,88.959499642600008
2022-11-09 15:54:00.000000 UTC,83.3522917936
2022-11-09 15:55:00.000000 UTC,81.7519593392
2022-11-09 15:56:00.000000 UTC,85.214748424
2022-11-09 15:57:00.000000 UTC,85.651065159600009
2022-11-09 15:58:00.000000 UTC,92.948315266
2022-11-09 15:59:00.000000 UTC,93.3493409652
2022-11-09 16:00:00.000000 UTC,96.5960313424
2022-11-09 16:01:00.000000 UTC,104.0109199464
2022-11-09 16:02:00.000000 UTC,103.432544055
2022-11-09 16:03:00.000000 UTC,102.9207445088
2022-11-09 16:04:00.000000 UTC,96.3915704518
2022-11-09 16:05:00.000000 UTC,87.728749937199993
2022-11-09 16:06:00.000000 UTC,78.8412238778
2022-11-09 16:07:00.000000 UTC,82.867805889
2022-11-09 16:08:00.000000 UTC,83.335899603199991
2022-11-09 16:09:00.000000 UTC,79.5560990748
2022-11-09 16:10:00.000000 UTC,78.2513002672
2022-11-09 16:11:00.000000 UTC,80.844411456
2022-11-09 16:12:00.000000 UTC,79.7233866908
2022-11-09 16:13:00.000000 UTC,80.8335624394
2022-11-09 16:14:00.000000 UTC,80.134207515
2022-11-09 16:15:00.000000 UTC,76.946388839
2022-11-09 16:16:00.000000 UTC,73.594381689199992
2022-11-09 16:17:00.000000 UTC,70.7193430816
2022-11-09 16:18:00.000000 UTC,72.4818519028
2022-11-09 16:19:00.000000 UTC,71.1955585464
2022-11-09 16:20:00.000000 UTC,69.829368202600008
2022-11-09 16:21:00.000000 UTC,70.40139216739999
2022-11-09 16:22:00.000000 UTC,69.4402344732
2022-11-09 16:23:00.000000 UTC,75.1239596636
2022-11-09 16:24:00.000000 UTC,82.2583426506
2022-11-09 16:25:00.000000 UTC,86.27878643925
2022-11-09 16:26:00.000000 UTC,90.8771699048
2022-11-09 16:27:00.000000 UTC,86.7361837324
2022-11-09 16:28:00.000000 UTC,88.363986308800008
2022-11-09 16:29:00.000000 UTC,93.5039657778
2022-11-09 16:30:00.000000 UTC,97.3752151672
2022-11-09 16:31:00.000000 UTC,104.481925082
2022-11-09 16:32:00.000000 UTC,97.4917624718
2022-11-09 16:33:00.000000 UTC,93.678210611600008
2022-11-09 16:34:00.000000 UTC,87.8360997356
2022-11-09 16:35:00.000000 UTC,80.469862038
2022-11-09 16:36:00.000000 UTC,75.993855194
2022-11-09 16:37:00.000000 UTC,79.182395081399989
2022-11-09 16:38:00.000000 UTC,76.4295052626
2022-11-09 16:39:00.000000 UTC,76.9647323522
2022-11-09 16:40:00.000000 UTC,78.150813723399992
2022-11-09 16:41:00.000000 UTC,82.7796454554
2022-11-09 16:42:00.000000 UTC,83.3085789878
2022-11-09 16:43:00.000000 UTC,83.056277749
2022-11-09 16:44:00.000000 UTC,91.908776107
2022-11-09 16:45:00.000000 UTC,86.522849813
2022-11-09 16:46:00.000000 UTC,82.762195493
2022-11-09 16:47:00.000000 UTC,73.7004823792
2022-11-09 16:48:00.000000 UTC,68.3885810502
2022-11-09 16:49:00.000000 UTC,63.6836565878
2022-11-09 16:50:00.000000 UTC,58.8057254262
2022-11-09 16:51:00.000000 UTC,56.085499471599995
2022-11-09 16:52:00.000000 UTC,57.883777468
2022-11-09 16:53:00.000000 UTC,58.0094990898
2022-11-09 16:54:00.000000 UTC,61.880529431199996
2022-11-09 16:55:00.000000 UTC,57.4537034134
2022-11-09 16:56:00.000000 UTC,54.270737263
2022-11-09 16:57:00.000000 UTC,52.326314452199995
2022-11-09 16:58:00.000000 UTC,55.6911697994
2022-11-09 16:59:00.000000 UTC,55.538661375400004
2022-11-09 17:00:00.000000 UTC,59.707229141800006
2022-11-09 17:01:00.000000 UTC,70.5004703195
2022-11-09 17:02:00.000000 UTC,71.1457109072
2022-11-09 17:03:00.000000 UTC,65.6321178344
2022-11-09 17:04:00.000000 UTC,61.284290313
2022-11-09 17:05:00.000000 UTC,65.0989128332
2022-11-09 17:06:00.000000 UTC,59.5252986518
2022-11-09 17:07:00.000000 UTC,59.5727298016
2022-11-09 17:08:00.000000 UTC,56.2443648144
2022-11-09 17:09:00.000000 UTC,52.735765736
2022-11-09 17:10:00.000000 UTC,53.7867922042
2022-11-09 17:11:00.000000 UTC,50.293512853
2022-11-09 17:12:00.000000 UTC,48.5771621232
2022-11-09 17:13:00.000000 UTC,46.150220538
2022-11-09 17:14:00.000000 UTC,46.0725386222
2022-11-09 17:15:00.000000 UTC,46.9008152065
2022-11-09 17:16:00.000000 UTC,49.7098832106
2022-11-09 17:17:00.000000 UTC,46.2699307882
2022-11-09 17:18:00.000000 UTC,44.917781131199995
2022-11-09 17:19:00.000000 UTC,42.3752720108
2022-11-09 17:20:00.000000 UTC,42.110815654199996
2022-11-09 17:21:00.000000 UTC,42.3265068794
2022-11-09 17:22:00.000000 UTC,47.2750436446
2022-11-09 17:23:00.000000 UTC,51.204358090199996
2022-11-09 17:24:00.000000 UTC,51.519559468
2022-11-09 17:25:00.000000 UTC,51.7944333776
2022-11-09 17:26:00.000000 UTC,50.096106358
2022-11-09 17:27:00.000000 UTC,49.7120376826
2022-11-09 17:28:00.000000 UTC,50.574589792800005
2022-11-09 17:29:00.000000 UTC,53.5243443704
2022-11-09 17:30:00.000000 UTC,58.57179964
2022-11-09 17:31:00.000000 UTC,62.1133018054
2022-11-09 17:32:00.000000 UTC,61.991472732800005
2022-11-09 17:33:00.000000 UTC,59.770585692400005
2022-11-09 17:34:00.000000 UTC,59.5692996278
2022-11-09 17:35:00.000000 UTC,60.6609227386
2022-11-09 17:36:00.000000 UTC,56.6023499032
2022-11-09 17:37:00.000000 UTC,57.8922585
2022-11-09 17:38:00.000000 UTC,61.531739287
2022-11-09 17:39:00.000000 UTC,63.3565892608
2022-11-09 17:40:00.000000 UTC,61.385550218599995
2022-11-09 17:41:00.000000 UTC,60.6213101864
2022-11-09 17:42:00.000000 UTC,58.713626014800006
2022-11-09 17:43:00.000000 UTC,56.791910730199994
2022-11-09 17:44:00.000000 UTC,55.0408717184
2022-11-09 17:45:00.000000 UTC,56.29940164775
2022-11-09 17:46:00.000000 UTC,53.340611993
2022-11-09 17:47:00.000000 UTC,49.504147255599996
2022-11-09 17:48:00.000000 UTC,49.1632962066
2022-11-09 17:49:00.000000 UTC,47.6545054326
2022-11-09 17:50:00.000000 UTC,46.381655572199996
2022-11-09 17:51:00.000000 UTC,45.504365133
2022-11-09 17:52:00.000000 UTC,46.3774480935
2022-11-09 17:53:00.000000 UTC,46.646984255199996
2022-11-09 17:54:00.000000 UTC,46.5110660068
2022-11-09 17:55:00.000000 UTC,46.202034585
2022-11-09 17:56:00.000000 UTC,44.314579007599995
2022-11-09 17:57:00.000000 UTC,45.910057018
2022-11-09 17:58:00.000000 UTC,47.2370671482
2022-11-09 17:59:00.000000 UTC,52.1991961014
2022-11-09 18:00:00.000000 UTC,60.5069485188
2022-11-09 18:01:00.000000 UTC,108.2963382978
2022-11-09 18:02:00.000000 UTC,194.9648050598
2022-11-09 18:03:00.000000 UTC,351.1129508126
2022-11-09 18:04:00.000000 UTC,440.95342581479997
2022-11-09 18:05:00.000000 UTC,485.2958151578
2022-11-09 18:06:00.000000 UTC,424.8708861544
2022-11-09 18:07:00.000000 UTC,350.2667639928
2022-11-09 18:08:00.000000 UTC,310.0254193186
2022-11-09 18:09:00.000000 UTC,238.6102778724
2022-11-09 18:10:00.000000 UTC,201.6653948698
2022-11-09 18:11:00.000000 UTC,176.01767217379998
2022-11-09 18:12:00.000000 UTC,154.2690530932
2022-11-09 18:13:00.000000 UTC,155.21914197360002
2022-11-09 18:14:00.000000 UTC,136.506760141
2022-11-09 18:15:00.000000 UTC,125.556417571
2022-11-09 18:16:00.000000 UTC,123.019125963
2022-11-09 18:17:00.000000 UTC,108.99674318619999
2022-11-09 18:18:00.000000 UTC,110.7841682304
2022-11-09 18:19:00.000000 UTC,104.493459903
2022-11-09 18:20:00.000000 UTC,109.0914464276
2022-11-09 18:21:00.000000 UTC,112.727467232
2022-11-09 18:22:00.000000 UTC,102.2754356028
2022-11-09 18:23:00.000000 UTC,105.7447216636
2022-11-09 18:24:00.000000 UTC,104.06931060160001
2022-11-09 18:25:00.000000 UTC,104.2895539828
2022-11-09 18:26:00.000000 UTC,102.8439971472
2022-11-09 18:27:00.000000 UTC,98.551028629
2022-11-09 18:28:00.000000 UTC,93.6423091984
2022-11-09 18:29:00.000000 UTC,92.124347387600011
2022-11-09 18:30:00.000000 UTC,98.5754392514
2022-11-09 18:31:00.000000 UTC,105.329600789
2022-11-09 18:32:00.000000 UTC,98.46577528360001
2022-11-09 18:33:00.000000 UTC,89.962071853
2022-11-09 18:34:00.000000 UTC,88.236743473
2022-11-09 18:35:00.000000 UTC,86.33053944560001
2022-11-09 18:36:00.000000 UTC,85.176417515
2022-11-09 18:37:00.000000 UTC,87.6005061206
2022-11-09 18:38:00.000000 UTC,101.6488128772
2022-11-09 18:39:00.000000 UTC,112.2439677736
2022-11-09 18:40:00.000000 UTC,125.762168757
2022-11-09 18:41:00.000000 UTC,133.0162918986
2022-11-09 18:42:00.000000 UTC,143.35958828079998
2022-11-09 18:43:00.000000 UTC,124.99627932460001
2022-11-09 18:44:00.000000 UTC,110.7133327218
2022-11-09 18:45:00.000000 UTC,106.0932922964
2022-11-09 18:46:00.000000 UTC,101.2216214834
2022-11-09 18:47:00.000000 UTC,108.0486327576
2022-11-09 18:48:00.000000 UTC,110.044609488
2022-11-09 18:49:00.000000 UTC,109.82884371860001
2022-11-09 18:50:00.000000 UTC,105.8985021402
2022-11-09 18:51:00.000000 UTC,110.2853990648
2022-11-09 18:52:00.000000 UTC,104.6978894074
2022-11-09 18:53:00.000000 UTC,93.8787569678
2022-11-09 18:54:00.000000 UTC,94.811198772600008
2022-11-09 18:55:00.000000 UTC,95.332890493
2022-11-09 18:56:00.000000 UTC,91.252980545399993
2022-11-09 18:57:00.000000 UTC,89.61989905419999
2022-11-09 18:58:00.000000 UTC,87.996678327
2022-11-09 18:59:00.000000 UTC,84.9974858858
2022-11-09 19:00:00.000000 UTC,89.859060069
2022-11-09 19:01:00.000000 UTC,89.3410611698
2022-11-09 19:02:00.000000 UTC,89.564175895
2022-11-09 19:03:00.000000 UTC,85.4126309578
2022-11-09 19:04:00.000000 UTC,83.5506932188
2022-11-09 19:05:00.000000 UTC,95.450222773800007
2022-11-09 19:06:00.000000 UTC,95.479546500399991
2022-11-09 19:07:00.000000 UTC,100.145785158
2022-11-09 19:08:00.000000 UTC,95.1091820432
2022-11-09 19:09:00.000000 UTC,90.3557932162
2022-11-09 19:10:00.000000 UTC,101.5998597498
2022-11-09 19:11:00.000000 UTC,102.81602712060001
2022-11-09 19:12:00.000000 UTC,94.6241651688
2022-11-09 19:13:00.000000 UTC,93.3503480886
2022-11-09 19:14:00.000000 UTC,87.1429717698
2022-11-09 19:15:00.000000 UTC,88.4772336558
2022-11-09 19:16:00.000000 UTC,81.6839920832
2022-11-09 19:17:00.000000 UTC,84.8734545915
2022-11-09 19:18:00.000000 UTC,82.126555635199992
2022-11-09 19:19:00.000000 UTC,84.575225650800007
2022-11-09 19:20:00.000000 UTC,79.7054490702
2022-11-09 19:21:00.000000 UTC,76.8464976636
2022-11-09 19:22:00.000000 UTC,75.4710457836
2022-11-09 19:23:00.000000 UTC,78.502235243
2022-11-09 19:24:00.000000 UTC,78.524519524
2022-11-09 19:25:00.000000 UTC,85.4427749354
2022-11-09 19:26:00.000000 UTC,88.973914895
2022-11-09 19:27:00.000000 UTC,85.0298235322
2022-11-09 19:28:00.000000 UTC,85.457691767
2022-11-09 19:29:00.000000 UTC,83.18534693925
2022-11-09 19:30:00.000000 UTC,90.097181127399992
2022-11-09 19:31:00.000000 UTC,86.158622635
2022-11-09 19:32:00.000000 UTC,84.11937990780001
2022-11-09 19:33:00.000000 UTC,78.9505757075
2022-11-09 19:34:00.000000 UTC,78.0649949662
2022-11-09 19:35:00.000000 UTC,75.1159327328
2022-11-09 19:36:00.000000 UTC,79.0599055392
2022-11-09 19:37:00.000000 UTC,73.7857265104
2022-11-09 19:38:00.000000 UTC,73.11577915960001
2022-11-09 19:39:00.000000 UTC,73.3191703038
2022-11-09 19:40:00.000000 UTC,69.344857183
2022-11-09 19:41:00.000000 UTC,69.7481348692
2022-11-09 19:42:00.000000 UTC,65.779880349
2022-11-09 19:43:00.000000 UTC,64.3680817426
2022-11-09 19:44:00.000000 UTC,65.7265120364
2022-11-09 19:45:00.000000 UTC,62.6840690144
2022-11-09 19:46:00.000000 UTC,65.4585633514
2022-11-09 19:47:00.000000 UTC,61.4956422244
2022-11-09 19:48:00.000000 UTC,55.4402331176
2022-11-09 19:49:00.000000 UTC,57.5941208786
2022-11-09 19:50:00.000000 UTC,56.9401560564
2022-11-09 19:51:00.000000 UTC,59.593004892
2022-11-09 19:52:00.000000 UTC,64.3481881734
2022-11-09 19:53:00.000000 UTC,61.5613638948
2022-11-09 19:54:00.000000 UTC,63.3630843462
2022-11-09 19:55:00.000000 UTC,66.2288029402
2022-11-09 19:56:00.000000 UTC,63.8558832618
2022-11-09 19:57:00.000000 UTC,62.3064752614
2022-11-09 19:58:00.000000 UTC,64.275651722
2022-11-09 19:59:00.000000 UTC,61.2885364602
2022-11-09 20:00:00.000000 UTC,65.224466845599991
2022-11-09 20:01:00.000000 UTC,67.4436536678
2022-11-09 20:02:00.000000 UTC,69.1282698536
2022-11-09 20:03:00.000000 UTC,65.2441100324
2022-11-09 20:04:00.000000 UTC,63.1586829074
2022-11-09 20:05:00.000000 UTC,61.7473606962
2022-11-09 20:06:00.000000 UTC,56.6631665478
2022-11-09 20:07:00.000000 UTC,52.9178652276
2022-11-09 20:08:00.000000 UTC,49.8013149742
2022-11-09 20:09:00.000000 UTC,52.809064344599996
2022-11-09 20:10:00.000000 UTC,48.717979075
2022-11-09 20:11:00.000000 UTC,47.186799060199995
2022-11-09 20:12:00.000000 UTC,47.728666358199995
2022-11-09 20:13:00.000000 UTC,47.223335309599996
2022-11-09 20:14:00.000000 UTC,46.1499499374
2022-11-09 20:15:00.000000 UTC,44.6603018856
2022-11-09 20:16:00.000000 UTC,45.551881064599996
2022-11-09 20:17:00.000000 UTC,45.475307402199995
2022-11-09 20:18:00.000000 UTC,44.7783119262
2022-11-09 20:19:00.000000 UTC,44.348633383800006
2022-11-09 20:20:00.000000 UTC,43.084034253599995
2022-11-09 20:21:00.000000 UTC,41.5278126966
2022-11-09 20:22:00.000000 UTC,41.6317225824
2022-11-09 20:23:00.000000 UTC,42.410135809
2022-11-09 20:24:00.000000 UTC,40.8368702844
2022-11-09 20:25:00.000000 UTC,42.209547078599996
2022-11-09 20:26:00.000000 UTC,39.465116831
2022-11-09 20:27:00.000000 UTC,39.3737096322
2022-11-09 20:28:00.000000 UTC,37.784618186
2022-11-09 20:29:00.000000 UTC,38.4518717876
2022-11-09 20:30:00.000000 UTC,39.561189219199996
2022-11-09 20:31:00.000000 UTC,41.1305138874
2022-11-09 20:32:00.000000 UTC,40.427735858
2022-11-09 20:33:00.000000 UTC,41.487525389
2022-11-09 20:34:00.000000 UTC,40.052350149599995
2022-11-09 20:35:00.000000 UTC,41.0044342374
2022-11-09 20:36:00.000000 UTC,40.087098741199995
2022-11-09 20:37:00.000000 UTC,42.709270516800004
2022-11-09 20:38:00.000000 UTC,40.7664312028
2022-11-09 20:39:00.000000 UTC,39.789204504199994
2022-11-09 20:40:00.000000 UTC,40.9435883458
2022-11-09 20:41:00.000000 UTC,42.003248891199995
2022-11-09 20:42:00.000000 UTC,48.7585574908
2022-11-09 20:43:00.000000 UTC,53.010097225
2022-11-09 20:44:00.000000 UTC,62.514353680800006
2022-11-09 20:45:00.000000 UTC,68.0114506746
2022-11-09 20:46:00.000000 UTC,75.13070866439999
2022-11-09 20:47:00.000000 UTC,75.262958894
2022-11-09 20:48:00.000000 UTC,75.738453346600011
2022-11-09 20:49:00.000000 UTC,71.5003827988
2022-11-09 20:50:00.000000 UTC,73.486612912
2022-11-09 20:51:00.000000 UTC,77.6779117972
2022-11-09 20:52:00.000000 UTC,82.167573638
2022-11-09 20:53:00.000000 UTC,80.545899292600012
2022-11-09 20:54:00.000000 UTC,76.6552215732
2022-11-09 20:55:00.000000 UTC,75.2920912722
2022-11-09 20:56:00.000000 UTC,71.2438409712
2022-11-09 20:57:00.000000 UTC,71.323841449666673
2022-11-09 20:58:00.000000 UTC,77.5140723226
2022-11-09 20:59:00.000000 UTC,74.75347307175
2022-11-09 21:00:00.000000 UTC,79.93520834760001
2022-11-09 21:01:00.000000 UTC,81.3527808092
2022-11-09 21:02:00.000000 UTC,88.27717887
2022-11-09 21:03:00.000000 UTC,90.8567386964
2022-11-09 21:04:00.000000 UTC,90.9386466528
2022-11-09 21:05:00.000000 UTC,87.545577957
2022-11-09 21:06:00.000000 UTC,93.39705939960001
2022-11-09 21:07:00.000000 UTC,93.82386553660001
2022-11-09 21:08:00.000000 UTC,96.828392301
2022-11-09 21:09:00.000000 UTC,94.6559775818
2022-11-09 21:10:00.000000 UTC,90.9245278468
2022-11-09 21:11:00.000000 UTC,91.824564143
2022-11-09 21:12:00.000000 UTC,90.8719484528
2022-11-09 21:13:00.000000 UTC,98.304126040399993
2022-11-09 21:14:00.000000 UTC,95.4069060152
2022-11-09 21:15:00.000000 UTC,88.5159311176
2022-11-09 21:16:00.000000 UTC,88.6651195962
2022-11-09 21:17:00.000000 UTC,102.14959040160001
2022-11-09 21:18:00.000000 UTC,102.525552001
2022-11-09 21:19:00.000000 UTC,120.8791660146
2022-11-09 21:20:00.000000 UTC,142.9600274022
2022-11-09 21:21:00.000000 UTC,156.3054127526
2022-11-09 21:22:00.000000 UTC,154.6644123138
2022-11-09 21:23:00.000000 UTC,164.61715715260002
2022-11-09 21:24:00.000000 UTC,159.1304173874
2022-11-09 21:25:00.000000 UTC,151.1258813436
2022-11-09 21:26:00.000000 UTC,156.8639381768
2022-11-09 21:27:00.000000 UTC,177.3139481064
2022-11-09 21:28:00.000000 UTC,210.400310962
2022-11-09 21:29:00.000000 UTC,239.4036811656
2022-11-09 21:30:00.000000 UTC,248.9270525686
2022-11-09 21:31:00.000000 UTC,233.5726927764
2022-11-09 21:32:00.000000 UTC,213.1602440198
2022-11-09 21:33:00.000000 UTC,196.40506226239998
2022-11-09 21:34:00.000000 UTC,190.871378657
2022-11-09 21:35:00.000000 UTC,206.389884033
2022-11-09 21:36:00.000000 UTC,186.5879382508
2022-11-09 21:37:00.000000 UTC,168.5972347584
2022-11-09 21:38:00.000000 UTC,157.73013106579998
2022-11-09 21:39:00.000000 UTC,145.93366754879997
2022-11-09 21:40:00.000000 UTC,136.52162609980002
2022-11-09 21:41:00.000000 UTC,137.0185960692
2022-11-09 21:42:00.000000 UTC,140.71388994420002
2022-11-09 21:43:00.000000 UTC,166.8480795554
2022-11-09 21:44:00.000000 UTC,160.2231723
2022-11-09 21:45:00.000000 UTC,159.581219786
2022-11-09 21:46:00.000000 UTC,164.3211042716
2022-11-09 21:47:00.000000 UTC,160.663857557
2022-11-09 21:48:00.000000 UTC,155.15131523620002
2022-11-09 21:49:00.000000 UTC,156.016934837
2022-11-09 21:50:00.000000 UTC,148.1037247828
2022-11-09 21:51:00.000000 UTC,144.4309404752
2022-11-09 21:52:00.000000 UTC,138.2859458774
2022-11-09 21:53:00.000000 UTC,135.05024274939998
2022-11-09 21:54:00.000000 UTC,137.708751885
2022-11-09 21:55:00.000000 UTC,144.5407735064
2022-11-09 21:56:00.000000 UTC,146.81592806179998
2022-11-09 21:57:00.000000 UTC,140.32676635820002
2022-11-09 21:58:00.000000 UTC,134.496462998
2022-11-09 21:59:00.000000 UTC,129.2082075414
2022-11-09 22:00:00.000000 UTC,130.6617740604
2022-11-09 22:01:00.000000 UTC,143.7945925366
2022-11-09 22:02:00.000000 UTC,149.853143258
2022-11-09 22:03:00.000000 UTC,137.844940703
2022-11-09 22:04:00.000000 UTC,144.27846942
2022-11-09 22:05:00.000000 UTC,145.456051345
2022-11-09 22:06:00.000000 UTC,139.85049066439998
2022-11-09 22:07:00.000000 UTC,142.0377832144
2022-11-09 22:08:00.000000 UTC,138.91492830660002
2022-11-09 22:09:00.000000 UTC,137.10434506
2022-11-09 22:10:00.000000 UTC,132.8238686298
2022-11-09 22:11:00.000000 UTC,126.3751070764
2022-11-09 22:12:00.000000 UTC,127.1137704602
2022-11-09 22:13:00.000000 UTC,136.454941882
2022-11-09 22:14:00.000000 UTC,131.2440193978
2022-11-09 22:15:00.000000 UTC,128.9542102446
2022-11-09 22:16:00.000000 UTC,119.3175237386
2022-11-09 22:17:00.000000 UTC,116.7347783246
2022-11-09 22:18:00.000000 UTC,108.073767838
2022-11-09 22:19:00.000000 UTC,107.5354502554
2022-11-09 22:20:00.000000 UTC,106.3923672792
2022-11-09 22:21:00.000000 UTC,104.56086305160001
2022-11-09 22:22:00.000000 UTC,101.675139958
2022-11-09 22:23:00.000000 UTC,103.2783828556
2022-11-09 22:24:00.000000 UTC,103.1690527704
2022-11-09 22:25:00.000000 UTC,106.20522858
2022-11-09 22:26:00.000000 UTC,105.1628862868
2022-11-09 22:27:00.000000 UTC,105.56008861939999
2022-11-09 22:28:00.000000 UTC,102.4286750392
2022-11-09 22:29:00.000000 UTC,100.8307943752
2022-11-09 22:30:00.000000 UTC,102.0119721212
2022-11-09 22:31:00.000000 UTC,101.712509054
2022-11-09 22:32:00.000000 UTC,103.8923304138
2022-11-09 22:33:00.000000 UTC,102.4993015262
2022-11-09 22:34:00.000000 UTC,105.7993051426
2022-11-09 22:35:00.000000 UTC,102.6635782954
2022-11-09 22:36:00.000000 UTC,101.59607480225
2022-11-09 22:37:00.000000 UTC,98.2803516834
2022-11-09 22:38:00.000000 UTC,93.5220342326
2022-11-09 22:39:00.000000 UTC,88.550272329399988
2022-11-09 22:40:00.000000 UTC,88.710261252399988
2022-11-09 22:41:00.000000 UTC,82.658094820600013
2022-11-09 22:42:00.000000 UTC,84.690138353800009
2022-11-09 22:43:00.000000 UTC,81.18010944960001
2022-11-09 22:44:00.000000 UTC,83.551892318
2022-11-09 22:45:00.000000 UTC,81.77261922080001
2022-11-09 22:46:00.000000 UTC,78.9862472602
2022-11-09 22:47:00.000000 UTC,78.8282473572
2022-11-09 22:48:00.000000 UTC,77.795897782
2022-11-09 22:49:00.000000 UTC,80.0032452194
2022-11-09 22:50:00.000000 UTC,75.148637995600012
2022-11-09 22:51:00.000000 UTC,77.049847266600011
2022-11-09 22:52:00.000000 UTC,73.77239252439999
2022-11-09 22:53:00.000000 UTC,73.3313751446
2022-11-09 22:54:00.000000 UTC,72.406842098600009
2022-11-09 22:55:00.000000 UTC,69.4882950218
2022-11-09 22:56:00.000000 UTC,72.21587893680001
2022-11-09 22:57:00.000000 UTC,76.147777839
2022-11-09 22:58:00.000000 UTC,70.7834813516
2022-11-09 22:59:00.000000 UTC,73.6172203628
2022-11-09 23:00:00.000000 UTC,76.2196135938
2022-11-09 23:01:00.000000 UTC,81.1741076878
2022-11-09 23:02:00.000000 UTC,80.7681431482
2022-11-09 23:03:00.000000 UTC,76.514272444
2022-11-09 23:04:00.000000 UTC,77.2842361778
2022-11-09 23:05:00.000000 UTC,80.919137536
2022-11-09 23:06:00.000000 UTC,84.03728841
2022-11-09 23:07:00.000000 UTC,95.670154149399991
2022-11-09 23:08:00.000000 UTC,112.08941264175
2022-11-09 23:09:00.000000 UTC,126.759834421
2022-11-09 23:10:00.000000 UTC,152.92583844060002
2022-11-09 23:11:00.000000 UTC,141.955980252
2022-11-09 23:12:00.000000 UTC,128.958609735
2022-11-09 23:13:00.000000 UTC,118.274274549
2022-11-09 23:14:00.000000 UTC,105.66501620960001
2022-11-09 23:15:00.000000 UTC,94.668200443
2022-11-09 23:16:00.000000 UTC,87.9076398204
2022-11-09 23:17:00.000000 UTC,84.507053215399992
2022-11-09 23:18:00.000000 UTC,80.409069949
2022-11-09 23:19:00.000000 UTC,82.987578376600013
2022-11-09 23:20:00.000000 UTC,79.204071908
2022-11-09 23:21:00.000000 UTC,75.484979164800009
2022-11-09 23:22:00.000000 UTC,80.0162328678
2022-11-09 23:23:00.000000 UTC,78.1306888364
2022-11-09 23:24:00.000000 UTC,83.37929413
2022-11-09 23:25:00.000000 UTC,83.87089665
2022-11-09 23:26:00.000000 UTC,80.4423715698
2022-11-09 23:27:00.000000 UTC,82.18135593880001
2022-11-09 23:28:00.000000 UTC,78.93782338039999
2022-11-09 23:29:00.000000 UTC,76.0332974602
2022-11-09 23:30:00.000000 UTC,83.3521268172
2022-11-09 23:31:00.000000 UTC,80.61621497
2022-11-09 23:32:00.000000 UTC,81.491746584
2022-11-09 23:33:00.000000 UTC,75.537994464
2022-11-09 23:34:00.000000 UTC,70.056126738
2022-11-09 23:35:00.000000 UTC,68.0062035896
2022-11-09 23:36:00.000000 UTC,68.1952216945
2022-11-09 23:37:00.000000 UTC,74.238417063
2022-11-09 23:38:00.000000 UTC,76.5317599156
2022-11-09 23:39:00.000000 UTC,79.5078545884
2022-11-09 23:40:00.000000 UTC,79.9642520692
2022-11-09 23:41:00.000000 UTC,78.5293999642
2022-11-09 23:42:00.000000 UTC,78.494038544
2022-11-09 23:43:00.000000 UTC,73.9051970222
2022-11-09 23:44:00.000000 UTC,71.0916003534
2022-11-09 23:45:00.000000 UTC,67.3427358798
2022-11-09 23:46:00.000000 UTC,68.1332798636
2022-11-09 23:47:00.000000 UTC,66.968223189
2022-11-09 23:48:00.000000 UTC,62.3994074538
2022-11-09 23:49:00.000000 UTC,65.5811285934
2022-11-09 23:50:00.000000 UTC,60.8796091952
2022-11-09 23:51:00.000000 UTC,61.319746898199995
2022-11-09 23:52:00.000000 UTC,57.3907535686
2022-11-09 23:53:00.000000 UTC,57.583077607599996
2022-11-09 23:54:00.000000 UTC,55.3339300842
2022-11-09 23:55:00.000000 UTC,55.431765295199995
2022-11-09 23:56:00.000000 UTC,54.7161967554
2022-11-09 23:57:00.000000 UTC,54.9016807838
2022-11-09 23:58:00.000000 UTC,54.1882425884
2022-11-09 23:59:00.000000 UTC,55.476613269
2022-11-10 00:00:00.000000 UTC,60.3322788926
2022-11-10 00:01:00.000000 UTC,64.9323217396
2022-11-10 00:02:00.000000 UTC,64.8824340354
2022-11-10 00:03:00.000000 UTC,65.595877055199992
2022-11-10 00:04:00.000000 UTC,66.4442632268
2022-11-10 00:05:00.000000 UTC,66.7333500722
2022-11-10 00:06:00.000000 UTC,62.663693740800007
2022-11-10 00:07:00.000000 UTC,58.853575507
2022-11-10 00:08:00.000000 UTC,61.642760984199995
2022-11-10 00:09:00.000000 UTC,58.1995577486
2022-11-10 00:10:00.000000 UTC,57.2845039178
2022-11-10 00:11:00.000000 UTC,57.027949082800006
2022-11-10 00:12:00.000000 UTC,58.1099308022
2022-11-10 00:13:00.000000 UTC,65.0423373662
2022-11-10 00:14:00.000000 UTC,75.403804384600008
2022-11-10 00:15:00.000000 UTC,75.6137967342
2022-11-10 00:16:00.000000 UTC,73.3582095508
2022-11-10 00:17:00.000000 UTC,68.6702014142
2022-11-10 00:18:00.000000 UTC,65.4133987482
2022-11-10 00:19:00.000000 UTC,62.351789669800006
2022-11-10 00:20:00.000000 UTC,58.1450477874
2022-11-10 00:21:00.000000 UTC,55.762161039
2022-11-10 00:22:00.000000 UTC,54.9470803318
2022-11-10 00:23:00.000000 UTC,56.924074618599995
2022-11-10 00:24:00.000000 UTC,54.7739806556
2022-11-10 00:25:00.000000 UTC,54.8874225256
2022-11-10 00:26:00.000000 UTC,50.958846294800004
2022-11-10 00:27:00.000000 UTC,49.3889588274
2022-11-10 00:28:00.000000 UTC,50.6289016712
2022-11-10 00:29:00.000000 UTC,55.8592669418
2022-11-10 00:30:00.000000 UTC,65.446535738800009
2022-11-10 00:31:00.000000 UTC,68.0652573648
2022-11-10 00:32:00.000000 UTC,69.53301281760001
2022-11-10 00:33:00.000000 UTC,67.641114911199992
2022-11-10 00:34:00.000000 UTC,68.2141260116
2022-11-10 00:35:00.000000 UTC,68.7873631162
2022-11-10 00:36:00.000000 UTC,64.2340879396
2022-11-10 00:37:00.000000 UTC,58.7050011046
2022-11-10 00:38:00.000000 UTC,55.2628761916
2022-11-10 00:39:00.000000 UTC,49.476543375599995
2022-11-10 00:40:00.000000 UTC,46.7528763482
2022-11-10 00:41:00.000000 UTC,46.104792202599995
2022-11-10 00:42:00.000000 UTC,45.6625406448
2022-11-10 00:43:00.000000 UTC,46.1741556208
2022-11-10 00:44:00.000000 UTC,48.7967973002
2022-11-10 00:45:00.000000 UTC,45.941018564400004
2022-11-10 00:46:00.000000 UTC,44.9542319824
2022-11-10 00:47:00.000000 UTC,44.5573416294
2022-11-10 00:48:00.000000 UTC,43.278980368
2022-11-10 00:49:00.000000 UTC,41.125021825199994
2022-11-10 00:50:00.000000 UTC,40.551692882400005
2022-11-10 00:51:00.000000 UTC,42.6064066268
2022-11-10 00:52:00.000000 UTC,42.0242780668
2022-11-10 00:53:00.000000 UTC,43.181188956
2022-11-10 00:54:00.000000 UTC,42.64850767175
2022-11-10 00:55:00.000000 UTC,42.219945378800006
2022-11-10 00:56:00.000000 UTC,42.681517195800005
2022-11-10 00:57:00.000000 UTC,43.7481768626
2022-11-10 00:58:00.000000 UTC,48.6731713142
2022-11-10 00:59:00.000000 UTC,48.6557901462
2022-11-10 01:00:00.000000 UTC,48.4290615604
2022-11-10 01:01:00.000000 UTC,52.5378363796
2022-11-10 01:02:00.000000 UTC,55.4165804882
2022-11-10 01:03:00.000000 UTC,58.747152414199995
2022-11-10 01:04:00.000000 UTC,61.930666388
2022-11-10 01:05:00.000000 UTC,69.2294667914
2022-11-10 01:06:00.000000 UTC,68.854152503399987
2022-11-10 01:07:00.000000 UTC,64.2006864244
2022-11-10 01:08:00.000000 UTC,58.2415846966
2022-11-10 01:09:00.000000 UTC,53.756113305599996
2022-11-10 01:10:00.000000 UTC,50.8031514834
2022-11-10 01:11:00.000000 UTC,46.839441040800004
2022-11-10 01:12:00.000000 UTC,43.916765244800004
2022-11-10 01:13:00.000000 UTC,42.871887177800005
2022-11-10 01:14:00.000000 UTC,39.3894391832
2022-11-10 01:15:00.000000 UTC,37.260346823800006
2022-11-10 01:16:00.000000 UTC,36.179955166800006
2022-11-10 01:17:00.000000 UTC,39.182549475
2022-11-10 01:18:00.000000 UTC,39.7275187906
2022-11-10 01:19:00.000000 UTC,39.9444671384
2022-11-10 01:20:00.000000 UTC,40.09994864425
2022-11-10 01:21:00.000000 UTC,39.6896779616
2022-11-10 01:22:00.000000 UTC,37.939391936599996
2022-11-10 01:23:00.000000 UTC,36.0767054002
2022-11-10 01:24:00.000000 UTC,37.908266321199996
2022-11-10 01:25:00.000000 UTC,36.325759409199996
2022-11-10 01:26:00.000000 UTC,34.9072919726
2022-11-10 01:27:00.000000 UTC,34.0060437706
2022-11-10 01:28:00.000000 UTC,33.4682228398
2022-11-10 01:29:00.000000 UTC,32.3839716682
2022-11-10 01:30:00.000000 UTC,30.8864810748
2022-11-10 01:31:00.000000 UTC,33.392221303599996
2022-11-10 01:32:00.000000 UTC,34.3247614178
2022-11-10 01:33:00.000000 UTC,32.481663211
2022-11-10 01:34:00.000000 UTC,33.263965050799996
2022-11-10 01:35:00.000000 UTC,36.5490312134
2022-11-10 01:36:00.000000 UTC,33.4500938644
2022-11-10 01:37:00.000000 UTC,32.5013818322
2022-11-10 01:38:00.000000 UTC,32.0240903184
2022-11-10 01:39:00.000000 UTC,33.189733416
2022-11-10 01:40:00.000000 UTC,33.2864736224
2022-11-10 01:41:00.000000 UTC,32.1725150492
2022-11-10 01:42:00.000000 UTC,30.888780719
2022-11-10 01:43:00.000000 UTC,30.343900420599997
2022-11-10 01:44:00.000000 UTC,30.5865562562
2022-11-10 01:45:00.000000 UTC,30.759217084400003
2022-11-10 01:46:00.000000 UTC,32.3382179392
2022-11-10 01:47:00.000000 UTC,30.985388389599997
2022-11-10 01:48:00.000000 UTC,30.771231799400002
2022-11-10 01:49:00.000000 UTC,29.5051074108
2022-11-10 01:50:00.000000 UTC,28.8106056574
2022-11-10 01:51:00.000000 UTC,29.818674848
2022-11-10 01:52:00.000000 UTC,30.5914556982
2022-11-10 01:53:00.000000 UTC,29.3131762464
2022-11-10 01:54:00.000000 UTC,30.7381074884
2022-11-10 01:55:00.000000 UTC,30.8489444686
2022-11-10 01:56:00.000000 UTC,30.0772263894
2022-11-10 01:57:00.000000 UTC,27.976940101
2022-11-10 01:58:00.000000 UTC,27.0805517146
2022-11-10 01:59:00.000000 UTC,26.6119526668
2022-11-10 02:00:00.000000 UTC,27.6933945912
2022-11-10 02:01:00.000000 UTC,28.1634019342
2022-11-10 02:02:00.000000 UTC,30.539705268200002
2022-11-10 02:03:00.000000 UTC,28.4832816468
2022-11-10 02:04:00.000000 UTC,28.9384314576
2022-11-10 02:05:00.000000 UTC,27.430418435
2022-11-10 02:06:00.000000 UTC,27.3794849068
2022-11-10 02:07:00.000000 UTC,26.191539598400002
2022-11-10 02:08:00.000000 UTC,25.7305135804
2022-11-10 02:09:00.000000 UTC,26.4032279464
2022-11-10 02:10:00.000000 UTC,27.150930581
2022-11-10 02:11:00.000000 UTC,26.4433434902
2022-11-10 02:12:00.000000 UTC,27.359784682599997
2022-11-10 02:13:00.000000 UTC,26.6326022286
2022-11-10 02:14:00.000000 UTC,25.679132346
2022-11-10 02:15:00.000000 UTC,26.025890404
2022-11-10 02:16:00.000000 UTC,25.3093967804
2022-11-10 02:17:00.000000 UTC,24.4151207002
2022-11-10 02:18:00.000000 UTC,24.335673853
2022-11-10 02:19:00.000000 UTC,25.2475979542
2022-11-10 02:20:00.000000 UTC,23.7829575446
2022-11-10 02:21:00.000000 UTC,22.417873263
2022-11-10 02:22:00.000000 UTC,21.652659754200002
2022-11-10 02:23:00.000000 UTC,23.0403299994
2022-11-10 02:24:00.000000 UTC,22.6525842998
2022-11-10 02:25:00.000000 UTC,21.603126750599998
2022-11-10 02:26:00.000000 UTC,22.16466828
2022-11-10 02:27:00.000000 UTC,21.0617066812
2022-11-10 02:28:00.000000 UTC,20.5544275568
2022-11-10 02:29:00.000000 UTC,21.444214638400002
2022-11-10 02:30:00.000000 UTC,21.346861392599997
2022-11-10 02:31:00.000000 UTC,23.835224321200002
2022-11-10 02:32:00.000000 UTC,32.6952133882
2022-11-10 02:33:00.000000 UTC,34.2851349504
2022-11-10 02:34:00.000000 UTC,32.8406077072
2022-11-10 02:35:00.000000 UTC,29.748307660400002
2022-11-10 02:36:00.000000 UTC,28.7672501374
2022-11-10 02:37:00.000000 UTC,29.7814256526
2022-11-10 02:38:00.000000 UTC,28.409928906799998
2022-11-10 02:39:00.000000 UTC,26.8433797676
2022-11-10 02:40:00.000000 UTC,24.1066601826
2022-11-10 02:41:00.000000 UTC,23.870249307799998
2022-11-10 02:42:00.000000 UTC,23.7278677512
2022-11-10 02:43:00.000000 UTC,22.291662605400003
2022-11-10 02:44:00.000000 UTC,22.0657705896
2022-11-10 02:45:00.000000 UTC,21.458899267400003
2022-11-10 02:46:00.000000 UTC,21.363630996599998
2022-11-10 02:47:00.000000 UTC,22.0220717548
2022-11-10 02:48:00.000000 UTC,21.391051531
2022-11-10 02:49:00.000000 UTC,21.1913555638
2022-11-10 02:50:00.000000 UTC,23.571808873400002
2022-11-10 02:51:00.000000 UTC,23.0567760962
2022-11-10 02:52:00.000000 UTC,22.37108181
2022-11-10 02:53:00.000000 UTC,22.2805192864
2022-11-10 02:54:00.000000 UTC,21.319251135400002
2022-11-10 02:55:00.000000 UTC,21.099024961599998
2022-11-10 02:56:00.000000 UTC,21.1479991582
2022-11-10 02:57:00.000000 UTC,22.0766703518
2022-11-10 02:58:00.000000 UTC,21.121634499400002
2022-11-10 02:59:00.000000 UTC,20.9541584318
2022-11-10 03:00:00.000000 UTC,22.4656946512
2022-11-10 03:01:00.000000 UTC,22.2899456514
2022-11-10 03:02:00.000000 UTC,25.247625804200002
2022-11-10 03:03:00.000000 UTC,25.489439651799998
2022-11-10 03:04:00.000000 UTC,27.515489633799998
2022-11-10 03:05:00.000000 UTC,25.6598473988
2022-11-10 03:06:00.000000 UTC,29.5073438472
2022-11-10 03:07:00.000000 UTC,28.664501663400003
2022-11-10 03:08:00.000000 UTC,30.295640719799998
2022-11-10 03:09:00.000000 UTC,36.342582119
2022-11-10 03:10:00.000000 UTC,41.6411631032
2022-11-10 03:11:00.000000 UTC,40.136160974199996
2022-11-10 03:12:00.000000 UTC,36.586449404599996
2022-11-10 03:13:00.000000 UTC,32.248836906
2022-11-10 03:14:00.000000 UTC,30.5659564976
2022-11-10 03:15:00.000000 UTC,27.7617286394
2022-11-10 03:16:00.000000 UTC,27.5637832378
2022-11-10 03:17:00.000000 UTC,27.6937052746
2022-11-10 03:18:00.000000 UTC,26.550675734200002
2022-11-10 03:19:00.000000 UTC,25.9852040942
2022-11-10 03:20:00.000000 UTC,25.086280107
2022-11-10 03:21:00.000000 UTC,25.850954004
2022-11-10 03:22:00.000000 UTC,27.147624849400003
2022-11-10 03:23:00.000000 UTC,28.270634482400002
2022-11-10 03:24:00.000000 UTC,27.984455749400002
2022-11-10 03:25:00.000000 UTC,27.856362791200002
2022-11-10 03:26:00.000000 UTC,25.670064635
2022-11-10 03:27:00.000000 UTC,24.199218276
2022-11-10 03:28:00.000000 UTC,23.4909798908
2022-11-10 03:29:00.000000 UTC,23.440059468
2022-11-10 03:30:00.000000 UTC,24.217902229
2022-11-10 03:31:00.000000 UTC,25.2457109974
2022-11-10 03:32:00.000000 UTC,24.868290178400002
2022-11-10 03:33:00.000000 UTC,24.2843554426
2022-11-10 03:34:00.000000 UTC,23.959900908
2022-11-10 03:35:00.000000 UTC,23.1133599556
2022-11-10 03:36:00.000000 UTC,23.0200795118
2022-11-10 03:37:00.000000 UTC,22.446105534599997
2022-11-10 03:38:00.000000 UTC,22.571563263
2022-11-10 03:39:00.000000 UTC,23.0586715654
2022-11-10 03:40:00.000000 UTC,23.933250201
2022-11-10 03:41:00.000000 UTC,25.4116651912
2022-11-10 03:42:00.000000 UTC,24.95201110025
2022-11-10 03:43:00.000000 UTC,26.052121717400002
2022-11-10 03:44:00.000000 UTC,27.9775034278
2022-11-10 03:45:00.000000 UTC,28.0798113602
2022-11-10 03:46:00.000000 UTC,25.458463037799998
2022-11-10 03:47:00.000000 UTC,25.2317598144
2022-11-10 03:48:00.000000 UTC,23.9590022982
2022-11-10 03:49:00.000000 UTC,26.5354033698
2022-11-10 03:50:00.000000 UTC,25.112955551400002
2022-11-10 03:51:00.000000 UTC,27.166902607
2022-11-10 03:52:00.000000 UTC,28.9030417458
2022-11-10 03:53:00.000000 UTC,25.1160807716
2022-11-10 03:54:00.000000 UTC,25.4928736026
2022-11-10 03:55:00.000000 UTC,25.4203057612
2022-11-10 03:56:00.000000 UTC,22.9318444664
2022-11-10 03:57:00.000000 UTC,23.791454391
2022-11-10 03:58:00.000000 UTC,22.95973570475
2022-11-10 03:59:00.000000 UTC,24.5485138088
2022-11-10 04:00:00.000000 UTC,24.926950087
2022-11-10 04:01:00.000000 UTC,26.8034125018
2022-11-10 04:02:00.000000 UTC,25.7298812844
2022-11-10 04:03:00.000000 UTC,24.328282926
2022-11-10 04:04:00.000000 UTC,23.8285688398
2022-11-10 04:05:00.000000 UTC,24.239497897400003
2022-11-10 04:06:00.000000 UTC,23.447634470599997
2022-11-10 04:07:00.000000 UTC,22.768405122599997
2022-11-10 04:08:00.000000 UTC,22.421641998400002
2022-11-10 04:09:00.000000 UTC,23.105640314200002
2022-11-10 04:10:00.000000 UTC,23.068254527599997
2022-11-10 04:11:00.000000 UTC,22.5542450222
2022-11-10 04:12:00.000000 UTC,22.0634940354
2022-11-10 04:13:00.000000 UTC,21.077980008
2022-11-10 04:14:00.000000 UTC,21.9588367756
2022-11-10 04:15:00.000000 UTC,21.4059168306
2022-11-10 04:16:00.000000 UTC,23.0959103
2022-11-10 04:17:00.000000 UTC,24.115685718
2022-11-10 04:18:00.000000 UTC,24.759883776
2022-11-10 04:19:00.000000 UTC,25.173980173599997
2022-11-10 04:20:00.000000 UTC,25.019888412
2022-11-10 04:21:00.000000 UTC,25.267590485
2022-11-10 04:22:00.000000 UTC,24.2010517242
2022-11-10 04:23:00.000000 UTC,23.391107983
2022-11-10 04:24:00.000000 UTC,22.2485045316
2022-11-10 04:25:00.000000 UTC,22.512107969
2022-11-10 04:26:00.000000 UTC,22.387193961799998
2022-11-10 04:27:00.000000 UTC,23.010399795799998
2022-11-10 04:28:00.000000 UTC,23.5966812798
2022-11-10 04:29:00.000000 UTC,23.5352954872
2022-11-10 04:30:00.000000 UTC,24.0022701942
2022-11-10 04:31:00.000000 UTC,22.9631479452
2022-11-10 04:32:00.000000 UTC,23.7897564938
2022-11-10 04:33:00.000000 UTC,24.260639011400002
2022-11-10 04:34:00.000000 UTC,22.1599264922
2022-11-10 04:35:00.000000 UTC,21.792316768
2022-11-10 04:36:00.000000 UTC,22.0993797806
2022-11-10 04:37:00.000000 UTC,20.8464793102
2022-11-10 04:38:00.000000 UTC,20.2538058154
2022-11-10 04:39:00.000000 UTC,22.32420827925
2022-11-10 04:40:00.000000 UTC,20.5570762054
2022-11-10 04:41:00.000000 UTC,22.078108093
2022-11-10 04:42:00.000000 UTC,21.417033363
2022-11-10 04:43:00.000000 UTC,20.3926863452
2022-11-10 04:44:00.000000 UTC,20.6109166046
2022-11-10 04:45:00.000000 UTC,19.630260929
2022-11-10 04:46:00.000000 UTC,19.081270471
2022-11-10 04:47:00.000000 UTC,18.937951971599997
2022-11-10 04:48:00.000000 UTC,19.8997325112
2022-11-10 04:49:00.000000 UTC,18.5124928728
2022-11-10 04:50:00.000000 UTC,17.8687734048
2022-11-10 04:51:00.000000 UTC,17.4658442692
2022-11-10 04:52:00.000000 UTC,18.4601077518
2022-11-10 04:53:00.000000 UTC,18.238115741599998
2022-11-10 04:54:00.000000 UTC,19.21841551975
2022-11-10 04:55:00.000000 UTC,21.696151596
2022-11-10 04:56:00.000000 UTC,24.992320492799998
2022-11-10 04:57:00.000000 UTC,22.9836449392
2022-11-10 04:58:00.000000 UTC,20.9058030398
2022-11-10 04:59:00.000000 UTC,19.269854152599997
2022-11-10 05:00:00.000000 UTC,20.978154985
2022-11-10 05:01:00.000000 UTC,25.999908011200002
2022-11-10 05:02:00.000000 UTC,26.264845000599998
2022-11-10 05:03:00.000000 UTC,30.374557681400002
2022-11-10 05:04:00.000000 UTC,30.197894644
2022-11-10 05:05:00.000000 UTC,28.619211894
2022-11-10 05:06:00.000000 UTC,26.005890578400003
2022-11-10 05:07:00.000000 UTC,25.7564715708
2022-11-10 05:08:00.000000 UTC,24.2100452152
2022-11-10 05:09:00.000000 UTC,21.8145285864
2022-11-10 05:10:00.000000 UTC,19.552776979
2022-11-10 05:11:00.000000 UTC,18.9379880884
2022-11-10 05:12:00.000000 UTC,18.065681054400002
2022-11-10 05:13:00.000000 UTC,18.8458861054
2022-11-10 05:14:00.000000 UTC,19.0465608688
2022-11-10 05:15:00.000000 UTC,19.5065043562
2022-11-10 05:16:00.000000 UTC,18.252577120799998
2022-11-10 05:17:00.000000 UTC,19.2348590042
2022-11-10 05:18:00.000000 UTC,20.485794612400003
2022-11-10 05:19:00.000000 UTC,19.4805282966
2022-11-10 05:20:00.000000 UTC,20.3546785814
2022-11-10 05:21:00.000000 UTC,20.430333512599997
2022-11-10 05:22:00.000000 UTC,19.2202920942
2022-11-10 05:23:00.000000 UTC,19.488073977
2022-11-10 05:24:00.000000 UTC,19.3891633246
2022-11-10 05:25:00.000000 UTC,18.8603330894
2022-11-10 05:26:00.000000 UTC,18.5835548804
2022-11-10 05:27:00.000000 UTC,19.1033361438
2022-11-10 05:28:00.000000 UTC,19.595218808
2022-11-10 05:29:00.000000 UTC,19.330923591
2022-11-10 05:30:00.000000 UTC,19.1173380888
2022-11-10 05:31:00.000000 UTC,19.9583001662
2022-11-10 05:32:00.000000 UTC,19.782695748
2022-11-10 05:33:00.000000 UTC,20.8424410256
2022-11-10 05:34:00.000000 UTC,20.9465422452
2022-11-10 05:35:00.000000 UTC,20.6732567412
2022-11-10 05:36:00.000000 UTC,21.4678765818
2022-11-10 05:37:00.000000 UTC,22.028656015
2022-11-10 05:38:00.000000 UTC,20.521627170200002
2022-11-10 05:39:00.000000 UTC,19.5856603942
2022-11-10 05:40:00.000000 UTC,19.7260940068
2022-11-10 05:41:00.000000 UTC,18.612458005599997
2022-11-10 05:42:00.000000 UTC,18.4969410486
2022-11-10 05:43:00.000000 UTC,18.702884226
2022-11-10 05:44:00.000000 UTC,18.1035932692
2022-11-10 05:45:00.000000 UTC,17.6134438722
2022-11-10 05:46:00.000000 UTC,20.496829774200002
2022-11-10 05:47:00.000000 UTC,19.658743774799998
2022-11-10 05:48:00.000000 UTC,19.8477203178
2022-11-10 05:49:00.000000 UTC,18.859875981200002
2022-11-10 05:50:00.000000 UTC,19.185934811
2022-11-10 05:51:00.000000 UTC,19.2772545802
2022-11-10 05:52:00.000000 UTC,20.232120611
2022-11-10 05:53:00.000000 UTC,20.1119579508
2022-11-10 05:54:00.000000 UTC,18.9497472838
2022-11-10 05:55:00.000000 UTC,20.0548187594
2022-11-10 05:56:00.000000 UTC,19.6030416318
2022-11-10 05:57:00.000000 UTC,19.487366051400002
2022-11-10 05:58:00.000000 UTC,18.9086276858
2022-11-10 05:59:00.000000 UTC,18.634964395
2022-11-10 06:00:00.000000 UTC,18.8376577948
2022-11-10 06:01:00.000000 UTC,19.8729747134
2022-11-10 06:02:00.000000 UTC,19.8744321848
2022-11-10 06:03:00.000000 UTC,18.2907087962
2022-11-10 06:04:00.000000 UTC,18.2653499732
2022-11-10 06:05:00.000000 UTC,18.77316575
2022-11-10 06:06:00.000000 UTC,18.464711608200002
2022-11-10 06:07:00.000000 UTC,18.6965506734
2022-11-10 06:08:00.000000 UTC,19.575668571
2022-11-10 06:09:00.000000 UTC,19.365313763
2022-11-10 06:10:00.000000 UTC,20.027162280400002
2022-11-10 06:11:00.000000 UTC,19.9042289138
2022-11-10 06:12:00.000000 UTC,21.0623928712
2022-11-10 06:13:00.000000 UTC,20.346659541599998
2022-11-10 06:14:00.000000 UTC,19.6559144044
2022-11-10 06:15:00.000000 UTC,19.503415738799998
2022-11-10 06:16:00.000000 UTC,19.537792318
2022-11-10 06:17:00.000000 UTC,19.1019565834
2022-11-10 06:18:00.000000 UTC,19.583678595
2022-11-10 06:19:00.000000 UTC,20.478546658400003
2022-11-10 06:20:00.000000 UTC,20.509558247599998
2022-11-10 06:21:00.000000 UTC,21.5285838382
2022-11-10 06:22:00.000000 UTC,20.5709144872
2022-11-10 06:23:00.000000 UTC,22.8748380014
2022-11-10 06:24:00.000000 UTC,22.456621723
2022-11-10 06:25:00.000000 UTC,22.5652356716
2022-11-10 06:26:00.000000 UTC,24.436787975
2022-11-10 06:27:00.000000 UTC,25.6971101818
2022-11-10 06:28:00.000000 UTC,24.704662727200002
2022-11-10 06:29:00.000000 UTC,23.0623573552
2022-11-10 06:30:00.000000 UTC,22.3431532204
2022-11-10 06:31:00.000000 UTC,23.545178674200002
2022-11-10 06:32:00.000000 UTC,23.209608066599998
2022-11-10 06:33:00.000000 UTC,21.6256678588
2022-11-10 06:34:00.000000 UTC,20.6491249348
2022-11-10 06:35:00.000000 UTC,19.6398060758
2022-11-10 06:36:00.000000 UTC,19.825429391
2022-11-10 06:37:00.000000 UTC,18.452563869200002
2022-11-10 06:38:00.000000 UTC,19.8865610302
2022-11-10 06:39:00.000000 UTC,21.985118356
2022-11-10 06:40:00.000000 UTC,22.2476310528
2022-11-10 06:41:00.000000 UTC,20.9087172925
2022-11-10 06:42:00.000000 UTC,21.2242372596
2022-11-10 06:43:00.000000 UTC,21.7749751536
2022-11-10 06:44:00.000000 UTC,20.950064368400003
2022-11-10 06:45:00.000000 UTC,20.8147439122
2022-11-10 06:46:00.000000 UTC,20.137707890599998
2022-11-10 06:47:00.000000 UTC,20.734113326400003
2022-11-10 06:48:00.000000 UTC,20.079399567400003
2022-11-10 06:49:00.000000 UTC,19.181672920599997
2022-11-10 06:50:00.000000 UTC,19.189651720599997
2022-11-10 06:51:00.000000 UTC,17.8020397714
2022-11-10 06:52:00.000000 UTC,18.513541144599998
2022-11-10 06:53:00.000000 UTC,18.2766929806
2022-11-10 06:54:00.000000 UTC,17.946224745200002
2022-11-10 06:55:00.000000 UTC,20.0179768026
2022-11-10 06:56:00.000000 UTC,20.2472819642
2022-11-10 06:57:00.000000 UTC,19.776306456599997
2022-11-10 06:58:00.000000 UTC,19.6569707942
2022-11-10 06:59:00.000000 UTC,18.9138600686
2022-11-10 07:00:00.000000 UTC,19.6274726424
2022-11-10 07:01:00.000000 UTC,20.869308917
2022-11-10 07:02:00.000000 UTC,22.1047695428
2022-11-10 07:03:00.000000 UTC,22.7427537988
2022-11-10 07:04:00.000000 UTC,21.896687414200002
2022-11-10 07:05:00.000000 UTC,22.8437145642
2022-11-10 07:06:00.000000 UTC,22.075710348599998
2022-11-10 07:07:00.000000 UTC,22.091281458599997
2022-11-10 07:08:00.000000 UTC,21.403771874
2022-11-10 07:09:00.000000 UTC,20.7504161032
2022-11-10 07:10:00.000000 UTC,19.595017118599998
2022-11-10 07:11:00.000000 UTC,21.1843010415
2022-11-10 07:12:00.000000 UTC,20.6363550616
2022-11-10 07:13:00.000000 UTC,19.9082758118
2022-11-10 07:14:00.000000 UTC,18.9101267712
2022-11-10 07:15:00.000000 UTC,18.4250253772
2022-11-10 07:16:00.000000 UTC,19.190119322599998
2022-11-10 07:17:00.000000 UTC,18.896055092599997
2022-11-10 07:18:00.000000 UTC,20.335513777400003
2022-11-10 07:19:00.000000 UTC,19.607508700599997
2022-11-10 07:20:00.000000 UTC,19.1612820004
2022-11-10 07:21:00.000000 UTC,19.1467728738
2022-11-10 07:22:00.000000 UTC,19.8152129556
2022-11-10 07:23:00.000000 UTC,19.5917370428
2022-11-10 07:24:00.000000 UTC,19.8313585602
2022-11-10 07:25:00.000000 UTC,19.3303391346
2022-11-10 07:26:00.000000 UTC,20.049771331200002
2022-11-10 07:27:00.000000 UTC,20.078828412
2022-11-10 07:28:00.000000 UTC,20.621751414
2022-11-10 07:29:00.000000 UTC,20.758001837400002
2022-11-10 07:30:00.000000 UTC,22.075771789
2022-11-10 07:31:00.000000 UTC,21.612915949599998
2022-11-10 07:32:00.000000 UTC,21.7857087834
2022-11-10 07:33:00.000000 UTC,22.9457222258
2022-11-10 07:34:00.000000 UTC,28.4658498882
2022-11-10 07:35:00.000000 UTC,30.150384157
2022-11-10 07:36:00.000000 UTC,29.440190870200002
2022-11-10 07:37:00.000000 UTC,26.221030308400003
2022-11-10 07:38:00.000000 UTC,26.620426773
2022-11-10 07:39:00.000000 UTC,25.520962049
2022-11-10 07:40:00.000000 UTC,24.8791706858
2022-11-10 07:41:00.000000 UTC,24.1747185218
2022-11-10 07:42:00.000000 UTC,24.3297019448
2022-11-10 07:43:00.000000 UTC,23.9169677238
2022-11-10 07:44:00.000000 UTC,23.8886917962
2022-11-10 07:45:00.000000 UTC,22.744213593799998
2022-11-10 07:46:00.000000 UTC,22.4559611428
2022-11-10 07:47:00.000000 UTC,20.7646447664
2022-11-10 07:48:00.000000 UTC,20.881430781400002
2022-11-10 07:49:00.000000 UTC,19.8809542528
2022-11-10 07:50:00.000000 UTC,19.875882746
2022-11-10 07:51:00.000000 UTC,19.5987374714
2022-11-10 07:52:00.000000 UTC,20.189270102200002
2022-11-10 07:53:00.000000 UTC,21.7274055978
2022-11-10 07:54:00.000000 UTC,20.387877301
2022-11-10 07:55:00.000000 UTC,23.1942425788
2022-11-10 07:56:00.000000 UTC,22.3719861716
2022-11-10 07:57:00.000000 UTC,21.153368954799998
2022-11-10 07:58:00.000000 UTC,20.029141444599997
2022-11-10 07:59:00.000000 UTC,19.9266956232
2022-11-10 08:00:00.000000 UTC,20.334870471200002
2022-11-10 08:01:00.000000 UTC,23.1952087586
2022-11-10 08:02:00.000000 UTC,22.3116475652
2022-11-10 08:03:00.000000 UTC,21.1646315986
2022-11-10 08:04:00.000000 UTC,23.071744561400003
2022-11-10 08:05:00.000000 UTC,23.5217547136
2022-11-10 08:06:00.000000 UTC,24.674755385799997
2022-11-10 08:07:00.000000 UTC,23.9682975596
2022-11-10 08:08:00.000000 UTC,23.831255909
2022-11-10 08:09:00.000000 UTC,22.917673265599998
2022-11-10 08:10:00.000000 UTC,22.51773049
2022-11-10 08:11:00.000000 UTC,22.00416101025
2022-11-10 08:12:00.000000 UTC,22.946141913599998
2022-11-10 08:13:00.000000 UTC,24.0465184698
2022-11-10 08:14:00.000000 UTC,25.846004987599997
2022-11-10 08:15:00.000000 UTC,24.300397664200002
2022-11-10 08:16:00.000000 UTC,22.966640204
2022-11-10 08:17:00.000000 UTC,22.1490306326
2022-11-10 08:18:00.000000 UTC,20.631916783799998
2022-11-10 08:19:00.000000 UTC,20.5795545042
2022-11-10 08:20:00.000000 UTC,22.8406561032
2022-11-10 08:21:00.000000 UTC,22.8653357758
2022-11-10 08:22:00.000000 UTC,21.8173282938
2022-11-10 08:23:00.000000 UTC,21.2604647428
2022-11-10 08:24:00.000000 UTC,20.9079857608
2022-11-10 08:25:00.000000 UTC,20.684631411599998
2022-11-10 08:26:00.000000 UTC,20.145754122400003
2022-11-10 08:27:00.000000 UTC,21.7895486686
2022-11-10 08:28:00.000000 UTC,20.8806035872
2022-11-10 08:29:00.000000 UTC,21.4660488398
2022-11-10 08:30:00.000000 UTC,22.320941732599998
2022-11-10 08:31:00.000000 UTC,22.980107514
2022-11-10 08:32:00.000000 UTC,22.0856229628
2022-11-10 08:33:00.000000 UTC,20.503685027400003
2022-11-10 08:34:00.000000 UTC,19.6686951042
2022-11-10 08:35:00.000000 UTC,21.1453489364
2022-11-10 08:36:00.000000 UTC,20.654251521400003
2022-11-10 08:37:00.000000 UTC,21.6735008162
2022-11-10 08:38:00.000000 UTC,23.588872006400003
2022-11-10 08:39:00.000000 UTC,24.8228837664
2022-11-10 08:40:00.000000 UTC,24.151235994
2022-11-10 08:41:00.000000 UTC,23.393129175
2022-11-10 08:42:00.000000 UTC,22.0935722842
2022-11-10 08:43:00.000000 UTC,22.737439077
2022-11-10 08:44:00.000000 UTC,23.448106252200002
2022-11-10 08:45:00.000000 UTC,21.697784970599997
2022-11-10 08:46:00.000000 UTC,21.540994825400002
2022-11-10 08:47:00.000000 UTC,21.8517082368
2022-11-10 08:48:00.000000 UTC,22.1609974758
2022-11-10 08:49:00.000000 UTC,21.3823653924
2022-11-10 08:50:00.000000 UTC,22.1588326388
2022-11-10 08:51:00.000000 UTC,23.0305129732
2022-11-10 08:52:00.000000 UTC,22.1231150528
2022-11-10 08:53:00.000000 UTC,21.482519465400003
2022-11-10 08:54:00.000000 UTC,24.5163532014
2022-11-10 08:55:00.000000 UTC,25.9607200498
2022-11-10 08:56:00.000000 UTC,24.435983753200002
2022-11-10 08:57:00.000000 UTC,23.016495388
2022-11-10 08:58:00.000000 UTC,23.5413671364
2022-11-10 08:59:00.000000 UTC,22.374017571400003
2022-11-10 09:00:00.000000 UTC,22.569619975400002
2022-11-10 09:01:00.000000 UTC,23.208381247
2022-11-10 09:02:00.000000 UTC,22.1626545532
2022-11-10 09:03:00.000000 UTC,22.2964906158
2022-11-10 09:04:00.000000 UTC,22.2689604375
2022-11-10 09:05:00.000000 UTC,21.749010528
2022-11-10 09:06:00.000000 UTC,21.305208554
2022-11-10 09:07:00.000000 UTC,20.5062806958
2022-11-10 09:08:00.000000 UTC,21.573169714400002
2022-11-10 09:09:00.000000 UTC,21.2408303274
2022-11-10 09:10:00.000000 UTC,20.3990344228
2022-11-10 09:11:00.000000 UTC,19.8789335512
2022-11-10 09:12:00.000000 UTC,21.1697671324
2022-11-10 09:13:00.000000 UTC,21.4672885102
2022-11-10 09:14:00.000000 UTC,20.6810723438
2022-11-10 09:15:00.000000 UTC,19.950753023599997
2022-11-10 09:16:00.000000 UTC,19.492088509200002
2022-11-10 09:17:00.000000 UTC,18.5432315308
2022-11-10 09:18:00.000000 UTC,19.0601312494
2022-11-10 09:19:00.000000 UTC,19.569279829400003
2022-11-10 09:20:00.000000 UTC,19.7949546702
2022-11-10 09:21:00.000000 UTC,19.389907103
2022-11-10 09:22:00.000000 UTC,16.9507040334
2022-11-10 09:23:00.000000 UTC,20.1942517772
2022-11-10 09:24:00.000000 UTC,21.2338069966
2022-11-10 09:25:00.000000 UTC,20.610083444
2022-11-10 09:26:00.000000 UTC,21.397186062
2022-11-10 09:27:00.000000 UTC,24.751226099
2022-11-10 09:28:00.000000 UTC,24.0192374862
2022-11-10 09:29:00.000000 UTC,21.516773189400002
2022-11-10 09:30:00.000000 UTC,22.580355619200002
2022-11-10 09:31:00.000000 UTC,21.992105817200002
2022-11-10 09:32:00.000000 UTC,21.4745566512
2022-11-10 09:33:00.000000 UTC,23.015200856
2022-11-10 09:34:00.000000 UTC,23.955818402200002
2022-11-10 09:35:00.000000 UTC,22.0556574914
2022-11-10 09:36:00.000000 UTC,20.5955144826
2022-11-10 09:37:00.000000 UTC,20.0420553162
2022-11-10 09:38:00.000000 UTC,19.559445464
2022-11-10 09:39:00.000000 UTC,19.0280766352
2022-11-10 09:40:00.000000 UTC,18.9528659158
2022-11-10 09:41:00.000000 UTC,18.5522431248
2022-11-10 09:42:00.000000 UTC,18.9130127798
2022-11-10 09:43:00.000000 UTC,18.203447924200002
2022-11-10 09:44:00.000000 UTC,17.27353219675
2022-11-10 09:45:00.000000 UTC,18.632545354599998
2022-11-10 09:46:00.000000 UTC,19.7560631546
2022-11-10 09:47:00.000000 UTC,19.0413259364
2022-11-10 09:48:00.000000 UTC,17.932246754799998
2022-11-10 09:49:00.000000 UTC,18.430837920200002
2022-11-10 09:50:00.000000 UTC,18.019250616599997
2022-11-10 09:51:00.000000 UTC,21.0962754532
2022-11-10 09:52:00.000000 UTC,20.1579571336
2022-11-10 09:53:00.000000 UTC,18.5432369468
2022-11-10 09:54:00.000000 UTC,18.029255400599997
2022-11-10 09:55:00.000000 UTC,17.9202416646
2022-11-10 09:56:00.000000 UTC,17.0596821762
2022-11-10 09:57:00.000000 UTC,17.341111564
2022-11-10 09:58:00.000000 UTC,18.6249219616
2022-11-10 09:59:00.000000 UTC,18.353673397
2022-11-10 10:00:00.000000 UTC,19.113643565
2022-11-10 10:01:00.000000 UTC,18.9996454208
2022-11-10 10:02:00.000000 UTC,18.167429982
2022-11-10 10:03:00.000000 UTC,19.31484783
2022-11-10 10:04:00.000000 UTC,18.954444705599997
2022-11-10 10:05:00.000000 UTC,18.016477689400002
2022-11-10 10:06:00.000000 UTC,17.656430291400003
2022-11-10 10:07:00.000000 UTC,18.226632436
2022-11-10 10:08:00.000000 UTC,17.683832857400002
2022-11-10 10:09:00.000000 UTC,17.490117764599997
2022-11-10 10:10:00.000000 UTC,17.0335536638
2022-11-10 10:11:00.000000 UTC,17.595555664400003
2022-11-10 10:12:00.000000 UTC,19.856504055
2022-11-10 10:13:00.000000 UTC,20.373647242
2022-11-10 10:14:00.000000 UTC,19.32149638
2022-11-10 10:15:00.000000 UTC,21.2247126636
2022-11-10 10:16:00.000000 UTC,20.8186911578
2022-11-10 10:17:00.000000 UTC,19.954914796599997
2022-11-10 10:18:00.000000 UTC,19.785993180400002
2022-11-10 10:19:00.000000 UTC,18.7021748636
2022-11-10 10:20:00.000000 UTC,19.1708177858
2022-11-10 10:21:00.000000 UTC,17.3625076438
2022-11-10 10:22:00.000000 UTC,18.471388275
2022-11-10 10:23:00.000000 UTC,18.757775206799998
2022-11-10 10:24:00.000000 UTC,18.631302920400003
2022-11-10 10:25:00.000000 UTC,17.71619725
2022-11-10 10:26:00.000000 UTC,16.4072416636
2022-11-10 10:27:00.000000 UTC,16.715985917
2022-11-10 10:28:00.000000 UTC,16.865189453
2022-11-10 10:29:00.000000 UTC,17.788742282799998
2022-11-10 10:30:00.000000 UTC,17.044413163399998
2022-11-10 10:31:00.000000 UTC,17.8429536622
2022-11-10 10:32:00.000000 UTC,16.8768730776
2022-11-10 10:33:00.000000 UTC,17.0811471524
2022-11-10 10:34:00.000000 UTC,17.4579693576
2022-11-10 10:35:00.000000 UTC,17.3426765498
2022-11-10 10:36:00.000000 UTC,18.7222909678
2022-11-10 10:37:00.000000 UTC,19.718624899
2022-11-10 10:38:00.000000 UTC,19.808664756
2022-11-10 10:39:00.000000 UTC,19.0839793886
2022-11-10 10:40:00.000000 UTC,19.4382975242
2022-11-10 10:41:00.000000 UTC,20.414873113400002
2022-11-10 10:42:00.000000 UTC,19.917039470200002
2022-11-10 10:43:00.000000 UTC,20.0459404644
2022-11-10 10:44:00.000000 UTC,19.585205852799998
2022-11-10 10:45:00.000000 UTC,20.3980348566
2022-11-10 10:46:00.000000 UTC,21.417867809599997
2022-11-10 10:47:00.000000 UTC,21.686602759
2022-11-10 10:48:00.000000 UTC,20.9780199614
2022-11-10 10:49:00.000000 UTC,21.5981689502
2022-11-10 10:50:00.000000 UTC,21.838956200400002
2022-11-10 10:51:00.000000 UTC,20.2382974074
2022-11-10 10:52:00.000000 UTC,19.7076878136
2022-11-10 10:53:00.000000 UTC,19.6261854796
2022-11-10 10:54:00.000000 UTC,20.05772048
2022-11-10 10:55:00.000000 UTC,19.661986580599997
2022-11-10 10:56:00.000000 UTC,19.6722107032
2022-11-10 10:57:00.000000 UTC,19.6359895792
2022-11-10 10:58:00.000000 UTC,20.181422646599998
2022-11-10 10:59:00.000000 UTC,20.338911966
2022-11-10 11:00:00.000000 UTC,20.641261245400003
2022-11-10 11:01:00.000000 UTC,21.4961812066
2022-11-10 11:02:00.000000 UTC,22.622817896599997
2022-11-10 11:03:00.000000 UTC,25.0029671105
2022-11-10 11:04:00.000000 UTC,27.768652879
2022-11-10 11:05:00.000000 UTC,27.012540059
2022-11-10 11:06:00.000000 UTC,27.207934569
2022-11-10 11:07:00.000000 UTC,24.2271346798
2022-11-10 11:08:00.000000 UTC,23.160741106400003
2022-11-10 11:09:00.000000 UTC,23.3889042608
2022-11-10 11:10:00.000000 UTC,22.740678568
2022-11-10 11:11:00.000000 UTC,22.360584388400003
2022-11-10 11:12:00.000000 UTC,20.7614068308
2022-11-10 11:13:00.000000 UTC,21.209477882
2022-11-10 11:14:00.000000 UTC,20.0664790282
2022-11-10 11:15:00.000000 UTC,20.1610891742
2022-11-10 11:16:00.000000 UTC,20.6258054166
2022-11-10 11:17:00.000000 UTC,21.7631358992
2022-11-10 11:18:00.000000 UTC,23.0149397204
2022-11-10 11:19:00.000000 UTC,23.087967738
2022-11-10 11:20:00.000000 UTC,22.247724578
2022-11-10 11:21:00.000000 UTC,22.585492464
2022-11-10 11:22:00.000000 UTC,21.329423121799998
2022-11-10 11:23:00.000000 UTC,22.102127636200002
2022-11-10 11:24:00.000000 UTC,21.3081001808
2022-11-10 11:25:00.000000 UTC,22.900823292
2022-11-10 11:26:00.000000 UTC,23.5429167628
2022-11-10 11:27:00.000000 UTC,23.679138286599997
2022-11-10 11:28:00.000000 UTC,24.463006014
2022-11-10 11:29:00.000000 UTC,26.1684143038
2022-11-10 11:30:00.000000 UTC,27.2891345492
2022-11-10 11:31:00.000000 UTC,29.0622963992
2022-11-10 11:32:00.000000 UTC,27.273100561400003
2022-11-10 11:33:00.000000 UTC,30.1518529488
2022-11-10 11:34:00.000000 UTC,33.4180967776
2022-11-10 11:35:00.000000 UTC,32.2572136072
2022-11-10 11:36:00.000000 UTC,31.663402737200002
2022-11-10 11:37:00.000000 UTC,29.9727171198
2022-11-10 11:38:00.000000 UTC,31.331605188
2022-11-10 11:39:00.000000 UTC,30.734178723400003
2022-11-10 11:40:00.000000 UTC,29.870781841400003
2022-11-10 11:41:00.000000 UTC,29.8080610496
2022-11-10 11:42:00.000000 UTC,29.1695800402
2022-11-10 11:43:00.000000 UTC,28.7401504636
2022-11-10 11:44:00.000000 UTC,28.9270308746
2022-11-10 11:45:00.000000 UTC,29.2711179952
2022-11-10 11:46:00.000000 UTC,26.685468502
2022-11-10 11:47:00.000000 UTC,27.3649947062
2022-11-10 11:48:00.000000 UTC,27.216673490599998
2022-11-10 11:49:00.000000 UTC,26.855636541400003
2022-11-10 11:50:00.000000 UTC,24.4114595878
2022-11-10 11:51:00.000000 UTC,24.877903791799998
2022-11-10 11:52:00.000000 UTC,24.3572156072
2022-11-10 11:53:00.000000 UTC,23.1222973568
2022-11-10 11:54:00.000000 UTC,22.169782686
2022-11-10 11:55:00.000000 UTC,22.7088799928
2022-11-10 11:56:00.000000 UTC,26.722215693
2022-11-10 11:57:00.000000 UTC,25.7637123112
2022-11-10 11:58:00.000000 UTC,26.4898434294
2022-11-10 11:59:00.000000 UTC,31.580813503599998
2022-11-10 12:00:00.000000 UTC,40.0243888664
2022-11-10 12:01:00.000000 UTC,48.4798965062
2022-11-10 12:02:00.000000 UTC,57.2471427464
2022-11-10 12:03:00.000000 UTC,63.5245766082
2022-11-10 12:04:00.000000 UTC,70.283688243
2022-11-10 12:05:00.000000 UTC,67.4618623148
2022-11-10 12:06:00.000000 UTC,62.8393737102
2022-11-10 12:07:00.000000 UTC,59.9493766438
2022-11-10 12:08:00.000000 UTC,56.941384852199995
2022-11-10 12:09:00.000000 UTC,54.7839631882
2022-11-10 12:10:00.000000 UTC,56.6837835264
2022-11-10 12:11:00.000000 UTC,57.4111767256
2022-11-10 12:12:00.000000 UTC,60.5870841646
2022-11-10 12:13:00.000000 UTC,58.740498544
2022-11-10 12:14:00.000000 UTC,57.0998980888
2022-11-10 12:15:00.000000 UTC,57.522501446
2022-11-10 12:16:00.000000 UTC,71.685288049
2022-11-10 12:17:00.000000 UTC,78.0943553686
2022-11-10 12:18:00.000000 UTC,74.1996732292
2022-11-10 12:19:00.000000 UTC,74.68231963
2022-11-10 12:20:00.000000 UTC,74.9738255062
2022-11-10 12:21:00.000000 UTC,77.418993469
2022-11-10 12:22:00.000000 UTC,78.1595986076
2022-11-10 12:23:00.000000 UTC,80.1524891054
2022-11-10 12:24:00.000000 UTC,73.121345122399987
2022-11-10 12:25:00.000000 UTC,74.518260941399987
2022-11-10 12:26:00.000000 UTC,69.3121892936
2022-11-10 12:27:00.000000 UTC,66.315320616800008
2022-11-10 12:28:00.000000 UTC,64.0325476688
2022-11-10 12:29:00.000000 UTC,62.594417264
2022-11-10 12:30:00.000000 UTC,61.681850888199996
2022-11-10 12:31:00.000000 UTC,64.598389453
2022-11-10 12:32:00.000000 UTC,67.6116683744
2022-11-10 12:33:00.000000 UTC,67.2238071566
2022-11-10 12:34:00.000000 UTC,70.864984579399987
2022-11-10 12:35:00.000000 UTC,74.7627156642
2022-11-10 12:36:00.000000 UTC,75.752297067600011
2022-11-10 12:37:00.000000 UTC,77.312235264
2022-11-10 12:38:00.000000 UTC,69.3568184898
2022-11-10 12:39:00.000000 UTC,62.9589238352
2022-11-10 12:40:00.000000 UTC,56.2150660022
2022-11-10 12:41:00.000000 UTC,51.9143365326
2022-11-10 12:42:00.000000 UTC,49.972034959199995
2022-11-10 12:43:00.000000 UTC,46.2207089958
2022-11-10 12:44:00.000000 UTC,47.3615601282
2022-11-10 12:45:00.000000 UTC,45.45987016425
2022-11-10 12:46:00.000000 UTC,49.852067961
2022-11-10 12:47:00.000000 UTC,49.1817998532
2022-11-10 12:48:00.000000 UTC,48.217418934
2022-11-10 12:49:00.000000 UTC,50.8151542906
2022-11-10 12:50:00.000000 UTC,49.598181303199993
2022-11-10 12:51:00.000000 UTC,50.6280262624
2022-11-10 12:52:00.000000 UTC,49.953594378199995
2022-11-10 12:53:00.000000 UTC,50.9140517608
2022-11-10 12:54:00.000000 UTC,50.471751057800006
2022-11-10 12:55:00.000000 UTC,51.8910160716
2022-11-10 12:56:00.000000 UTC,50.3515000638
2022-11-10 12:57:00.000000 UTC,51.3379944804
2022-11-10 12:58:00.000000 UTC,48.3321253736
2022-11-10 12:59:00.000000 UTC,46.719688199
2022-11-10 13:00:00.000000 UTC,48.8809900424
2022-11-10 13:01:00.000000 UTC,55.733086306
2022-11-10 13:02:00.000000 UTC,54.6963760282
2022-11-10 13:03:00.000000 UTC,50.414968969
2022-11-10 13:04:00.000000 UTC,45.9544329108
2022-11-10 13:05:00.000000 UTC,45.2056243682
2022-11-10 13:06:00.000000 UTC,45.389577683599995
2022-11-10 13:07:00.000000 UTC,45.4219824238
2022-11-10 13:08:00.000000 UTC,45.9950671712
2022-11-10 13:09:00.000000 UTC,47.741609276800006
2022-11-10 13:10:00.000000 UTC,48.105097785800005
2022-11-10 13:11:00.000000 UTC,48.058981693199996
2022-11-10 13:12:00.000000 UTC,44.451304971199995
2022-11-10 13:13:00.000000 UTC,42.9112627846
2022-11-10 13:14:00.000000 UTC,40.2695702616
2022-11-10 13:15:00.000000 UTC,40.7626365874
2022-11-10 13:16:00.000000 UTC,36.429837543
2022-11-10 13:17:00.000000 UTC,37.1752556698
2022-11-10 13:18:00.000000 UTC,37.638940495599996
2022-11-10 13:19:00.000000 UTC,36.4738710022
2022-11-10 13:20:00.000000 UTC,36.5830950654
2022-11-10 13:21:00.000000 UTC,37.744377594
2022-11-10 13:22:00.000000 UTC,40.7012222998
2022-11-10 13:23:00.000000 UTC,39.348481784
2022-11-10 13:24:00.000000 UTC,38.949644068400005
2022-11-10 13:25:00.000000 UTC,36.21378986
2022-11-10 13:26:00.000000 UTC,35.6740447358
2022-11-10 13:27:00.000000 UTC,35.9400041038
2022-11-10 13:28:00.000000 UTC,36.4376905398
2022-11-10 13:29:00.000000 UTC,35.878656586
2022-11-10 13:30:00.000000 UTC,40.560636392599996
2022-11-10 13:31:00.000000 UTC,72.305665105
2022-11-10 13:32:00.000000 UTC,112.95780929280001
2022-11-10 13:33:00.000000 UTC,148.6798248584
2022-11-10 13:34:00.000000 UTC,195.1384301928
2022-11-10 13:35:00.000000 UTC,233.5768820948
2022-11-10 13:36:00.000000 UTC,237.1886670552
2022-11-10 13:37:00.000000 UTC,225.3509347556
2022-11-10 13:38:00.000000 UTC,201.15498672479998
2022-11-10 13:39:00.000000 UTC,180.95171319460002
2022-11-10 13:40:00.000000 UTC,155.7948826988
2022-11-10 13:41:00.000000 UTC,152.6465368978
2022-11-10 13:42:00.000000 UTC,133.41543329125
2022-11-10 13:43:00.000000 UTC,126.82044610460001
2022-11-10 13:44:00.000000 UTC,121.80576366060001
2022-11-10 13:45:00.000000 UTC,113.98918341160001
2022-11-10 13:46:00.000000 UTC,109.88386604739999
2022-11-10 13:47:00.000000 UTC,108.1892375236
2022-11-10 13:48:00.000000 UTC,118.02294924375
2022-11-10 13:49:00.000000 UTC,118.1121501688
2022-11-10 13:50:00.000000 UTC,106.2973508592
2022-11-10 13:51:00.000000 UTC,100.7476207278
2022-11-10 13:52:00.000000 UTC,103.0955958128
2022-11-10 13:53:00.000000 UTC,112.54917037460001
2022-11-10 13:54:00.000000 UTC,125.16351123739999
2022-11-10 13:55:00.000000 UTC,128.7614000932
2022-11-10 13:56:00.000000 UTC,125.824586985
2022-11-10 13:57:00.000000 UTC,123.6407450046
2022-11-10 13:58:00.000000 UTC,112.453584016
2022-11-10 13:59:00.000000 UTC,104.05420255860001
2022-11-10 14:00:00.000000 UTC,102.9423387196
2022-11-10 14:01:00.000000 UTC,108.3062595505
2022-11-10 14:02:00.000000 UTC,110.0767407758
2022-11-10 14:03:00.000000 UTC,102.91880408360001
2022-11-10 14:04:00.000000 UTC,102.98884189360001
2022-11-10 14:05:00.000000 UTC,102.6705476476
2022-11-10 14:06:00.000000 UTC,103.7609279834
2022-11-10 14:07:00.000000 UTC,98.5927721906
2022-11-10 14:08:00.000000 UTC,95.5805766758
2022-11-10 14:09:00.000000 UTC,83.50175493639999
2022-11-10 14:10:00.000000 UTC,81.953291018600012
2022-11-10 14:11:00.000000 UTC,73.866381813
2022-11-10 14:12:00.000000 UTC,72.061029938
2022-11-10 14:13:00.000000 UTC,65.7344350126
2022-11-10 14:14:00.000000 UTC,63.273991439
2022-11-10 14:15:00.000000 UTC,65.8786598368
2022-11-10 14:16:00.000000 UTC,62.735607184
2022-11-10 14:17:00.000000 UTC,60.164733983
2022-11-10 14:18:00.000000 UTC,56.979138616
2022-11-10 14:19:00.000000 UTC,55.11144836675
2022-11-10 14:20:00.000000 UTC,55.651127085800006
2022-11-10 14:21:00.000000 UTC,53.8362370232
2022-11-10 14:22:00.000000 UTC,52.2416032984
2022-11-10 14:23:00.000000 UTC,50.1872537168
2022-11-10 14:24:00.000000 UTC,51.241718780199996
2022-11-10 14:25:00.000000 UTC,50.4796489024
2022-11-10 14:26:00.000000 UTC,52.9237805598
2022-11-10 14:27:00.000000 UTC,57.4977427906
2022-11-10 14:28:00.000000 UTC,58.6010418718
2022-11-10 14:29:00.000000 UTC,57.3289549156
2022-11-10 14:30:00.000000 UTC,59.410123221599996
2022-11-10 14:31:00.000000 UTC,71.326384162
2022-11-10 14:32:00.000000 UTC,72.130763694399988
2022-11-10 14:33:00.000000 UTC,65.982534498
2022-11-10 14:34:00.000000 UTC,66.0857327496
2022-11-10 14:35:00.000000 UTC,61.7535886744
2022-11-10 14:36:00.000000 UTC,60.3105723066
2022-11-10 14:37:00.000000 UTC,56.9833039864
2022-11-10 14:38:00.000000 UTC,57.534213246
2022-11-10 14:39:00.000000 UTC,53.155230229800004
2022-11-10 14:40:00.000000 UTC,49.2390456738
2022-11-10 14:41:00.000000 UTC,49.561879298
2022-11-10 14:42:00.000000 UTC,52.9721628064
2022-11-10 14:43:00.000000 UTC,50.056175983
2022-11-10 14:44:00.000000 UTC,52.3585991626
2022-11-10 14:45:00.000000 UTC,47.879151291
2022-11-10 14:46:00.000000 UTC,51.602965926
2022-11-10 14:47:00.000000 UTC,47.242706414400004
2022-11-10 14:48:00.000000 UTC,47.639887081199994
2022-11-10 14:49:00.000000 UTC,44.027269656
2022-11-10 14:50:00.000000 UTC,45.570227805
2022-11-10 14:51:00.000000 UTC,42.775167774
2022-11-10 14:52:00.000000 UTC,40.381359751199994
2022-11-10 14:53:00.000000 UTC,39.530749003
2022-11-10 14:54:00.000000 UTC,39.6172352324
2022-11-10 14:55:00.000000 UTC,39.5476650142
2022-11-10 14:56:00.000000 UTC,46.3369246448
2022-11-10 14:57:00.000000 UTC,54.1322917155
2022-11-10 14:58:00.000000 UTC,60.2149812892
2022-11-10 14:59:00.000000 UTC,61.6097889368
2022-11-10 15:00:00.000000 UTC,69.922750830399991
2022-11-10 15:01:00.000000 UTC,73.2563804524
2022-11-10 15:02:00.000000 UTC,75.998728474199993
2022-11-10 15:03:00.000000 UTC,77.88972225660001
2022-11-10 15:04:00.000000 UTC,80.134033773399992
2022-11-10 15:05:00.000000 UTC,87.317667806
2022-11-10 15:06:00.000000 UTC,83.849841430399991
2022-11-10 15:07:00.000000 UTC,78.60934181239999
2022-11-10 15:08:00.000000 UTC,79.2566549186
2022-11-10 15:09:00.000000 UTC,77.59561107639999
2022-11-10 15:10:00.000000 UTC,80.883672525399987
2022-11-10 15:11:00.000000 UTC,84.784951911
2022-11-10 15:12:00.000000 UTC,82.7131716098
2022-11-10 15:13:00.000000 UTC,89.706497614
2022-11-10 15:14:00.000000 UTC,84.259520960199993
2022-11-10 15:15:00.000000 UTC,82.4148006052
2022-11-10 15:16:00.000000 UTC,76.0193910616
2022-11-10 15:17:00.000000 UTC,73.11881660280001
2022-11-10 15:18:00.000000 UTC,72.0997432636
2022-11-10 15:19:00.000000 UTC,72.645362315399993
2022-11-10 15:20:00.000000 UTC,68.5791342776
2022-11-10 15:21:00.000000 UTC,61.7472053876
2022-11-10 15:22:00.000000 UTC,61.880597586
2022-11-10 15:23:00.000000 UTC,60.0860301942
2022-11-10 15:24:00.000000 UTC,57.4359963546
2022-11-10 15:25:00.000000 UTC,56.4024183664
2022-11-10 15:26:00.000000 UTC,54.3109296658
2022-11-10 15:27:00.000000 UTC,51.324970203199996
2022-11-10 15:28:00.000000 UTC,49.1358699352
2022-11-10 15:29:00.000000 UTC,47.5106607726
2022-11-10 15:30:00.000000 UTC,50.469603346599996
2022-11-10 15:31:00.000000 UTC,51.9696940386
2022-11-10 15:32:00.000000 UTC,50.256070101
2022-11-10 15:33:00.000000 UTC,57.7610666815
2022-11-10 15:34:00.000000 UTC,58.266343921
2022-11-10 15:35:00.000000 UTC,56.4311814814
2022-11-10 15:36:00.000000 UTC,50.4036815322
2022-11-10 15:37:00.000000 UTC,50.9940303344
2022-11-10 15:38:00.000000 UTC,53.6831655498
2022-11-10 15:39:00.000000 UTC,50.049471909400005
2022-11-10 15:40:00.000000 UTC,46.9261288942
2022-11-10 15:41:00.000000 UTC,44.1447521602
2022-11-10 15:42:00.000000 UTC,42.5659309622
2022-11-10 15:43:00.000000 UTC,41.263800433
2022-11-10 15:44:00.000000 UTC,40.4439021226
2022-11-10 15:45:00.000000 UTC,39.0991194304
2022-11-10 15:46:00.000000 UTC,37.8359757186
2022-11-10 15:47:00.000000 UTC,39.215711725199995
2022-11-10 15:48:00.000000 UTC,39.9228410366
2022-11-10 15:49:00.000000 UTC,38.2492682274
2022-11-10 15:50:00.000000 UTC,37.7121831448
2022-11-10 15:51:00.000000 UTC,37.2631523744
2022-11-10 15:52:00.000000 UTC,35.779551495
2022-11-10 15:53:00.000000 UTC,38.2343740054
2022-11-10 15:54:00.000000 UTC,36.45077964
2022-11-10 15:55:00.000000 UTC,38.198443049800005
2022-11-10 15:56:00.000000 UTC,38.517801492400004
2022-11-10 15:57:00.000000 UTC,37.912045852199995
2022-11-10 15:58:00.000000 UTC,38.0454134262
2022-11-10 15:59:00.000000 UTC,36.7071006158
2022-11-10 16:00:00.000000 UTC,37.962205198599996
2022-11-10 16:01:00.000000 UTC,39.3972640324
2022-11-10 16:02:00.000000 UTC,37.9404494116
2022-11-10 16:03:00.000000 UTC,34.723628142
2022-11-10 16:04:00.000000 UTC,34.901523563199994
2022-11-10 16:05:00.000000 UTC,36.9590777166
2022-11-10 16:06:00.000000 UTC,36.136949831
2022-11-10 16:07:00.000000 UTC,37.793489441199995
2022-11-10 16:08:00.000000 UTC,37.166469347
2022-11-10 16:09:00.000000 UTC,37.7425453092
2022-11-10 16:10:00.000000 UTC,38.9625982068
2022-11-10 16:11:00.000000 UTC,41.211238104
2022-11-10 16:12:00.000000 UTC,40.4627447404
2022-11-10 16:13:00.000000 UTC,36.4786014492
2022-11-10 16:14:00.000000 UTC,34.7415956726
2022-11-10 16:15:00.000000 UTC,34.807137872800006
2022-11-10 16:16:00.000000 UTC,35.417873979599996
2022-11-10 16:17:00.000000 UTC,39.670133708
2022-11-10 16:18:00.000000 UTC,40.947786085199994
2022-11-10 16:19:00.000000 UTC,42.9549009526
2022-11-10 16:20:00.000000 UTC,46.4846614824
2022-11-10 16:21:00.000000 UTC,45.945376415
2022-11-10 16:22:00.000000 UTC,43.0405714756
2022-11-10 16:23:00.000000 UTC,40.124202183
2022-11-10 16:24:00.000000 UTC,42.4332780254
2022-11-10 16:25:00.000000 UTC,46.257000102
2022-11-10 16:26:00.000000 UTC,42.714272738199995
2022-11-10 16:27:00.000000 UTC,46.5940236664
2022-11-10 16:28:00.000000 UTC,47.595248245
2022-11-10 16:29:00.000000 UTC,45.3948049684
2022-11-10 16:30:00.000000 UTC,47.0588448494
2022-11-10 16:31:00.000000 UTC,51.5267485912
2022-11-10 16:32:00.000000 UTC,50.5551406394
2022-11-10 16:33:00.000000 UTC,48.9804207086
2022-11-10 16:34:00.000000 UTC,52.221650927
2022-11-10 16:35:00.000000 UTC,51.401546708
2022-11-10 16:36:00.000000 UTC,52.293765005400004
2022-11-10 16:37:00.000000 UTC,52.307811866
2022-11-10 16:38:00.000000 UTC,48.7733517078
2022-11-10 16:39:00.000000 UTC,43.6016732358
2022-11-10 16:40:00.000000 UTC,44.7656642496
2022-11-10 16:41:00.000000 UTC,43.6126497386
2022-11-10 16:42:00.000000 UTC,42.70282713
2022-11-10 16:43:00.000000 UTC,37.707721074199995
2022-11-10 16:44:00.000000 UTC,37.8941673598
2022-11-10 16:45:00.000000 UTC,35.3536506406
2022-11-10 16:46:00.000000 UTC,36.3603262826
2022-11-10 16:47:00.000000 UTC,34.507897944
2022-11-10 16:48:00.000000 UTC,35.218035697199994
2022-11-10 16:49:00.000000 UTC,35.6553181958
2022-11-10 16:50:00.000000 UTC,37.132723090800006
2022-11-10 16:51:00.000000 UTC,38.036371333
2022-11-10 16:52:00.000000 UTC,36.2032306274
2022-11-10 16:53:00.000000 UTC,34.907946396199996
2022-11-10 16:54:00.000000 UTC,35.3365722502
2022-11-10 16:55:00.000000 UTC,34.1589601552
2022-11-10 16:56:00.000000 UTC,34.924494286800005
2022-11-10 16:57:00.000000 UTC,34.1030495632
2022-11-10 16:58:00.000000 UTC,34.5394814756
2022-11-10 16:59:00.000000 UTC,35.017468302199994
2022-11-10 17:00:00.000000 UTC,36.189612088199993
2022-11-10 17:01:00.000000 UTC,39.8364660986
2022-11-10 17:02:00.000000 UTC,36.6642349734
2022-11-10 17:03:00.000000 UTC,36.2180818796
2022-11-10 17:04:00.000000 UTC,37.122363937
2022-11-10 17:05:00.000000 UTC,36.8078199528
2022-11-10 17:06:00.000000 UTC,38.4031711162
2022-11-10 17:07:00.000000 UTC,36.948794385599996
2022-11-10 17:08:00.000000 UTC,34.082735533
2022-11-10 17:09:00.000000 UTC,33.7684793098
2022-11-10 17:10:00.000000 UTC,34.0538596844
2022-11-10 17:11:00.000000 UTC,32.6888531362
2022-11-10 17:12:00.000000 UTC,31.1890760236
2022-11-10 17:13:00.000000 UTC,32.045685869
2022-11-10 17:14:00.000000 UTC,32.6516637946
2022-11-10 17:15:00.000000 UTC,32.9489922538
2022-11-10 17:16:00.000000 UTC,32.5171429322
2022-11-10 17:17:00.000000 UTC,32.6494662494
2022-11-10 17:18:00.000000 UTC,32.3853592222
2022-11-10 17:19:00.000000 UTC,32.000288890200004
2022-11-10 17:20:00.000000 UTC,31.4563909066
2022-11-10 17:21:00.000000 UTC,30.7954969154
2022-11-10 17:22:00.000000 UTC,30.652494581400003
2022-11-10 17:23:00.000000 UTC,28.9088746676
2022-11-10 17:24:00.000000 UTC,28.1458167082
2022-11-10 17:25:00.000000 UTC,28.483327856400003
2022-11-10 17:26:00.000000 UTC,27.0915126162
2022-11-10 17:27:00.000000 UTC,27.4569821014
2022-11-10 17:28:00.000000 UTC,26.125430787
2022-11-10 17:29:00.000000 UTC,26.360325570599997
2022-11-10 17:30:00.000000 UTC,29.278565731599997
2022-11-10 17:31:00.000000 UTC,35.320830324800006
2022-11-10 17:32:00.000000 UTC,33.9895279076
2022-11-10 17:33:00.000000 UTC,35.241576652800006
2022-11-10 17:34:00.000000 UTC,38.2299163854
2022-11-10 17:35:00.000000 UTC,42.2226843252
2022-11-10 17:36:00.000000 UTC,39.437722575
2022-11-10 17:37:00.000000 UTC,48.0647224496
2022-11-10 17:38:00.000000 UTC,58.326317489400004
2022-11-10 17:39:00.000000 UTC,71.1003265546
2022-11-10 17:40:00.000000 UTC,79.106492793600012
2022-11-10 17:41:00.000000 UTC,78.092993505399988
2022-11-10 17:42:00.000000 UTC,75.4201063524
2022-11-10 17:43:00.000000 UTC,68.641983791199991
2022-11-10 17:44:00.000000 UTC,66.6598154806
2022-11-10 17:45:00.000000 UTC,67.1661280086
2022-11-10 17:46:00.000000 UTC,62.178342363199995
2022-11-10 17:47:00.000000 UTC,59.035644381800005
2022-11-10 17:48:00.000000 UTC,57.374773383
2022-11-10 17:49:00.000000 UTC,53.214138772199995
2022-11-10 17:50:00.000000 UTC,50.9280658216
2022-11-10 17:51:00.000000 UTC,48.0148419374
2022-11-10 17:52:00.000000 UTC,43.593811616400004
2022-11-10 17:53:00.000000 UTC,39.42514101
2022-11-10 17:54:00.000000 UTC,38.2658392164
2022-11-10 17:55:00.000000 UTC,36.17972411
2022-11-10 17:56:00.000000 UTC,35.768813124800005
2022-11-10 17:57:00.000000 UTC,37.51760070675
2022-11-10 17:58:00.000000 UTC,40.2481798198
2022-11-10 17:59:00.000000 UTC,35.0248572928
2022-11-10 18:00:00.000000 UTC,33.835279422
2022-11-10 18:01:00.000000 UTC,34.119193216
2022-11-10 18:02:00.000000 UTC,33.9591117616
2022-11-10 18:03:00.000000 UTC,33.0203171586
2022-11-10 18:04:00.000000 UTC,32.6358207088
2022-11-10 18:05:00.000000 UTC,33.173359545
2022-11-10 18:06:00.000000 UTC,31.607171227
2022-11-10 18:07:00.000000 UTC,30.1767625888
2022-11-10 18:08:00.000000 UTC,29.092798592599998
2022-11-10 18:09:00.000000 UTC,28.968608951
2022-11-10 18:10:00.000000 UTC,28.9756308946
2022-11-10 18:11:00.000000 UTC,32.5978615932
2022-11-10 18:12:00.000000 UTC,35.1385511262
2022-11-10 18:13:00.000000 UTC,35.6128822516
2022-11-10 18:14:00.000000 UTC,35.458207277199996
2022-11-10 18:15:00.000000 UTC,36.992586976199995
2022-11-10 18:16:00.000000 UTC,35.9431048506
2022-11-10 18:17:00.000000 UTC,35.7912000006
2022-11-10 18:18:00.000000 UTC,36.049749212
2022-11-10 18:19:00.000000 UTC,33.7780622604
2022-11-10 18:20:00.000000 UTC,32.1538796096
2022-11-10 18:21:00.000000 UTC,31.966761682599998
2022-11-10 18:22:00.000000 UTC,31.0653276376
2022-11-10 18:23:00.000000 UTC,30.0171172958
2022-11-10 18:24:00.000000 UTC,31.077456813
2022-11-10 18:25:00.000000 UTC,30.5822950978
2022-11-10 18:26:00.000000 UTC,28.5916709844
2022-11-10 18:27:00.000000 UTC,29.087432495799998
2022-11-10 18:28:00.000000 UTC,29.5040933242
2022-11-10 18:29:00.000000 UTC,28.3262507984
2022-11-10 18:30:00.000000 UTC,33.1733254332
2022-11-10 18:31:00.000000 UTC,33.5059138434
2022-11-10 18:32:00.000000 UTC,32.0148325652
2022-11-10 18:33:00.000000 UTC,32.4143727016
2022-11-10 18:34:00.000000 UTC,30.2971974242
2022-11-10 18:35:00.000000 UTC,27.1128910672
2022-11-10 18:36:00.000000 UTC,27.924634756400003
2022-11-10 18:37:00.000000 UTC,27.1250346818
2022-11-10 18:38:00.000000 UTC,26.0285497214
2022-11-10 18:39:00.000000 UTC,25.2743869068
2022-11-10 18:40:00.000000 UTC,25.926336638200002
2022-11-10 18:41:00.000000 UTC,24.574732432599998
2022-11-10 18:42:00.000000 UTC,27.6650634306
2022-11-10 18:43:00.000000 UTC,27.5122340402
2022-11-10 18:44:00.000000 UTC,27.1381380302
2022-11-10 18:45:00.000000 UTC,26.651095131
2022-11-10 18:46:00.000000 UTC,25.9250010148
2022-11-10 18:47:00.000000 UTC,26.39831712
2022-11-10 18:48:00.000000 UTC,27.78042404125
2022-11-10 18:49:00.000000 UTC,27.8526004914
2022-11-10 18:50:00.000000 UTC,27.0159468354
2022-11-10 18:51:00.000000 UTC,26.0991769884
2022-11-10 18:52:00.000000 UTC,27.1352654976
2022-11-10 18:53:00.000000 UTC,26.4972946964
2022-11-10 18:54:00.000000 UTC,27.1138859068
2022-11-10 18:55:00.000000 UTC,27.998144601
2022-11-10 18:56:00.000000 UTC,26.8459762398
2022-11-10 18:57:00.000000 UTC,26.9692886532
2022-11-10 18:58:00.000000 UTC,27.502495303
2022-11-10 18:59:00.000000 UTC,25.547844060400003
2022-11-10 19:00:00.000000 UTC,26.8857266188
2022-11-10 19:01:00.000000 UTC,28.14446186
2022-11-10 19:02:00.000000 UTC,29.9296546142
2022-11-10 19:03:00.000000 UTC,27.773694261
2022-11-10 19:04:00.000000 UTC,27.1585088184
2022-11-10 19:05:00.000000 UTC,29.046521946400002
2022-11-10 19:06:00.000000 UTC,28.952202716200002
2022-11-10 19:07:00.000000 UTC,27.3726799608
2022-11-10 19:08:00.000000 UTC,26.217868894400002
2022-11-10 19:09:00.000000 UTC,26.377388239200002
2022-11-10 19:10:00.000000 UTC,26.717732158599997
2022-11-10 19:11:00.000000 UTC,25.486970933
2022-11-10 19:12:00.000000 UTC,25.651883764
2022-11-10 19:13:00.000000 UTC,25.930816780599997
2022-11-10 19:14:00.000000 UTC,25.0660898134
2022-11-10 19:15:00.000000 UTC,25.2150247368
2022-11-10 19:16:00.000000 UTC,25.0597730152
2022-11-10 19:17:00.000000 UTC,25.350193788200002
2022-11-10 19:18:00.000000 UTC,23.7514907322
2022-11-10 19:19:00.000000 UTC,23.182481975
2022-11-10 19:20:00.000000 UTC,24.323720145400003
2022-11-10 19:21:00.000000 UTC,22.6875444944
2022-11-10 19:22:00.000000 UTC,23.5947726516
2022-11-10 19:23:00.000000 UTC,23.5767917704
2022-11-10 19:24:00.000000 UTC,23.2342278962
2022-11-10 19:25:00.000000 UTC,24.226668748599998
2022-11-10 19:26:00.000000 UTC,22.6459144652
2022-11-10 19:27:00.000000 UTC,23.094774443400002
2022-11-10 19:28:00.000000 UTC,22.7218337302
2022-11-10 19:29:00.000000 UTC,22.3948986732
2022-11-10 19:30:00.000000 UTC,21.690412099
2022-11-10 19:31:00.000000 UTC,22.3277858218
2022-11-10 19:32:00.000000 UTC,21.2132407424
2022-11-10 19:33:00.000000 UTC,20.9723710648
2022-11-10 19:34:00.000000 UTC,20.7934494856
2022-11-10 19:35:00.000000 UTC,21.2680219655
2022-11-10 19:36:00.000000 UTC,23.6277326684
2022-11-10 19:37:00.000000 UTC,22.2027553944
2022-11-10 19:38:00.000000 UTC,20.981198589799998
2022-11-10 19:39:00.000000 UTC,21.081300529
2022-11-10 19:40:00.000000 UTC,20.2662605794
2022-11-10 19:41:00.000000 UTC,21.7039548252
2022-11-10 19:42:00.000000 UTC,21.734738051
2022-11-10 19:43:00.000000 UTC,21.479072535599997
2022-11-10 19:44:00.000000 UTC,21.2862771104
2022-11-10 19:45:00.000000 UTC,20.151539457400002
2022-11-10 19:46:00.000000 UTC,20.89952167
2022-11-10 19:47:00.000000 UTC,20.4450877646
2022-11-10 19:48:00.000000 UTC,20.368597515799998
2022-11-10 19:49:00.000000 UTC,23.5568141806
2022-11-10 19:50:00.000000 UTC,25.797289446599997
2022-11-10 19:51:00.000000 UTC,24.9417580206
2022-11-10 19:52:00.000000 UTC,23.613270103
2022-11-10 19:53:00.000000 UTC,23.091113236
2022-11-10 19:54:00.000000 UTC,24.9003664992
2022-11-10 19:55:00.000000 UTC,25.1688230488
2022-11-10 19:56:00.000000 UTC,27.1441324766
2022-11-10 19:57:00.000000 UTC,25.7983892908
2022-11-10 19:58:00.000000 UTC,25.9281867126
2022-11-10 19:59:00.000000 UTC,25.2850482576
2022-11-10 20:00:00.000000 UTC,27.2073306242
2022-11-10 20:01:00.000000 UTC,31.0198328084
2022-11-10 20:02:00.000000 UTC,28.6234256616
2022-11-10 20:03:00.000000 UTC,27.4579242128
2022-11-10 20:04:00.000000 UTC,28.0544375408
2022-11-10 20:05:00.000000 UTC,25.795823504599998
2022-11-10 20:06:00.000000 UTC,27.0172809972
2022-11-10 20:07:00.000000 UTC,28.026276851400002
2022-11-10 20:08:00.000000 UTC,28.012571041599998
2022-11-10 20:09:00.000000 UTC,26.223286707
2022-11-10 20:10:00.000000 UTC,25.0928044734
2022-11-10 20:11:00.000000 UTC,25.9383916978
2022-11-10 20:12:00.000000 UTC,25.0679505322
2022-11-10 20:13:00.000000 UTC,25.727471483200002
2022-11-10 20:14:00.000000 UTC,26.627176472200002
2022-11-10 20:15:00.000000 UTC,26.5976654278
2022-11-10 20:16:00.000000 UTC,26.436352711799998
2022-11-10 20:17:00.000000 UTC,26.2964813876
2022-11-10 20:18:00.000000 UTC,25.460877138599997
2022-11-10 20:19:00.000000 UTC,25.885197037599998
2022-11-10 20:20:00.000000 UTC,26.722757619
2022-11-10 20:21:00.000000 UTC,29.41249025
2022-11-10 20:22:00.000000 UTC,29.6975982742
2022-11-10 20:23:00.000000 UTC,31.2341100014
2022-11-10 20:24:00.000000 UTC,27.5557273558
2022-11-10 20:25:00.000000 UTC,28.692375903200002
2022-11-10 20:26:00.000000 UTC,26.339418937
2022-11-10 20:27:00.000000 UTC,24.7912245878
2022-11-10 20:28:00.000000 UTC,22.972685041200002
2022-11-10 20:29:00.000000 UTC,22.064863419
2022-11-10 20:30:00.000000 UTC,23.241721036
2022-11-10 20:31:00.000000 UTC,24.588949402
2022-11-10 20:32:00.000000 UTC,23.265591602599997
2022-11-10 20:33:00.000000 UTC,21.8934557468
2022-11-10 20:34:00.000000 UTC,20.8201470896
2022-11-10 20:35:00.000000 UTC,20.3847683748
2022-11-10 20:36:00.000000 UTC,20.832292891599998
2022-11-10 20:37:00.000000 UTC,20.149971199400003
2022-11-10 20:38:00.000000 UTC,20.898731425
2022-11-10 20:39:00.000000 UTC,19.795721113
2022-11-10 20:40:00.000000 UTC,19.6120236266
2022-11-10 20:41:00.000000 UTC,19.654941755
2022-11-10 20:42:00.000000 UTC,20.2470371464
2022-11-10 20:43:00.000000 UTC,22.0340070128
2022-11-10 20:44:00.000000 UTC,25.292498317
2022-11-10 20:45:00.000000 UTC,22.57109112
2022-11-10 20:46:00.000000 UTC,21.1336432312
2022-11-10 20:47:00.000000 UTC,19.5094948214
2022-11-10 20:48:00.000000 UTC,19.4434302652
2022-11-10 20:49:00.000000 UTC,19.5934603522
2022-11-10 20:50:00.000000 UTC,19.880910223
2022-11-10 20:51:00.000000 UTC,20.3932717984
2022-11-10 20:52:00.000000 UTC,20.395001798
2022-11-10 20:53:00.000000 UTC,20.369678421
2022-11-10 20:54:00.000000 UTC,25.5099238028
2022-11-10 20:55:00.000000 UTC,35.7201266116
2022-11-10 20:56:00.000000 UTC,41.4004278524
2022-11-10 20:57:00.000000 UTC,42.9966266634
2022-11-10 20:58:00.000000 UTC,41.0079039842
2022-11-10 20:59:00.000000 UTC,37.309294242
2022-11-10 21:00:00.000000 UTC,42.6379386812
2022-11-10 21:01:00.000000 UTC,41.9979176728
2022-11-10 21:02:00.000000 UTC,36.940557817199995
2022-11-10 21:03:00.000000 UTC,33.3744251312
2022-11-10 21:04:00.000000 UTC,32.5925559114
2022-11-10 21:05:00.000000 UTC,30.8356038988
2022-11-10 21:06:00.000000 UTC,32.847890121599995
2022-11-10 21:07:00.000000 UTC,31.846285701400003
2022-11-10 21:08:00.000000 UTC,30.7123323796
2022-11-10 21:09:00.000000 UTC,28.731649625400003
2022-11-10 21:10:00.000000 UTC,29.461687890599997
2022-11-10 21:11:00.000000 UTC,28.026574180599997
2022-11-10 21:12:00.000000 UTC,26.2365882308
2022-11-10 21:13:00.000000 UTC,25.273475907
2022-11-10 21:14:00.000000 UTC,22.5728245624
2022-11-10 21:15:00.000000 UTC,21.2167857088
2022-11-10 21:16:00.000000 UTC,22.2377479906
2022-11-10 21:17:00.000000 UTC,23.417172431
2022-11-10 21:18:00.000000 UTC,23.4670253968
2022-11-10 21:19:00.000000 UTC,23.2618302482
2022-11-10 21:20:00.000000 UTC,24.5542000404
2022-11-10 21:21:00.000000 UTC,25.719447561400003
2022-11-10 21:22:00.000000 UTC,24.8447018204
2022-11-10 21:23:00.000000 UTC,24.8087308274
2022-11-10 21:24:00.000000 UTC,23.725794789
2022-11-10 21:25:00.000000 UTC,23.2989641906
2022-11-10 21:26:00.000000 UTC,22.403245527
2022-11-10 21:27:00.000000 UTC,22.2556305926
2022-11-10 21:28:00.000000 UTC,21.1310019518
2022-11-10 21:29:00.000000 UTC,22.535682682
2022-11-10 21:30:00.000000 UTC,24.9664968392
2022-11-10 21:31:00.000000 UTC,24.5107761736
2022-11-10 21:32:00.000000 UTC,23.5619320688
2022-11-10 21:33:00.000000 UTC,22.443333088
2022-11-10 21:34:00.000000 UTC,21.983903345799998
2022-11-10 21:35:00.000000 UTC,20.544491377
2022-11-10 21:36:00.000000 UTC,20.715293680400002
2022-11-10 21:37:00.000000 UTC,20.9544832154
2022-11-10 21:38:00.000000 UTC,22.800415645
2022-11-10 21:39:00.000000 UTC,21.1399849662
2022-11-10 21:40:00.000000 UTC,21.7086288574
2022-11-10 21:41:00.000000 UTC,21.343370956599998
2022-11-10 21:42:00.000000 UTC,21.0404301186
2022-11-10 21:43:00.000000 UTC,20.6251377438
2022-11-10 21:44:00.000000 UTC,20.578441346400002
2022-11-10 21:45:00.000000 UTC,22.018354246599998
2022-11-10 21:46:00.000000 UTC,20.700017709599997
2022-11-10 21:47:00.000000 UTC,20.7524905874
2022-11-10 21:48:00.000000 UTC,21.3729722866
2022-11-10 21:49:00.000000 UTC,21.466610944
2022-11-10 21:50:00.000000 UTC,24.503449624799998
2022-11-10 21:51:00.000000 UTC,25.366924391599998
2022-11-10 21:52:00.000000 UTC,24.719221400200002
2022-11-10 21:53:00.000000 UTC,23.680899755400002
2022-11-10 21:54:00.000000 UTC,22.772781172200002
2022-11-10 21:55:00.000000 UTC,21.6113744356
2022-11-10 21:56:00.000000 UTC,20.9588016596
2022-11-10 21:57:00.000000 UTC,20.335732097
2022-11-10 21:58:00.000000 UTC,23.189771051599998
2022-11-10 21:59:00.000000 UTC,21.597247419200002
2022-11-10 22:00:00.000000 UTC,22.3832004346
2022-11-10 22:01:00.000000 UTC,22.056444208400002
2022-11-10 22:02:00.000000 UTC,20.6238414632
2022-11-10 22:03:00.000000 UTC,22.1559406522
2022-11-10 22:04:00.000000 UTC,21.2745329028
2022-11-10 22:05:00.000000 UTC,21.521331714
2022-11-10 22:06:00.000000 UTC,21.5409068068
2022-11-10 22:07:00.000000 UTC,21.5123252618
2022-11-10 22:08:00.000000 UTC,22.9024633232
2022-11-10 22:09:00.000000 UTC,22.1166806456
2022-11-10 22:10:00.000000 UTC,20.6556360642
2022-11-10 22:11:00.000000 UTC,20.0317879076
2022-11-10 22:12:00.000000 UTC,21.205916668
2022-11-10 22:13:00.000000 UTC,21.230569332
2022-11-10 22:14:00.000000 UTC,19.9268702454
2022-11-10 22:15:00.000000 UTC,20.8106440298
2022-11-10 22:16:00.000000 UTC,23.434167052
2022-11-10 22:17:00.000000 UTC,20.711964414599997
2022-11-10 22:18:00.000000 UTC,20.027095538799998
2022-11-10 22:19:00.000000 UTC,21.9203014938
2022-11-10 22:20:00.000000 UTC,23.4336369074
2022-11-10 22:21:00.000000 UTC,27.246881213200002
2022-11-10 22:22:00.000000 UTC,24.7468129148
2022-11-10 22:23:00.000000 UTC,22.0027049292
2022-11-10 22:24:00.000000 UTC,20.1498287718
2022-11-10 22:25:00.000000 UTC,19.853520842
2022-11-10 22:26:00.000000 UTC,20.9421572728
2022-11-10 22:27:00.000000 UTC,20.6609387978
2022-11-10 22:28:00.000000 UTC,20.309573224599998
2022-11-10 22:29:00.000000 UTC,22.5047037454
2022-11-10 22:30:00.000000 UTC,29.670893827
2022-11-10 22:31:00.000000 UTC,33.2491902836
2022-11-10 22:32:00.000000 UTC,29.484672196400002
2022-11-10 22:33:00.000000 UTC,27.372701286599998
2022-11-10 22:34:00.000000 UTC,26.3160988554
2022-11-10 22:35:00.000000 UTC,24.8108897908
2022-11-10 22:36:00.000000 UTC,23.8961785874
2022-11-10 22:37:00.000000 UTC,22.3739197126
2022-11-10 22:38:00.000000 UTC,24.189457865
2022-11-10 22:39:00.000000 UTC,20.381968538200002
2022-11-10 22:40:00.000000 UTC,20.2937028136
2022-11-10 22:41:00.000000 UTC,19.8457085904
2022-11-10 22:42:00.000000 UTC,21.412913354599997
2022-11-10 22:43:00.000000 UTC,21.500258954
2022-11-10 22:44:00.000000 UTC,20.379572095599997
2022-11-10 22:45:00.000000 UTC,20.303005663
2022-11-10 22:46:00.000000 UTC,19.3694814672
2022-11-10 22:47:00.000000 UTC,23.7407509486
2022-11-10 22:48:00.000000 UTC,23.816196682599998
2022-11-10 22:49:00.000000 UTC,23.533572356
2022-11-10 22:50:00.000000 UTC,22.326999605599998
2022-11-10 22:51:00.000000 UTC,22.2637802768
2022-11-10 22:52:00.000000 UTC,19.147793602
2022-11-10 22:53:00.000000 UTC,19.1412122908
2022-11-10 22:54:00.000000 UTC,18.1724033722
2022-11-10 22:55:00.000000 UTC,18.03998676
2022-11-10 22:56:00.000000 UTC,17.1595696514
2022-11-10 22:57:00.000000 UTC,17.4891675384
2022-11-10 22:58:00.000000 UTC,17.837696358200002
2022-11-10 22:59:00.000000 UTC,16.9408349046
2022-11-10 23:00:00.000000 UTC,18.869636
2022-11-10 23:01:00.000000 UTC,22.1196662588
2022-11-10 23:02:00.000000 UTC,23.271571756
2022-11-10 23:03:00.000000 UTC,20.3113958362
2022-11-10 23:04:00.000000 UTC,18.9779729222
2022-11-10 23:05:00.000000 UTC,17.217681043400002
2022-11-10 23:06:00.000000 UTC,18.293571922599998
2022-11-10 23:07:00.000000 UTC,17.4783727452
2022-11-10 23:08:00.000000 UTC,16.1703943248
2022-11-10 23:09:00.000000 UTC,16.7939993916
2022-11-10 23:10:00.000000 UTC,16.4427137544
2022-11-10 23:11:00.000000 UTC,17.357209306599998
2022-11-10 23:12:00.000000 UTC,16.7244996768
2022-11-10 23:13:00.000000 UTC,16.8572449508
2022-11-10 23:14:00.000000 UTC,16.5509230358
2022-11-10 23:15:00.000000 UTC,17.80520214825
2022-11-10 23:16:00.000000 UTC,20.5914706022
2022-11-10 23:17:00.000000 UTC,23.0971850826
2022-11-10 23:18:00.000000 UTC,25.985789018
2022-11-10 23:19:00.000000 UTC,24.2285541174
2022-11-10 23:20:00.000000 UTC,22.8319205872
2022-11-10 23:21:00.000000 UTC,23.9717154744
2022-11-10 23:22:00.000000 UTC,24.683395960200002
2022-11-10 23:23:00.000000 UTC,23.0492995218
2022-11-10 23:24:00.000000 UTC,21.1929310098
2022-11-10 23:25:00.000000 UTC,20.160249268799998
2022-11-10 23:26:00.000000 UTC,18.6100736408
2022-11-10 23:27:00.000000 UTC,18.0148080722
2022-11-10 23:28:00.000000 UTC,16.833869568
2022-11-10 23:29:00.000000 UTC,16.381754384
2022-11-10 23:30:00.000000 UTC,16.8334812586
2022-11-10 23:31:00.000000 UTC,18.1679173942
2022-11-10 23:32:00.000000 UTC,17.7680297472
2022-11-10 23:33:00.000000 UTC,16.040339459200002
2022-11-10 23:34:00.000000 UTC,15.904197618200001
2022-11-10 23:35:00.000000 UTC,17.654064578
2022-11-10 23:36:00.000000 UTC,16.647086767799998
2022-11-10 23:37:00.000000 UTC,16.4768000366
2022-11-10 23:38:00.000000 UTC,17.1792387058
2022-11-10 23:39:00.000000 UTC,16.024264442
2022-11-10 23:40:00.000000 UTC,16.0017808956
2022-11-10 23:41:00.000000 UTC,16.402197876200002
2022-11-10 23:42:00.000000 UTC,16.8330759072
2022-11-10 23:43:00.000000 UTC,16.3376270002
2022-11-10 23:44:00.000000 UTC,16.391530041
2022-11-10 23:45:00.000000 UTC,16.6290607052
2022-11-10 23:46:00.000000 UTC,15.689868735200001
2022-11-10 23:47:00.000000 UTC,15.585635847
2022-11-10 23:48:00.000000 UTC,15.732371057
2022-11-10 23:49:00.000000 UTC,15.6206872182
2022-11-10 23:50:00.000000 UTC,15.5811453816
2022-11-10 23:51:00.000000 UTC,15.9863289618
2022-11-10 23:52:00.000000 UTC,15.8167906534
2022-11-10 23:53:00.000000 UTC,15.320583649
2022-11-10 23:54:00.000000 UTC,15.3084705334
2022-11-10 23:55:00.000000 UTC,14.611842619799999
2022-11-10 23:56:00.000000 UTC,15.9677785142
2022-11-10 23:57:00.000000 UTC,15.3019760714
2022-11-10 23:58:00.000000 UTC,15.2485951592
2022-11-10 23:59:00.000000 UTC,15.089557718
2022-11-11 00:00:00.000000 UTC,16.2076930956
2022-11-11 00:01:00.000000 UTC,16.3587228628
2022-11-11 00:02:00.000000 UTC,19.0669342856
2022-11-11 00:03:00.000000 UTC,19.4849692166
2022-11-11 00:04:00.000000 UTC,17.270786774799998
2022-11-11 00:05:00.000000 UTC,16.512170225200002
2022-11-11 00:06:00.000000 UTC,16.6053981944
2022-11-11 00:07:00.000000 UTC,15.532163407399999
2022-11-11 00:08:00.000000 UTC,16.077650555
2022-11-11 00:09:00.000000 UTC,15.7896739278
2022-11-11 00:10:00.000000 UTC,15.2980958954
2022-11-11 00:11:00.000000 UTC,15.1840371536
2022-11-11 00:12:00.000000 UTC,16.048454847200002
2022-11-11 00:13:00.000000 UTC,15.4702930762
2022-11-11 00:14:00.000000 UTC,15.501025578
2022-11-11 00:15:00.000000 UTC,16.2713988924
2022-11-11 00:16:00.000000 UTC,15.5214012122
2022-11-11 00:17:00.000000 UTC,15.0285443955
2022-11-11 00:18:00.000000 UTC,15.871752667
2022-11-11 00:19:00.000000 UTC,17.9931632822
2022-11-11 00:20:00.000000 UTC,18.7621362372
2022-11-11 00:21:00.000000 UTC,17.9211981268
2022-11-11 00:22:00.000000 UTC,18.213548851400002
2022-11-11 00:23:00.000000 UTC,17.2168838152
2022-11-11 00:24:00.000000 UTC,16.8322784698
2022-11-11 00:25:00.000000 UTC,16.8506412036
2022-11-11 00:26:00.000000 UTC,15.8994781112
2022-11-11 00:27:00.000000 UTC,15.1967928842
2022-11-11 00:28:00.000000 UTC,16.0004401938
2022-11-11 00:29:00.000000 UTC,16.723226499
2022-11-11 00:30:00.000000 UTC,18.6733391614
2022-11-11 00:31:00.000000 UTC,19.447355736400002
2022-11-11 00:32:00.000000 UTC,18.1215064646
2022-11-11 00:33:00.000000 UTC,17.956534436400002
2022-11-11 00:34:00.000000 UTC,16.097154155600002
2022-11-11 00:35:00.000000 UTC,17.697083529
2022-11-11 00:36:00.000000 UTC,17.984674704400003
2022-11-11 00:37:00.000000 UTC,17.7160862776
2022-11-11 00:38:00.000000 UTC,18.867248461
2022-11-11 00:39:00.000000 UTC,17.6600701438
2022-11-11 00:40:00.000000 UTC,18.114030998
2022-11-11 00:41:00.000000 UTC,17.0256803656
2022-11-11 00:42:00.000000 UTC,16.760130267799997
2022-11-11 00:43:00.000000 UTC,15.548877514
2022-11-11 00:44:00.000000 UTC,15.1894493352
2022-11-11 00:45:00.000000 UTC,15.1904172136
2022-11-11 00:46:00.000000 UTC,15.1377397556
2022-11-11 00:47:00.000000 UTC,16.17334511775
2022-11-11 00:48:00.000000 UTC,17.003187726
2022-11-11 00:49:00.000000 UTC,15.813177278
2022-11-11 00:50:00.000000 UTC,16.1062385988
2022-11-11 00:51:00.000000 UTC,15.046142609799999
2022-11-11 00:52:00.000000 UTC,15.214771415200001
2022-11-11 00:53:00.000000 UTC,15.9619257062
2022-11-11 00:54:00.000000 UTC,14.783134219399999
2022-11-11 00:55:00.000000 UTC,15.494706129799999
2022-11-11 00:56:00.000000 UTC,15.707430016
2022-11-11 00:57:00.000000 UTC,16.1817329506
2022-11-11 00:58:00.000000 UTC,15.0321840926
2022-11-11 00:59:00.000000 UTC,14.9548354676
2022-11-11 01:00:00.000000 UTC,15.492938314
2022-11-11 01:01:00.000000 UTC,14.556885253399999
2022-11-11 01:02:00.000000 UTC,14.658019963200001
2022-11-11 01:03:00.000000 UTC,15.5268233036
2022-11-11 01:04:00.000000 UTC,15.618929163799999
2022-11-11 01:05:00.000000 UTC,15.877736015
2022-11-11 01:06:00.000000 UTC,15.574698511200001
2022-11-11 01:07:00.000000 UTC,16.559339778200002
2022-11-11 01:08:00.000000 UTC,15.3888270954
2022-11-11 01:09:00.000000 UTC,15.575576257200002
2022-11-11 01:10:00.000000 UTC,15.724124569
2022-11-11 01:11:00.000000 UTC,16.1351294974
2022-11-11 01:12:00.000000 UTC,15.544748072
2022-11-11 01:13:00.000000 UTC,15.21947166525
2022-11-11 01:14:00.000000 UTC,15.5531894856
2022-11-11 01:15:00.000000 UTC,14.962207288
2022-11-11 01:16:00.000000 UTC,15.7147077112
2022-11-11 01:17:00.000000 UTC,15.120560119
2022-11-11 01:18:00.000000 UTC,15.629893712600001
2022-11-11 01:19:00.000000 UTC,15.6787187756
2022-11-11 01:20:00.000000 UTC,15.538369331
2022-11-11 01:21:00.000000 UTC,15.9870287252
2022-11-11 01:22:00.000000 UTC,15.180703074799998
2022-11-11 01:23:00.000000 UTC,15.058724446200001
2022-11-11 01:24:00.000000 UTC,14.4419608136
2022-11-11 01:25:00.000000 UTC,14.540365057799999
2022-11-11 01:26:00.000000 UTC,14.4738768438
2022-11-11 01:27:00.000000 UTC,15.0935444054
2022-11-11 01:28:00.000000 UTC,15.1104475586
2022-11-11 01:29:00.000000 UTC,14.5874179138
2022-11-11 01:30:00.000000 UTC,15.2477167584
2022-11-11 01:31:00.000000 UTC,14.5905387916
2022-11-11 01:32:00.000000 UTC,16.6400327246
2022-11-11 01:33:00.000000 UTC,18.6708728948
2022-11-11 01:34:00.000000 UTC,20.8992713732
2022-11-11 01:35:00.000000 UTC,25.55061567625
2022-11-11 01:36:00.000000 UTC,28.710724241799998
2022-11-11 01:37:00.000000 UTC,27.190585553400002
2022-11-11 01:38:00.000000 UTC,24.2003144564
2022-11-11 01:39:00.000000 UTC,21.1503560596
2022-11-11 01:40:00.000000 UTC,20.790258429
2022-11-11 01:41:00.000000 UTC,19.772213433799998
2022-11-11 01:42:00.000000 UTC,20.645554910599998
2022-11-11 01:43:00.000000 UTC,22.981507952799998
2022-11-11 01:44:00.000000 UTC,22.775214248799998
2022-11-11 01:45:00.000000 UTC,22.676468843400002
2022-11-11 01:46:00.000000 UTC,22.474799441400002
2022-11-11 01:47:00.000000 UTC,20.453027211200002
2022-11-11 01:48:00.000000 UTC,21.387968445200002
2022-11-11 01:49:00.000000 UTC,22.001407654599998
2022-11-11 01:50:00.000000 UTC,22.7704788494
2022-11-11 01:51:00.000000 UTC,21.9647201576
2022-11-11 01:52:00.000000 UTC,21.642923878799998
2022-11-11 01:53:00.000000 UTC,21.326724675599998
2022-11-11 01:54:00.000000 UTC,20.0473127112
2022-11-11 01:55:00.000000 UTC,19.6967315502
2022-11-11 01:56:00.000000 UTC,19.371556573
2022-11-11 01:57:00.000000 UTC,18.990542173599998
2022-11-11 01:58:00.000000 UTC,20.8052677566
2022-11-11 01:59:00.000000 UTC,20.477819659599998
2022-11-11 02:00:00.000000 UTC,22.342781904
2022-11-11 02:01:00.000000 UTC,22.708597440200002
2022-11-11 02:02:00.000000 UTC,21.763521284
2022-11-11 02:03:00.000000 UTC,21.9138800602
2022-11-11 02:04:00.000000 UTC,21.3144448348
2022-11-11 02:05:00.000000 UTC,20.194603726599997
2022-11-11 02:06:00.000000 UTC,19.200189205
2022-11-11 02:07:00.000000 UTC,19.2835840894
2022-11-11 02:08:00.000000 UTC,17.0499298046
2022-11-11 02:09:00.000000 UTC,16.6035674514
2022-11-11 02:10:00.000000 UTC,17.1200289228
2022-11-11 02:11:00.000000 UTC,16.172905789799998
2022-11-11 02:12:00.000000 UTC,15.9737135948
2022-11-11 02:13:00.000000 UTC,16.7563203275
2022-11-11 02:14:00.000000 UTC,19.634743732599997
2022-11-11 02:15:00.000000 UTC,22.102414110599998
2022-11-11 02:16:00.000000 UTC,23.1462945664
2022-11-11 02:17:00.000000 UTC,24.2682358148
2022-11-11 02:18:00.000000 UTC,22.1915467358
2022-11-11 02:19:00.000000 UTC,20.8718874218
2022-11-11 02:20:00.000000 UTC,19.453539829599997
2022-11-11 02:21:00.000000 UTC,19.0288369016
2022-11-11 02:22:00.000000 UTC,18.507267112599997
2022-11-11 02:23:00.000000 UTC,17.6097324438
2022-11-11 02:24:00.000000 UTC,19.0871363186
2022-11-11 02:25:00.000000 UTC,18.0712016066
2022-11-11 02:26:00.000000 UTC,19.80550184075
2022-11-11 02:27:00.000000 UTC,18.5890022514
2022-11-11 02:28:00.000000 UTC,17.277624646
2022-11-11 02:29:00.000000 UTC,16.948247001
2022-11-11 02:30:00.000000 UTC,17.9334905242
2022-11-11 02:31:00.000000 UTC,18.119846592400002
2022-11-11 02:32:00.000000 UTC,16.758553401
2022-11-11 02:33:00.000000 UTC,16.5670198398
2022-11-11 02:34:00.000000 UTC,16.1545248625
2022-11-11 02:35:00.000000 UTC,17.5432772522
2022-11-11 02:36:00.000000 UTC,16.8842282332
2022-11-11 02:37:00.000000 UTC,17.356419633
2022-11-11 02:38:00.000000 UTC,16.3666435346
2022-11-11 02:39:00.000000 UTC,16.58251056
2022-11-11 02:40:00.000000 UTC,16.3429767068
2022-11-11 02:41:00.000000 UTC,16.062831047
2022-11-11 02:42:00.000000 UTC,16.0846486084
2022-11-11 02:43:00.000000 UTC,16.0797780444
2022-11-11 02:44:00.000000 UTC,15.907552929
2022-11-11 02:45:00.000000 UTC,17.1278489566
2022-11-11 02:46:00.000000 UTC,17.365225225400003
2022-11-11 02:47:00.000000 UTC,16.8326358184
2022-11-11 02:48:00.000000 UTC,21.374299749
2022-11-11 02:49:00.000000 UTC,20.879897414200002
2022-11-11 02:50:00.000000 UTC,19.089177456599998
2022-11-11 02:51:00.000000 UTC,17.5459434124
2022-11-11 02:52:00.000000 UTC,17.4944369985
2022-11-11 02:53:00.000000 UTC,18.215486983
2022-11-11 02:54:00.000000 UTC,17.5971656982
2022-11-11 02:55:00.000000 UTC,17.0263685932
2022-11-11 02:56:00.000000 UTC,16.1357073116
2022-11-11 02:57:00.000000 UTC,16.2724246616
2022-11-11 02:58:00.000000 UTC,16.1154216902
2022-11-11 02:59:00.000000 UTC,15.9529855504
2022-11-11 03:00:00.000000 UTC,16.2066544834
2022-11-11 03:01:00.000000 UTC,18.223405581799998
2022-11-11 03:02:00.000000 UTC,18.473073487599997
2022-11-11 03:03:00.000000 UTC,19.5759701108
2022-11-11 03:04:00.000000 UTC,19.1607353572
2022-11-11 03:05:00.000000 UTC,18.5066828392
2022-11-11 03:06:00.000000 UTC,19.228358861599997
2022-11-11 03:07:00.000000 UTC,20.799520567200002
2022-11-11 03:08:00.000000 UTC,23.014576260400002
2022-11-11 03:09:00.000000 UTC,23.2051942606
2022-11-11 03:10:00.000000 UTC,24.4240598302
2022-11-11 03:11:00.000000 UTC,24.3235608852
2022-11-11 03:12:00.000000 UTC,23.7539880032
2022-11-11 03:13:00.000000 UTC,22.610009634
2022-11-11 03:14:00.000000 UTC,21.4663524222
2022-11-11 03:15:00.000000 UTC,21.704161533
2022-11-11 03:16:00.000000 UTC,21.4669202692
2022-11-11 03:17:00.000000 UTC,20.6132414806
2022-11-11 03:18:00.000000 UTC,20.0423287936
2022-11-11 03:19:00.000000 UTC,18.9917712552
2022-11-11 03:20:00.000000 UTC,17.91436809
2022-11-11 03:21:00.000000 UTC,18.690299687400003
2022-11-11 03:22:00.000000 UTC,20.4810143214
2022-11-11 03:23:00.000000 UTC,20.3302932918
2022-11-11 03:24:00.000000 UTC,20.8519685288
2022-11-11 03:25:00.000000 UTC,21.9208810116
2022-11-11 03:26:00.000000 UTC,21.8239522692
2022-11-11 03:27:00.000000 UTC,21.2209169066
2022-11-11 03:28:00.000000 UTC,20.0360347654
2022-11-11 03:29:00.000000 UTC,19.4367856078
2022-11-11 03:30:00.000000 UTC,19.8641373702
2022-11-11 03:31:00.000000 UTC,18.835343337
2022-11-11 03:32:00.000000 UTC,17.872642821400003
2022-11-11 03:33:00.000000 UTC,21.1111441606
2022-11-11 03:34:00.000000 UTC,20.3421478598
2022-11-11 03:35:00.000000 UTC,18.485100448
2022-11-11 03:36:00.000000 UTC,19.174238215
2022-11-11 03:37:00.000000 UTC,17.9987009994
2022-11-11 03:38:00.000000 UTC,17.3918054312
2022-11-11 03:39:00.000000 UTC,17.549781501400002
2022-11-11 03:40:00.000000 UTC,18.2127291122
2022-11-11 03:41:00.000000 UTC,18.490725084599998
2022-11-11 03:42:00.000000 UTC,18.0362424142
2022-11-11 03:43:00.000000 UTC,17.4813330512
2022-11-11 03:44:00.000000 UTC,17.018661656
2022-11-11 03:45:00.000000 UTC,16.4640968036
2022-11-11 03:46:00.000000 UTC,16.6196978674
2022-11-11 03:47:00.000000 UTC,16.9518248028
2022-11-11 03:48:00.000000 UTC,17.1218063396
2022-11-11 03:49:00.000000 UTC,17.385949620599998
2022-11-11 03:50:00.000000 UTC,17.736169415400003
2022-11-11 03:51:00.000000 UTC,16.962820738
2022-11-11 03:52:00.000000 UTC,16.0587805792
2022-11-11 03:53:00.000000 UTC,17.486180142
2022-11-11 03:54:00.000000 UTC,18.1489663722
2022-11-11 03:55:00.000000 UTC,17.7422206245
2022-11-11 03:56:00.000000 UTC,17.570333893
2022-11-11 03:57:00.000000 UTC,20.2657282552
2022-11-11 03:58:00.000000 UTC,23.749755119
2022-11-11 03:59:00.000000 UTC,23.171374052
2022-11-11 04:00:00.000000 UTC,22.6486203746
2022-11-11 04:01:00.000000 UTC,21.809899018
2022-11-11 04:02:00.000000 UTC,19.7011498366
2022-11-11 04:03:00.000000 UTC,18.381020843
2022-11-11 04:04:00.000000 UTC,18.439363781
2022-11-11 04:05:00.000000 UTC,18.3043923296
2022-11-11 04:06:00.000000 UTC,20.4813498342
2022-11-11 04:07:00.000000 UTC,19.0780540204
2022-11-11 04:08:00.000000 UTC,18.997632458
2022-11-11 04:09:00.000000 UTC,18.497474316599998
2022-11-11 04:10:00.000000 UTC,18.377975544799998
2022-11-11 04:11:00.000000 UTC,17.0370712862
2022-11-11 04:12:00.000000 UTC,16.171490082
2022-11-11 04:13:00.000000 UTC,16.342227787
2022-11-11 04:14:00.000000 UTC,16.422656796200002
2022-11-11 04:15:00.000000 UTC,15.8549492818
2022-11-11 04:16:00.000000 UTC,15.921579746399999
2022-11-11 04:17:00.000000 UTC,15.8493544694
2022-11-11 04:18:00.000000 UTC,16.408418618
2022-11-11 04:19:00.000000 UTC,15.8910672184
2022-11-11 04:20:00.000000 UTC,15.9056644202
2022-11-11 04:21:00.000000 UTC,15.604208837
2022-11-11 04:22:00.000000 UTC,15.473594917
2022-11-11 04:23:00.000000 UTC,16.1025041896
2022-11-11 04:24:00.000000 UTC,15.910701862200002
2022-11-11 04:25:00.000000 UTC,15.705344506200001
2022-11-11 04:26:00.000000 UTC,15.416096406200001
2022-11-11 04:27:00.000000 UTC,15.3914773244
2022-11-11 04:28:00.000000 UTC,15.918241875200001
2022-11-11 04:29:00.000000 UTC,16.5804153854
2022-11-11 04:30:00.000000 UTC,16.4136091226
2022-11-11 04:31:00.000000 UTC,16.0602318804
2022-11-11 04:32:00.000000 UTC,15.6329230902
2022-11-11 04:33:00.000000 UTC,15.6380133904
2022-11-11 04:34:00.000000 UTC,15.857195799200001
2022-11-11 04:35:00.000000 UTC,15.909010322
2022-11-11 04:36:00.000000 UTC,16.268431425
2022-11-11 04:37:00.000000 UTC,17.25395596075
2022-11-11 04:38:00.000000 UTC,17.573153154
2022-11-11 04:39:00.000000 UTC,17.0687905444
2022-11-11 04:40:00.000000 UTC,16.7902584998
2022-11-11 04:41:00.000000 UTC,16.176741983
2022-11-11 04:42:00.000000 UTC,15.7362170644
2022-11-11 04:43:00.000000 UTC,16.3376273128
2022-11-11 04:44:00.000000 UTC,16.3043345682
2022-11-11 04:45:00.000000 UTC,16.0237954584
2022-11-11 04:46:00.000000 UTC,17.236943614799998
2022-11-11 04:47:00.000000 UTC,16.5265409976
2022-11-11 04:48:00.000000 UTC,17.452890012599998
2022-11-11 04:49:00.000000 UTC,16.489828548
2022-11-11 04:50:00.000000 UTC,16.6183345326
2022-11-11 04:51:00.000000 UTC,16.017686293
2022-11-11 04:52:00.000000 UTC,15.996910938600001
2022-11-11 04:53:00.000000 UTC,16.1298986832
2022-11-11 04:54:00.000000 UTC,16.270435764
2022-11-11 04:55:00.000000 UTC,16.8665664274
2022-11-11 04:56:00.000000 UTC,16.1969196204
2022-11-11 04:57:00.000000 UTC,16.5710450488
2022-11-11 04:58:00.000000 UTC,16.1031267584
2022-11-11 04:59:00.000000 UTC,16.646915818
2022-11-11 05:00:00.000000 UTC,16.4880874968
2022-11-11 05:01:00.000000 UTC,16.291453975
2022-11-11 05:02:00.000000 UTC,16.6398005962
2022-11-11 05:03:00.000000 UTC,16.6309931174
2022-11-11 05:04:00.000000 UTC,16.4330651266
2022-11-11 05:05:00.000000 UTC,16.4376155392
2022-11-11 05:06:00.000000 UTC,16.003735500799998
2022-11-11 05:07:00.000000 UTC,16.043008545
2022-11-11 05:08:00.000000 UTC,16.3706255586
2022-11-11 05:09:00.000000 UTC,16.3674651712
2022-11-11 05:10:00.000000 UTC,16.540463584799998
2022-11-11 05:11:00.000000 UTC,16.221161079399998
2022-11-11 05:12:00.000000 UTC,16.610573811200002
2022-11-11 05:13:00.000000 UTC,16.45389828
2022-11-11 05:14:00.000000 UTC,15.723578357600001
2022-11-11 05:15:00.000000 UTC,16.582523001200002
2022-11-11 05:16:00.000000 UTC,16.5706310582
2022-11-11 05:17:00.000000 UTC,16.8245411154
2022-11-11 05:18:00.000000 UTC,16.6752341308
2022-11-11 05:19:00.000000 UTC,16.5905457876
2022-11-11 05:20:00.000000 UTC,16.3671747778
2022-11-11 05:21:00.000000 UTC,16.0871656404
2022-11-11 05:22:00.000000 UTC,16.037222580799998
2022-11-11 05:23:00.000000 UTC,16.5145474406
2022-11-11 05:24:00.000000 UTC,16.387510647
2022-11-11 05:25:00.000000 UTC,16.7891056932
2022-11-11 05:26:00.000000 UTC,16.3908771186
2022-11-11 05:27:00.000000 UTC,15.2920582264
2022-11-11 05:28:00.000000 UTC,15.8619460608
2022-11-11 05:29:00.000000 UTC,15.9706499648
2022-11-11 05:30:00.000000 UTC,15.7369074294
2022-11-11 05:31:00.000000 UTC,16.1348402536
2022-11-11 05:32:00.000000 UTC,17.010891819799998
2022-11-11 05:33:00.000000 UTC,16.5355862662
2022-11-11 05:34:00.000000 UTC,17.3372315676
2022-11-11 05:35:00.000000 UTC,16.1315155472
2022-11-11 05:36:00.000000 UTC,16.8978816326
2022-11-11 05:37:00.000000 UTC,16.4689247184
2022-11-11 05:38:00.000000 UTC,16.7367862806
2022-11-11 05:39:00.000000 UTC,16.4948965132
2022-11-11 05:40:00.000000 UTC,16.158912361200002
2022-11-11 05:41:00.000000 UTC,16.0782991856
2022-11-11 05:42:00.000000 UTC,15.4187469578
2022-11-11 05:43:00.000000 UTC,15.574711237799999
2022-11-11 05:44:00.000000 UTC,16.208126169
2022-11-11 05:45:00.000000 UTC,15.820682091
2022-11-11 05:46:00.000000 UTC,14.9645980634
2022-11-11 05:47:00.000000 UTC,15.5053555368
2022-11-11 05:48:00.000000 UTC,17.051027133
2022-11-11 05:49:00.000000 UTC,17.7779693388
2022-11-11 05:50:00.000000 UTC,18.060637404599998
2022-11-11 05:51:00.000000 UTC,17.633056748799998
2022-11-11 05:52:00.000000 UTC,17.89531273025
2022-11-11 05:53:00.000000 UTC,16.75949662
2022-11-11 05:54:00.000000 UTC,15.2441588224
2022-11-11 05:55:00.000000 UTC,14.514544231
2022-11-11 05:56:00.000000 UTC,14.9789651398
2022-11-11 05:57:00.000000 UTC,16.650108705
2022-11-11 05:58:00.000000 UTC,14.984529064
2022-11-11 05:59:00.000000 UTC,17.0050469104
2022-11-11 06:00:00.000000 UTC,16.5691402428
2022-11-11 06:01:00.000000 UTC,16.0718358004
2022-11-11 06:02:00.000000 UTC,16.47458292875
2022-11-11 06:03:00.000000 UTC,17.180048633
2022-11-11 06:04:00.000000 UTC,15.723790683
2022-11-11 06:05:00.000000 UTC,17.9341422602
2022-11-11 06:06:00.000000 UTC,17.2131905962
2022-11-11 06:07:00.000000 UTC,16.5609431642
2022-11-11 06:08:00.000000 UTC,17.2051792494
2022-11-11 06:09:00.000000 UTC,15.3890262082
2022-11-11 06:10:00.000000 UTC,14.8843666238
2022-11-11 06:11:00.000000 UTC,15.124685785799999
2022-11-11 06:12:00.000000 UTC,14.456452028200001
2022-11-11 06:13:00.000000 UTC,15.1354491774
2022-11-11 06:14:00.000000 UTC,15.0756735544
2022-11-11 06:15:00.000000 UTC,16.209950823
2022-11-11 06:16:00.000000 UTC,16.7345165142
2022-11-11 06:17:00.000000 UTC,16.2333556256
2022-11-11 06:18:00.000000 UTC,16.4876042418
2022-11-11 06:19:00.000000 UTC,17.304062459
2022-11-11 06:20:00.000000 UTC,17.163470709
2022-11-11 06:21:00.000000 UTC,16.730080756
2022-11-11 06:22:00.000000 UTC,15.6524560806
2022-11-11 06:23:00.000000 UTC,16.6586669632
2022-11-11 06:24:00.000000 UTC,15.8671354462
2022-11-11 06:25:00.000000 UTC,15.214564962799999
2022-11-11 06:26:00.000000 UTC,14.6941336264
2022-11-11 06:27:00.000000 UTC,14.447745842
2022-11-11 06:28:00.000000 UTC,14.613892422
2022-11-11 06:29:00.000000 UTC,15.374291559200001
2022-11-11 06:30:00.000000 UTC,14.9936275166
2022-11-11 06:31:00.000000 UTC,15.366275910799999
2022-11-11 06:32:00.000000 UTC,15.076341046200001
2022-11-11 06:33:00.000000 UTC,14.7506600418
2022-11-11 06:34:00.000000 UTC,15.226164011
2022-11-11 06:35:00.000000 UTC,14.702490169
2022-11-11 06:36:00.000000 UTC,14.7679140094
2022-11-11 06:37:00.000000 UTC,15.2911052216
2022-11-11 06:38:00.000000 UTC,15.481932032
2022-11-11 06:39:00.000000 UTC,14.955980165
2022-11-11 06:40:00.000000 UTC,14.8014563444
2022-11-11 06:41:00.000000 UTC,14.5744362124
2022-11-11 06:42:00.000000 UTC,14.6957675174
2022-11-11 06:43:00.000000 UTC,14.155875235
2022-11-11 06:44:00.000000 UTC,14.8575946414
2022-11-11 06:45:00.000000 UTC,15.213892117799999
2022-11-11 06:46:00.000000 UTC,14.6740285916
2022-11-11 06:47:00.000000 UTC,15.206107847799998
2022-11-11 06:48:00.000000 UTC,14.200692306799999
2022-11-11 06:49:00.000000 UTC,14.803577237799999
2022-11-11 06:50:00.000000 UTC,15.089620447200002
2022-11-11 06:51:00.000000 UTC,16.1564631872
2022-11-11 06:52:00.000000 UTC,16.6909350924
2022-11-11 06:53:00.000000 UTC,15.87892944
2022-11-11 06:54:00.000000 UTC,16.783107549
2022-11-11 06:55:00.000000 UTC,16.8109618344
2022-11-11 06:56:00.000000 UTC,15.2840277512
2022-11-11 06:57:00.000000 UTC,15.490855849399999
2022-11-11 06:58:00.000000 UTC,16.567892310799998
2022-11-11 06:59:00.000000 UTC,15.4908741214
2022-11-11 07:00:00.000000 UTC,17.5754352772
2022-11-11 07:01:00.000000 UTC,17.2181404282
2022-11-11 07:02:00.000000 UTC,15.9536741382
2022-11-11 07:03:00.000000 UTC,16.0534877038
2022-11-11 07:04:00.000000 UTC,16.4100810852
2022-11-11 07:05:00.000000 UTC,15.7656771026
2022-11-11 07:06:00.000000 UTC,16.031773781200002
2022-11-11 07:07:00.000000 UTC,16.0126508114
2022-11-11 07:08:00.000000 UTC,17.1677495612
2022-11-11 07:09:00.000000 UTC,16.484391677799998
2022-11-11 07:10:00.000000 UTC,16.67001115
2022-11-11 07:11:00.000000 UTC,16.286841937
2022-11-11 07:12:00.000000 UTC,16.1905946616
2022-11-11 07:13:00.000000 UTC,16.3736822296
2022-11-11 07:14:00.000000 UTC,16.1031357144
2022-11-11 07:15:00.000000 UTC,16.4810193324
2022-11-11 07:16:00.000000 UTC,16.5938657678
2022-11-11 07:17:00.000000 UTC,18.5720634284
2022-11-11 07:18:00.000000 UTC,17.3391808024
2022-11-11 07:19:00.000000 UTC,16.1192301026
2022-11-11 07:20:00.000000 UTC,16.3980055664
2022-11-11 07:21:00.000000 UTC,16.5256010364
2022-11-11 07:22:00.000000 UTC,16.571224604
2022-11-11 07:23:00.000000 UTC,16.3484802912
2022-11-11 07:24:00.000000 UTC,16.0619495388
2022-11-11 07:25:00.000000 UTC,16.620952081
2022-11-11 07:26:00.000000 UTC,16.5318378712
2022-11-11 07:27:00.000000 UTC,15.410803294399999
2022-11-11 07:28:00.000000 UTC,14.3978333406
2022-11-11 07:29:00.000000 UTC,13.8453772326
2022-11-11 07:30:00.000000 UTC,14.092164603
2022-11-11 07:31:00.000000 UTC,14.156978129
2022-11-11 07:32:00.000000 UTC,14.6514707196
2022-11-11 07:33:00.000000 UTC,14.7809886328
2022-11-11 07:34:00.000000 UTC,14.2167974386
2022-11-11 07:35:00.000000 UTC,13.7675145066
2022-11-11 07:36:00.000000 UTC,13.261963895600001
2022-11-11 07:37:00.000000 UTC,13.5215426158
2022-11-11 07:38:00.000000 UTC,14.209715165
2022-11-11 07:39:00.000000 UTC,13.6321154736
2022-11-11 07:40:00.000000 UTC,13.699365827200001
2022-11-11 07:41:00.000000 UTC,13.866483451399999
2022-11-11 07:42:00.000000 UTC,14.2811726614
2022-11-11 07:43:00.000000 UTC,14.6964287932
2022-11-11 07:44:00.000000 UTC,14.6252343716
2022-11-11 07:45:00.000000 UTC,15.7235614944
2022-11-11 07:46:00.000000 UTC,15.284197488
2022-11-11 07:47:00.000000 UTC,16.036277126399998
2022-11-11 07:48:00.000000 UTC,15.2146506376
2022-11-11 07:49:00.000000 UTC,14.759390736
2022-11-11 07:50:00.000000 UTC,15.05076108
2022-11-11 07:51:00.000000 UTC,16.378113376399998
2022-11-11 07:52:00.000000 UTC,17.399688357400002
2022-11-11 07:53:00.000000 UTC,15.3019526178
2022-11-11 07:54:00.000000 UTC,16.1566635352
2022-11-11 07:55:00.000000 UTC,15.5441433246
2022-11-11 07:56:00.000000 UTC,15.7028819216
2022-11-11 07:57:00.000000 UTC,15.659413648600001
2022-11-11 07:58:00.000000 UTC,14.4932931474
2022-11-11 07:59:00.000000 UTC,14.177358300200002
2022-11-11 08:00:00.000000 UTC,15.0884881928
2022-11-11 08:01:00.000000 UTC,14.256497677
2022-11-11 08:02:00.000000 UTC,13.972305061799998
2022-11-11 08:03:00.000000 UTC,14.061607716600001
2022-11-11 08:04:00.000000 UTC,14.983784794
2022-11-11 08:05:00.000000 UTC,14.348956365600001
2022-11-11 08:06:00.000000 UTC,13.6995090842
2022-11-11 08:07:00.000000 UTC,13.746325306600001
2022-11-11 08:08:00.000000 UTC,13.030483072600001
2022-11-11 08:09:00.000000 UTC,14.299515524
2022-11-11 08:10:00.000000 UTC,14.0231872026
2022-11-11 08:11:00.000000 UTC,14.4462266228
2022-11-11 08:12:00.000000 UTC,14.2981170168
2022-11-11 08:13:00.000000 UTC,14.2790492644
2022-11-11 08:14:00.000000 UTC,14.5883937292
2022-11-11 08:15:00.000000 UTC,13.2836697346
2022-11-11 08:16:00.000000 UTC,14.6318826416
2022-11-11 08:17:00.000000 UTC,14.1864216686
2022-11-11 08:18:00.000000 UTC,13.9713245336
2022-11-11 08:19:00.000000 UTC,14.465653772200001
2022-11-11 08:20:00.000000 UTC,13.6517472328
2022-11-11 08:21:00.000000 UTC,13.649757854399999
2022-11-11 08:22:00.000000 UTC,13.583925168799999
2022-11-11 08:23:00.000000 UTC,14.112249915
2022-11-11 08:24:00.000000 UTC,13.850859683200001
2022-11-11 08:25:00.000000 UTC,14.4566303174
2022-11-11 08:26:00.000000 UTC,13.998127177799999
2022-11-11 08:27:00.000000 UTC,14.144597702
2022-11-11 08:28:00.000000 UTC,13.872530868
2022-11-11 08:29:00.000000 UTC,14.0187025896
2022-11-11 08:30:00.000000 UTC,14.49801412
2022-11-11 08:31:00.000000 UTC,14.2608083708
2022-11-11 08:32:00.000000 UTC,13.868434625799999
2022-11-11 08:33:00.000000 UTC,13.664393057200002
2022-11-11 08:34:00.000000 UTC,13.56744779
2022-11-11 08:35:00.000000 UTC,14.099990027
2022-11-11 08:36:00.000000 UTC,15.170919707
2022-11-11 08:37:00.000000 UTC,17.2990750332
2022-11-11 08:38:00.000000 UTC,19.310704268400002
2022-11-11 08:39:00.000000 UTC,18.2894296
2022-11-11 08:40:00.000000 UTC,18.15746178
2022-11-11 08:41:00.000000 UTC,16.6392530404
2022-11-11 08:42:00.000000 UTC,16.5056361056
2022-11-11 08:43:00.000000 UTC,15.287368031200002
2022-11-11 08:44:00.000000 UTC,14.110283231
2022-11-11 08:45:00.000000 UTC,13.8527751754
2022-11-11 08:46:00.000000 UTC,14.234174024200001
2022-11-11 08:47:00.000000 UTC,15.7272883446
2022-11-11 08:48:00.000000 UTC,15.90902971
2022-11-11 08:49:00.000000 UTC,15.559628271
2022-11-11 08:50:00.000000 UTC,14.9148002266
2022-11-11 08:51:00.000000 UTC,14.0167324376
2022-11-11 08:52:00.000000 UTC,14.018390952799999
2022-11-11 08:53:00.000000 UTC,14.4867238892
2022-11-11 08:54:00.000000 UTC,14.1831166282
2022-11-11 08:55:00.000000 UTC,16.130422871
2022-11-11 08:56:00.000000 UTC,15.0749487056
2022-11-11 08:57:00.000000 UTC,15.0538430964
2022-11-11 08:58:00.000000 UTC,14.927727094
2022-11-11 08:59:00.000000 UTC,15.5422905716
2022-11-11 09:00:00.000000 UTC,15.444349646
2022-11-11 09:01:00.000000 UTC,15.735542286
2022-11-11 09:02:00.000000 UTC,14.754577123799999
2022-11-11 09:03:00.000000 UTC,14.176665588
2022-11-11 09:04:00.000000 UTC,13.921297771399999
2022-11-11 09:05:00.000000 UTC,13.8848485832
2022-11-11 09:06:00.000000 UTC,14.124698103799998
2022-11-11 09:07:00.000000 UTC,12.7830392486
2022-11-11 09:08:00.000000 UTC,13.372478296799999
2022-11-11 09:09:00.000000 UTC,14.049400647
2022-11-11 09:10:00.000000 UTC,13.263088938200001
2022-11-11 09:11:00.000000 UTC,14.7216489878
2022-11-11 09:12:00.000000 UTC,14.4642854454
2022-11-11 09:13:00.000000 UTC,13.645147633399999
2022-11-11 09:14:00.000000 UTC,13.6130788378
2022-11-11 09:15:00.000000 UTC,13.796329532
2022-11-11 09:16:00.000000 UTC,13.44113974775
2022-11-11 09:17:00.000000 UTC,14.7437435526
2022-11-11 09:18:00.000000 UTC,13.5946571842
2022-11-11 09:19:00.000000 UTC,13.1492410254
2022-11-11 09:20:00.000000 UTC,13.158197310799999
2022-11-11 09:21:00.000000 UTC,14.0126821536
2022-11-11 09:22:00.000000 UTC,13.617758957
2022-11-11 09:23:00.000000 UTC,13.545168577799998
2022-11-11 09:24:00.000000 UTC,13.7178954066
2022-11-11 09:25:00.000000 UTC,13.504047383200001
2022-11-11 09:26:00.000000 UTC,14.0504450716
2022-11-11 09:27:00.000000 UTC,13.457530874200001
2022-11-11 09:28:00.000000 UTC,13.1634561034
2022-11-11 09:29:00.000000 UTC,12.8834169402
2022-11-11 09:30:00.000000 UTC,13.435013593399999
2022-11-11 09:31:00.000000 UTC,13.2461288526
2022-11-11 09:32:00.000000 UTC,13.027291617200001
2022-11-11 09:33:00.000000 UTC,14.5218523504
2022-11-11 09:34:00.000000 UTC,15.246303634
2022-11-11 09:35:00.000000 UTC,14.5284079868
2022-11-11 09:36:00.000000 UTC,15.355421444600001
2022-11-11 09:37:00.000000 UTC,14.4797811078
2022-11-11 09:38:00.000000 UTC,14.7843586284
2022-11-11 09:39:00.000000 UTC,14.6525305122
2022-11-11 09:40:00.000000 UTC,15.1024359346
2022-11-11 09:41:00.000000 UTC,14.5223659566
2022-11-11 09:42:00.000000 UTC,14.3270725238
2022-11-11 09:43:00.000000 UTC,14.488485585600001
2022-11-11 09:44:00.000000 UTC,14.231057308
2022-11-11 09:45:00.000000 UTC,13.693394484399999
2022-11-11 09:46:00.000000 UTC,13.9389595546
2022-11-11 09:47:00.000000 UTC,13.7991350394
2022-11-11 09:48:00.000000 UTC,14.3001538808
2022-11-11 09:49:00.000000 UTC,14.1163616146
2022-11-11 09:50:00.000000 UTC,14.3226767338
2022-11-11 09:51:00.000000 UTC,13.511485202200001
2022-11-11 09:52:00.000000 UTC,13.5072830904
2022-11-11 09:53:00.000000 UTC,13.3508527146
2022-11-11 09:54:00.000000 UTC,13.716278828799998
2022-11-11 09:55:00.000000 UTC,13.576279315799999
2022-11-11 09:56:00.000000 UTC,12.959399688200001
2022-11-11 09:57:00.000000 UTC,13.499811099
2022-11-11 09:58:00.000000 UTC,13.4013094758
2022-11-11 09:59:00.000000 UTC,13.4747253204
2022-11-11 10:00:00.000000 UTC,14.049633171
2022-11-11 10:01:00.000000 UTC,14.9460940488
2022-11-11 10:02:00.000000 UTC,14.534229654399999
2022-11-11 10:03:00.000000 UTC,14.47479351125
2022-11-11 10:04:00.000000 UTC,16.2097939
2022-11-11 10:05:00.000000 UTC,14.8640498118
2022-11-11 10:06:00.000000 UTC,14.7060951688
2022-11-11 10:07:00.000000 UTC,14.8495548872
2022-11-11 10:08:00.000000 UTC,13.777573528200001
2022-11-11 10:09:00.000000 UTC,14.298311055
2022-11-11 10:10:00.000000 UTC,14.2207889996
2022-11-11 10:11:00.000000 UTC,14.333021716
2022-11-11 10:12:00.000000 UTC,14.0105825618
2022-11-11 10:13:00.000000 UTC,14.1590118538
2022-11-11 10:14:00.000000 UTC,14.46572366
2022-11-11 10:15:00.000000 UTC,14.8658679256
2022-11-11 10:16:00.000000 UTC,14.435513498
2022-11-11 10:17:00.000000 UTC,14.02918951
2022-11-11 10:18:00.000000 UTC,13.9775228562
2022-11-11 10:19:00.000000 UTC,14.3104334742
2022-11-11 10:20:00.000000 UTC,13.875234402
2022-11-11 10:21:00.000000 UTC,14.755621939200001
2022-11-11 10:22:00.000000 UTC,14.125770710200001
2022-11-11 10:23:00.000000 UTC,14.894707097200001
2022-11-11 10:24:00.000000 UTC,13.813874349799999
2022-11-11 10:25:00.000000 UTC,13.772647146799999
2022-11-11 10:26:00.000000 UTC,13.6003439016
2022-11-11 10:27:00.000000 UTC,13.469178184799999
2022-11-11 10:28:00.000000 UTC,13.3562766738
2022-11-11 10:29:00.000000 UTC,12.530767952
2022-11-11 10:30:00.000000 UTC,13.2000405876
2022-11-11 10:31:00.000000 UTC,13.6963438288
2022-11-11 10:32:00.000000 UTC,14.712571809
2022-11-11 10:33:00.000000 UTC,14.334401074799999
2022-11-11 10:34:00.000000 UTC,14.037872186200001
2022-11-11 10:35:00.000000 UTC,13.5331816986
2022-11-11 10:36:00.000000 UTC,13.4081609162
2022-11-11 10:37:00.000000 UTC,12.838687751799998
2022-11-11 10:38:00.000000 UTC,14.372751914
2022-11-11 10:39:00.000000 UTC,13.1930117264
2022-11-11 10:40:00.000000 UTC,13.2881935016
2022-11-11 10:41:00.000000 UTC,13.345294427799999
2022-11-11 10:42:00.000000 UTC,14.1754064472
2022-11-11 10:43:00.000000 UTC,13.9389870212
2022-11-11 10:44:00.000000 UTC,13.7194575394
2022-11-11 10:45:00.000000 UTC,14.120701545
2022-11-11 10:46:00.000000 UTC,13.8334207062
2022-11-11 10:47:00.000000 UTC,13.14411213725
2022-11-11 10:48:00.000000 UTC,14.4271539662
2022-11-11 10:49:00.000000 UTC,13.3682970872
2022-11-11 10:50:00.000000 UTC,12.7167573438
2022-11-11 10:51:00.000000 UTC,13.1444993464
2022-11-11 10:52:00.000000 UTC,12.9311988624
2022-11-11 10:53:00.000000 UTC,13.6092632018
2022-11-11 10:54:00.000000 UTC,13.1217430594
2022-11-11 10:55:00.000000 UTC,13.077769248600001
2022-11-11 10:56:00.000000 UTC,13.877062792799999
2022-11-11 10:57:00.000000 UTC,13.8110741006
2022-11-11 10:58:00.000000 UTC,13.178397776
2022-11-11 10:59:00.000000 UTC,13.1125294552
2022-11-11 11:00:00.000000 UTC,13.815460440799999
2022-11-11 11:01:00.000000 UTC,14.108836207200001
2022-11-11 11:02:00.000000 UTC,13.832141497799999
2022-11-11 11:03:00.000000 UTC,13.937963744600001
2022-11-11 11:04:00.000000 UTC,13.8188870794
2022-11-11 11:05:00.000000 UTC,14.2390827004
2022-11-11 11:06:00.000000 UTC,13.041423278
2022-11-11 11:07:00.000000 UTC,14.3326596058
2022-11-11 11:08:00.000000 UTC,14.12405251
2022-11-11 11:09:00.000000 UTC,13.6121700996
2022-11-11 11:10:00.000000 UTC,14.043836941799999
2022-11-11 11:11:00.000000 UTC,14.432398356799998
2022-11-11 11:12:00.000000 UTC,14.1279149025
2022-11-11 11:13:00.000000 UTC,14.435865927
2022-11-11 11:14:00.000000 UTC,13.21886824
2022-11-11 11:15:00.000000 UTC,12.5075361648
2022-11-11 11:16:00.000000 UTC,14.214730119799999
2022-11-11 11:17:00.000000 UTC,16.027266836
2022-11-11 11:18:00.000000 UTC,17.0414348692
2022-11-11 11:19:00.000000 UTC,14.3448725858
2022-11-11 11:20:00.000000 UTC,14.0211354256
2022-11-11 11:21:00.000000 UTC,15.465139023799999
2022-11-11 11:22:00.000000 UTC,14.218674261
2022-11-11 11:23:00.000000 UTC,14.427562575200001
2022-11-11 11:24:00.000000 UTC,14.0646228642
2022-11-11 11:25:00.000000 UTC,14.2454809036
2022-11-11 11:26:00.000000 UTC,15.5432967354
2022-11-11 11:27:00.000000 UTC,14.9979282546
2022-11-11 11:28:00.000000 UTC,14.036979900799999
2022-11-11 11:29:00.000000 UTC,15.028257098200001
2022-11-11 11:30:00.000000 UTC,15.262789061200001
2022-11-11 11:31:00.000000 UTC,14.8468889986
2022-11-11 11:32:00.000000 UTC,15.248241267600001
2022-11-11 11:33:00.000000 UTC,14.550185638799999
2022-11-11 11:34:00.000000 UTC,15.204186507600001
2022-11-11 11:35:00.000000 UTC,14.0360630002
2022-11-11 11:36:00.000000 UTC,13.832302131799999
2022-11-11 11:37:00.000000 UTC,13.0589388868
2022-11-11 11:38:00.000000 UTC,14.0529765032
2022-11-11 11:39:00.000000 UTC,13.408227537
2022-11-11 11:40:00.000000 UTC,12.8982932918
2022-11-11 11:41:00.000000 UTC,13.308288021
2022-11-11 11:42:00.000000 UTC,14.019634881
2022-11-11 11:43:00.000000 UTC,14.5048668226
2022-11-11 11:44:00.000000 UTC,14.9173348154
2022-11-11 11:45:00.000000 UTC,14.5118430866
2022-11-11 11:46:00.000000 UTC,14.249020123
2022-11-11 11:47:00.000000 UTC,14.1370519156
2022-11-11 11:48:00.000000 UTC,13.7644280636
2022-11-11 11:49:00.000000 UTC,13.1795646544
2022-11-11 11:50:00.000000 UTC,13.765023442
2022-11-11 11:51:00.000000 UTC,14.1584598326
2022-11-11 11:52:00.000000 UTC,13.2297126966
2022-11-11 11:53:00.000000 UTC,14.205479250200002
2022-11-11 11:54:00.000000 UTC,14.7636681402
2022-11-11 11:55:00.000000 UTC,14.291687865799998
2022-11-11 11:56:00.000000 UTC,13.6657366314
2022-11-11 11:57:00.000000 UTC,13.2450796386
2022-11-11 11:58:00.000000 UTC,13.931230927
2022-11-11 11:59:00.000000 UTC,14.11912596475
2022-11-11 12:00:00.000000 UTC,15.3235037032
2022-11-11 12:01:00.000000 UTC,16.09240611425
2022-11-11 12:02:00.000000 UTC,15.777108498799999
2022-11-11 12:03:00.000000 UTC,14.956801392
2022-11-11 12:04:00.000000 UTC,15.7523019688
2022-11-11 12:05:00.000000 UTC,15.329307362200002
2022-11-11 12:06:00.000000 UTC,14.654199670399999
2022-11-11 12:07:00.000000 UTC,15.8336497842
2022-11-11 12:08:00.000000 UTC,17.53513398225
2022-11-11 12:09:00.000000 UTC,17.7089394006
2022-11-11 12:10:00.000000 UTC,17.587503838
2022-11-11 12:11:00.000000 UTC,17.0527410984
2022-11-11 12:12:00.000000 UTC,15.478780195799999
2022-11-11 12:13:00.000000 UTC,15.012780147600001
2022-11-11 12:14:00.000000 UTC,14.8614861384
2022-11-11 12:15:00.000000 UTC,15.1247770452
2022-11-11 12:16:00.000000 UTC,14.3550231574
2022-11-11 12:17:00.000000 UTC,14.130786318
2022-11-11 12:18:00.000000 UTC,13.9934839448
2022-11-11 12:19:00.000000 UTC,14.370920099600001
2022-11-11 12:20:00.000000 UTC,14.1593168362
2022-11-11 12:21:00.000000 UTC,14.421250877799999
2022-11-11 12:22:00.000000 UTC,14.691551148
2022-11-11 12:23:00.000000 UTC,16.6095283862
2022-11-11 12:24:00.000000 UTC,16.229683814
2022-11-11 12:25:00.000000 UTC,16.958852197
2022-11-11 12:26:00.000000 UTC,17.7210918945
2022-11-11 12:27:00.000000 UTC,17.0655199078
2022-11-11 12:28:00.000000 UTC,16.220798114
2022-11-11 12:29:00.000000 UTC,15.245394046
2022-11-11 12:30:00.000000 UTC,16.0223974202
2022-11-11 12:31:00.000000 UTC,16.216364301200002
2022-11-11 12:32:00.000000 UTC,15.680368077799999
2022-11-11 12:33:00.000000 UTC,14.4689267748
2022-11-11 12:34:00.000000 UTC,14.5280139638
2022-11-11 12:35:00.000000 UTC,14.4807154868
2022-11-11 12:36:00.000000 UTC,15.399063051799999
2022-11-11 12:37:00.000000 UTC,15.234701530799999
2022-11-11 12:38:00.000000 UTC,15.9135357144
2022-11-11 12:39:00.000000 UTC,22.1096367054
2022-11-11 12:40:00.000000 UTC,34.4183910936
2022-11-11 12:41:00.000000 UTC,35.659585082199996
2022-11-11 12:42:00.000000 UTC,29.808182475200002
2022-11-11 12:43:00.000000 UTC,27.187814711799998
2022-11-11 12:44:00.000000 UTC,25.789698280400003
2022-11-11 12:45:00.000000 UTC,24.1482684138
2022-11-11 12:46:00.000000 UTC,23.5889220518
2022-11-11 12:47:00.000000 UTC,23.5055804092
2022-11-11 12:48:00.000000 UTC,22.147687618400003
2022-11-11 12:49:00.000000 UTC,22.9853816172
2022-11-11 12:50:00.000000 UTC,21.8811180168
2022-11-11 12:51:00.000000 UTC,21.796101332
2022-11-11 12:52:00.000000 UTC,22.683302229400002
2022-11-11 12:53:00.000000 UTC,23.479361252
2022-11-11 12:54:00.000000 UTC,24.19003858075
2022-11-11 12:55:00.000000 UTC,24.1874805262
2022-11-11 12:56:00.000000 UTC,23.389979479599997
2022-11-11 12:57:00.000000 UTC,22.0819782906
2022-11-11 12:58:00.000000 UTC,22.2070624528
2022-11-11 12:59:00.000000 UTC,20.5858086648
2022-11-11 13:00:00.000000 UTC,25.1008549288
2022-11-11 13:01:00.000000 UTC,39.3090233342
2022-11-11 13:02:00.000000 UTC,40.760917658800004
2022-11-11 13:03:00.000000 UTC,41.829879508800005
2022-11-11 13:04:00.000000 UTC,38.429773338800004
2022-11-11 13:05:00.000000 UTC,35.534966203
2022-11-11 13:06:00.000000 UTC,29.9569910654
2022-11-11 13:07:00.000000 UTC,27.5811891554
2022-11-11 13:08:00.000000 UTC,25.178572146599997
2022-11-11 13:09:00.000000 UTC,25.645621785400003
2022-11-11 13:10:00.000000 UTC,33.861124653400005
2022-11-11 13:11:00.000000 UTC,29.119356525
2022-11-11 13:12:00.000000 UTC,26.2370963814
2022-11-11 13:13:00.000000 UTC,24.001153709
2022-11-11 13:14:00.000000 UTC,21.9430189812
2022-11-11 13:15:00.000000 UTC,20.5850824788
2022-11-11 13:16:00.000000 UTC,19.3922820578
2022-11-11 13:17:00.000000 UTC,19.3033646176
2022-11-11 13:18:00.000000 UTC,19.1854707706
2022-11-11 13:19:00.000000 UTC,18.4730867588
2022-11-11 13:20:00.000000 UTC,19.3851875854
2022-11-11 13:21:00.000000 UTC,19.4082910936
2022-11-11 13:22:00.000000 UTC,19.81075750725
2022-11-11 13:23:00.000000 UTC,20.3937578054
2022-11-11 13:24:00.000000 UTC,19.132772611
2022-11-11 13:25:00.000000 UTC,19.6756447272
2022-11-11 13:26:00.000000 UTC,18.655912776
2022-11-11 13:27:00.000000 UTC,19.7248348108
2022-11-11 13:28:00.000000 UTC,18.2481632692
2022-11-11 13:29:00.000000 UTC,17.761325883
2022-11-11 13:30:00.000000 UTC,19.0361802276
2022-11-11 13:31:00.000000 UTC,18.2687806154
2022-11-11 13:32:00.000000 UTC,16.9770524986
2022-11-11 13:33:00.000000 UTC,15.945074274
2022-11-11 13:34:00.000000 UTC,15.834568034799998
2022-11-11 13:35:00.000000 UTC,15.169606441600001
2022-11-11 13:36:00.000000 UTC,15.7705847118
2022-11-11 13:37:00.000000 UTC,17.155003329
2022-11-11 13:38:00.000000 UTC,17.6173091778
2022-11-11 13:39:00.000000 UTC,17.0112616696
2022-11-11 13:40:00.000000 UTC,19.1630115602
2022-11-11 13:41:00.000000 UTC,19.5625244818
2022-11-11 13:42:00.000000 UTC,18.7950517566
2022-11-11 13:43:00.000000 UTC,17.8934993556
2022-11-11 13:44:00.000000 UTC,17.9354334676
2022-11-11 13:45:00.000000 UTC,18.721826374400003
2022-11-11 13:46:00.000000 UTC,17.9928673484
2022-11-11 13:47:00.000000 UTC,16.7163558726
2022-11-11 13:48:00.000000 UTC,16.2829806506
2022-11-11 13:49:00.000000 UTC,17.133625938
2022-11-11 13:50:00.000000 UTC,16.1010319266
2022-11-11 13:51:00.000000 UTC,15.557818428
2022-11-11 13:52:00.000000 UTC,15.20716921
2022-11-11 13:53:00.000000 UTC,15.7370151792
2022-11-11 13:54:00.000000 UTC,15.110397022
2022-11-11 13:55:00.000000 UTC,15.7166925988
2022-11-11 13:56:00.000000 UTC,15.7946565968
2022-11-11 13:57:00.000000 UTC,15.620531595200001
2022-11-11 13:58:00.000000 UTC,15.751815778200001
2022-11-11 13:59:00.000000 UTC,16.4422968226
2022-11-11 14:00:00.000000 UTC,21.375070843400003
2022-11-11 14:01:00.000000 UTC,28.2060044338
2022-11-11 14:02:00.000000 UTC,34.897274373
2022-11-11 14:03:00.000000 UTC,39.2143254902
2022-11-11 14:04:00.000000 UTC,43.674019302199994
2022-11-11 14:05:00.000000 UTC,42.218744480199994
2022-11-11 14:06:00.000000 UTC,37.143883369
2022-11-11 14:07:00.000000 UTC,33.9383635518
2022-11-11 14:08:00.000000 UTC,31.215190185599997
2022-11-11 14:09:00.000000 UTC,32.0561122542
2022-11-11 14:10:00.000000 UTC,30.501474050400002
2022-11-11 14:11:00.000000 UTC,31.1839597634
2022-11-11 14:12:00.000000 UTC,28.8823228178
2022-11-11 14:13:00.000000 UTC,26.6627707578
2022-11-11 14:14:00.000000 UTC,26.0703401536
2022-11-11 14:15:00.000000 UTC,29.8902373178
2022-11-11 14:16:00.000000 UTC,37.380140295400004
2022-11-11 14:17:00.000000 UTC,41.599229544
2022-11-11 14:18:00.000000 UTC,42.2526169362
2022-11-11 14:19:00.000000 UTC,49.303145953199994
2022-11-11 14:20:00.000000 UTC,57.574600961
2022-11-11 14:21:00.000000 UTC,71.20153730025
2022-11-11 14:22:00.000000 UTC,78.3674471042
2022-11-11 14:23:00.000000 UTC,86.38896245
2022-11-11 14:24:00.000000 UTC,95.534455452
2022-11-11 14:25:00.000000 UTC,108.1207860622
2022-11-11 14:26:00.000000 UTC,109.662104002
2022-11-11 14:27:00.000000 UTC,113.8313152498
2022-11-11 14:28:00.000000 UTC,105.43477843
2022-11-11 14:29:00.000000 UTC,97.9655835852
2022-11-11 14:30:00.000000 UTC,92.869118871
2022-11-11 14:31:00.000000 UTC,96.92913244239999
2022-11-11 14:32:00.000000 UTC,94.2876894068
2022-11-11 14:33:00.000000 UTC,86.2416005558
2022-11-11 14:34:00.000000 UTC,87.58288522075
2022-11-11 14:35:00.000000 UTC,83.8593104104
2022-11-11 14:36:00.000000 UTC,76.201230590399987
2022-11-11 14:37:00.000000 UTC,75.8022553212
2022-11-11 14:38:00.000000 UTC,70.5432750194
2022-11-11 14:39:00.000000 UTC,62.015980168
2022-11-11 14:40:00.000000 UTC,56.240403140199994
2022-11-11 14:41:00.000000 UTC,53.657589366
2022-11-11 14:42:00.000000 UTC,51.8954566214
2022-11-11 14:43:00.000000 UTC,48.9339757798
2022-11-11 14:44:00.000000 UTC,45.2552387354
2022-11-11 14:45:00.000000 UTC,47.785847876
2022-11-11 14:46:00.000000 UTC,54.089869797599995
2022-11-11 14:47:00.000000 UTC,65.1624133274
2022-11-11 14:48:00.000000 UTC,99.631140033800008
2022-11-11 14:49:00.000000 UTC,104.94326082539999
2022-11-11 14:50:00.000000 UTC,104.004214766
2022-11-11 14:51:00.000000 UTC,100.10603295460001
2022-11-11 14:52:00.000000 UTC,93.574136724
2022-11-11 14:53:00.000000 UTC,87.2329389482
2022-11-11 14:54:00.000000 UTC,79.8724312426
2022-11-11 14:55:00.000000 UTC,74.0887037564
2022-11-11 14:56:00.000000 UTC,74.219895724
2022-11-11 14:57:00.000000 UTC,68.5062545044
2022-11-11 14:58:00.000000 UTC,62.735670856
2022-11-11 14:59:00.000000 UTC,72.7255804036
2022-11-11 15:00:00.000000 UTC,90.1956565878
2022-11-11 15:01:00.000000 UTC,103.564569093
2022-11-11 15:02:00.000000 UTC,93.1596612556
2022-11-11 15:03:00.000000 UTC,81.3902073798
2022-11-11 15:04:00.000000 UTC,77.3410211906
2022-11-11 15:05:00.000000 UTC,72.9511626164
2022-11-11 15:06:00.000000 UTC,67.5181498876
2022-11-11 15:07:00.000000 UTC,63.483933399
2022-11-11 15:08:00.000000 UTC,58.1072059832
2022-11-11 15:09:00.000000 UTC,53.4738486822
2022-11-11 15:10:00.000000 UTC,61.9466550906
2022-11-11 15:11:00.000000 UTC,59.119707229199996
2022-11-11 15:12:00.000000 UTC,59.1625094014
2022-11-11 15:13:00.000000 UTC,56.509600753
2022-11-11 15:14:00.000000 UTC,57.3264385596
2022-11-11 15:15:00.000000 UTC,57.047230047199996
2022-11-11 15:16:00.000000 UTC,52.497844828199995
2022-11-11 15:17:00.000000 UTC,50.5558976612
2022-11-11 15:18:00.000000 UTC,49.058008902400005
2022-11-11 15:19:00.000000 UTC,47.4210050734
2022-11-11 15:20:00.000000 UTC,48.5074615794
2022-11-11 15:21:00.000000 UTC,48.195852457
2022-11-11 15:22:00.000000 UTC,48.340317479800007
2022-11-11 15:23:00.000000 UTC,48.4856741384
2022-11-11 15:24:00.000000 UTC,47.5707163546
2022-11-11 15:25:00.000000 UTC,44.0367660388
2022-11-11 15:26:00.000000 UTC,45.0737127186
2022-11-11 15:27:00.000000 UTC,44.397893183
2022-11-11 15:28:00.000000 UTC,41.8410813188
2022-11-11 15:29:00.000000 UTC,40.5095211458
2022-11-11 15:30:00.000000 UTC,41.0845259206
2022-11-11 15:31:00.000000 UTC,43.925271542400004
2022-11-11 15:32:00.000000 UTC,40.5812728414
2022-11-11 15:33:00.000000 UTC,44.374785708800005
2022-11-11 15:34:00.000000 UTC,41.417092260400004
2022-11-11 15:35:00.000000 UTC,39.402809882199996
2022-11-11 15:36:00.000000 UTC,39.6112648326
2022-11-11 15:37:00.000000 UTC,40.045047146
2022-11-11 15:38:00.000000 UTC,40.156767368
2022-11-11 15:39:00.000000 UTC,38.444859699599995
2022-11-11 15:40:00.000000 UTC,38.381467881599995
2022-11-11 15:41:00.000000 UTC,39.0864261336
2022-11-11 15:42:00.000000 UTC,38.4109237852
2022-11-11 15:43:00.000000 UTC,35.1501180434
2022-11-11 15:44:00.000000 UTC,34.5146230432
2022-11-11 15:45:00.000000 UTC,32.1453926904
2022-11-11 15:46:00.000000 UTC,34.1422517334
2022-11-11 15:47:00.000000 UTC,34.8090354616
2022-11-11 15:48:00.000000 UTC,36.890843834
2022-11-11 15:49:00.000000 UTC,35.5349213412
2022-11-11 15:50:00.000000 UTC,34.7983919912
2022-11-11 15:51:00.000000 UTC,33.9006934836
2022-11-11 15:52:00.000000 UTC,33.1467815162
2022-11-11 15:53:00.000000 UTC,30.9515098302
2022-11-11 15:54:00.000000 UTC,33.174953886
2022-11-11 15:55:00.000000 UTC,32.240967794599996
2022-11-11 15:56:00.000000 UTC,29.893094083
2022-11-11 15:57:00.000000 UTC,29.288800375599997
2022-11-11 15:58:00.000000 UTC,29.2307964
2022-11-11 15:59:00.000000 UTC,28.886712034200002
2022-11-11 16:00:00.000000 UTC,31.165796369400002
2022-11-11 16:01:00.000000 UTC,33.670086558
2022-11-11 16:02:00.000000 UTC,32.3059934072
2022-11-11 16:03:00.000000 UTC,33.101817917
2022-11-11 16:04:00.000000 UTC,34.4692898356
2022-11-11 16:05:00.000000 UTC,33.6188400876
2022-11-11 16:06:00.000000 UTC,36.6318447904
2022-11-11 16:07:00.000000 UTC,36.5848537844
2022-11-11 16:08:00.000000 UTC,34.666379027800005
2022-11-11 16:09:00.000000 UTC,34.0361720346
2022-11-11 16:10:00.000000 UTC,33.26462441
2022-11-11 16:11:00.000000 UTC,37.518332367800006
2022-11-11 16:12:00.000000 UTC,41.556333595199995
2022-11-11 16:13:00.000000 UTC,44.362396213
2022-11-11 16:14:00.000000 UTC,45.864090434800005
2022-11-11 16:15:00.000000 UTC,51.17726115275
2022-11-11 16:16:00.000000 UTC,53.3751942844
2022-11-11 16:17:00.000000 UTC,51.9447102392
2022-11-11 16:18:00.000000 UTC,51.9267673278
2022-11-11 16:19:00.000000 UTC,52.9113089512
2022-11-11 16:20:00.000000 UTC,50.958182686
2022-11-11 16:21:00.000000 UTC,51.9719756036
2022-11-11 16:22:00.000000 UTC,46.9776085978
2022-11-11 16:23:00.000000 UTC,47.3237531524
2022-11-11 16:24:00.000000 UTC,43.91458655
2022-11-11 16:25:00.000000 UTC,41.1488348994
2022-11-11 16:26:00.000000 UTC,41.085600703
2022-11-11 16:27:00.000000 UTC,42.3723460426
2022-11-11 16:28:00.000000 UTC,41.319327695199995
2022-11-11 16:29:00.000000 UTC,43.590696208
2022-11-11 16:30:00.000000 UTC,49.9899067932
2022-11-11 16:31:00.000000 UTC,51.545315571
2022-11-11 16:32:00.000000 UTC,46.626825917400005
2022-11-11 16:33:00.000000 UTC,44.793412722199996
2022-11-11 16:34:00.000000 UTC,42.522058986
2022-11-11 16:35:00.000000 UTC,44.2735603282
2022-11-11 16:36:00.000000 UTC,42.657025903400005
2022-11-11 16:37:00.000000 UTC,40.3531265252
2022-11-11 16:38:00.000000 UTC,38.9557345618
2022-11-11 16:39:00.000000 UTC,37.317883558199995
2022-11-11 16:40:00.000000 UTC,38.5139801404
2022-11-11 16:41:00.000000 UTC,36.8002244156
2022-11-11 16:42:00.000000 UTC,35.6743806268
2022-11-11 16:43:00.000000 UTC,34.4363297222
2022-11-11 16:44:00.000000 UTC,35.508961406
2022-11-11 16:45:00.000000 UTC,33.6626166796
2022-11-11 16:46:00.000000 UTC,33.2691683928
2022-11-11 16:47:00.000000 UTC,30.7738999668
2022-11-11 16:48:00.000000 UTC,30.8563146202
2022-11-11 16:49:00.000000 UTC,28.914391074
2022-11-11 16:50:00.000000 UTC,30.42226502025
2022-11-11 16:51:00.000000 UTC,32.9664040916
2022-11-11 16:52:00.000000 UTC,30.833507387
2022-11-11 16:53:00.000000 UTC,28.760264938200002
2022-11-11 16:54:00.000000 UTC,30.625186923799998
2022-11-11 16:55:00.000000 UTC,28.718483103599997
2022-11-11 16:56:00.000000 UTC,28.3749273872
2022-11-11 16:57:00.000000 UTC,28.2168561875
2022-11-11 16:58:00.000000 UTC,29.7926134872
2022-11-11 16:59:00.000000 UTC,27.939916408400002
2022-11-11 17:00:00.000000 UTC,27.8725828458
2022-11-11 17:01:00.000000 UTC,30.043077879
2022-11-11 17:02:00.000000 UTC,30.102422765
2022-11-11 17:03:00.000000 UTC,28.5640036932
2022-11-11 17:04:00.000000 UTC,28.316832782
2022-11-11 17:05:00.000000 UTC,27.37770106
2022-11-11 17:06:00.000000 UTC,27.6228871234
2022-11-11 17:07:00.000000 UTC,27.218537251599997
2022-11-11 17:08:00.000000 UTC,26.2245750318
2022-11-11 17:09:00.000000 UTC,26.057231662
2022-11-11 17:10:00.000000 UTC,26.9799713406
2022-11-11 17:11:00.000000 UTC,29.2999864422
2022-11-11 17:12:00.000000 UTC,26.887661263
2022-11-11 17:13:00.000000 UTC,27.012051917
2022-11-11 17:14:00.000000 UTC,25.620522741200002
2022-11-11 17:15:00.000000 UTC,25.2471067088
2022-11-11 17:16:00.000000 UTC,24.1281275742
2022-11-11 17:17:00.000000 UTC,23.589505939
2022-11-11 17:18:00.000000 UTC,24.1942101748
2022-11-11 17:19:00.000000 UTC,23.670114508
2022-11-11 17:20:00.000000 UTC,23.720824437
2022-11-11 17:21:00.000000 UTC,23.7637182022
2022-11-11 17:22:00.000000 UTC,23.6594877148
2022-11-11 17:23:00.000000 UTC,23.9973249978
2022-11-11 17:24:00.000000 UTC,22.4285300932
2022-11-11 17:25:00.000000 UTC,21.2018241858
2022-11-11 17:26:00.000000 UTC,21.887897295200002
2022-11-11 17:27:00.000000 UTC,21.884155088
2022-11-11 17:28:00.000000 UTC,21.024003601
2022-11-11 17:29:00.000000 UTC,21.370276079
2022-11-11 17:30:00.000000 UTC,22.1530931894
2022-11-11 17:31:00.000000 UTC,23.1175341422
2022-11-11 17:32:00.000000 UTC,21.171843939
2022-11-11 17:33:00.000000 UTC,19.2878210492
2022-11-11 17:34:00.000000 UTC,20.7056257896
2022-11-11 17:35:00.000000 UTC,19.678639354599998
2022-11-11 17:36:00.000000 UTC,19.5346859492
2022-11-11 17:37:00.000000 UTC,19.1743437196
2022-11-11 17:38:00.000000 UTC,18.6485080336
2022-11-11 17:39:00.000000 UTC,18.6446512092
2022-11-11 17:40:00.000000 UTC,18.44389425
2022-11-11 17:41:00.000000 UTC,18.223479306
2022-11-11 17:42:00.000000 UTC,18.5954904836
2022-11-11 17:43:00.000000 UTC,18.1128116952
2022-11-11 17:44:00.000000 UTC,18.9887848948
2022-11-11 17:45:00.000000 UTC,19.3684141274
2022-11-11 17:46:00.000000 UTC,18.3718632308
2022-11-11 17:47:00.000000 UTC,19.5898714376
2022-11-11 17:48:00.000000 UTC,20.673184905
2022-11-11 17:49:00.000000 UTC,19.423437507400003
2022-11-11 17:50:00.000000 UTC,19.3477136888
2022-11-11 17:51:00.000000 UTC,20.029929537799998
2022-11-11 17:52:00.000000 UTC,19.5148918166
2022-11-11 17:53:00.000000 UTC,21.0886342666
2022-11-11 17:54:00.000000 UTC,21.7813423682
2022-11-11 17:55:00.000000 UTC,21.5270874534
2022-11-11 17:56:00.000000 UTC,21.8441298734
2022-11-11 17:57:00.000000 UTC,21.537887793400003
2022-11-11 17:58:00.000000 UTC,20.866999588200002
2022-11-11 17:59:00.000000 UTC,20.186504366799998
2022-11-11 18:00:00.000000 UTC,21.035386031599998
2022-11-11 18:01:00.000000 UTC,24.405285428400003
2022-11-11 18:02:00.000000 UTC,24.8205620508
2022-11-11 18:03:00.000000 UTC,25.612486592
2022-11-11 18:04:00.000000 UTC,27.193452409200003
2022-11-11 18:05:00.000000 UTC,30.311819626200002
2022-11-11 18:06:00.000000 UTC,31.545288252400002
2022-11-11 18:07:00.000000 UTC,28.7697188402
2022-11-11 18:08:00.000000 UTC,27.1900674584
2022-11-11 18:09:00.000000 UTC,25.6360613842
2022-11-11 18:10:00.000000 UTC,24.267869881400003
2022-11-11 18:11:00.000000 UTC,23.32405979
2022-11-11 18:12:00.000000 UTC,21.996036838200002
2022-11-11 18:13:00.000000 UTC,22.0458375894
2022-11-11 18:14:00.000000 UTC,21.445110873599997
2022-11-11 18:15:00.000000 UTC,20.4426322858
2022-11-11 18:16:00.000000 UTC,19.6108958198
2022-11-11 18:17:00.000000 UTC,18.7503714648
2022-11-11 18:18:00.000000 UTC,18.849021370400003
2022-11-11 18:19:00.000000 UTC,17.4391432286
2022-11-11 18:20:00.000000 UTC,17.1050705278
2022-11-11 18:21:00.000000 UTC,16.2134080534
2022-11-11 18:22:00.000000 UTC,16.2506629562
2022-11-11 18:23:00.000000 UTC,17.1078915444
2022-11-11 18:24:00.000000 UTC,17.739973184
2022-11-11 18:25:00.000000 UTC,16.3714193314
2022-11-11 18:26:00.000000 UTC,16.4654690616
2022-11-11 18:27:00.000000 UTC,17.608936350599997
2022-11-11 18:28:00.000000 UTC,17.280723117
2022-11-11 18:29:00.000000 UTC,15.988297168799999
2022-11-11 18:30:00.000000 UTC,17.069755274600002
2022-11-11 18:31:00.000000 UTC,18.148949634599997
2022-11-11 18:32:00.000000 UTC,17.901908867
2022-11-11 18:33:00.000000 UTC,17.1981835018
2022-11-11 18:34:00.000000 UTC,16.784091276
2022-11-11 18:35:00.000000 UTC,16.8524545215
2022-11-11 18:36:00.000000 UTC,17.653782603
2022-11-11 18:37:00.000000 UTC,17.191880413
2022-11-11 18:38:00.000000 UTC,19.7490922444
2022-11-11 18:39:00.000000 UTC,19.603420118
2022-11-11 18:40:00.000000 UTC,18.4760702248
2022-11-11 18:41:00.000000 UTC,17.750880013
2022-11-11 18:42:00.000000 UTC,18.2181203602
2022-11-11 18:43:00.000000 UTC,18.711525962
2022-11-11 18:44:00.000000 UTC,17.9485093338
2022-11-11 18:45:00.000000 UTC,17.042677736
2022-11-11 18:46:00.000000 UTC,16.3185803012
2022-11-11 18:47:00.000000 UTC,16.1726637964
2022-11-11 18:48:00.000000 UTC,16.500712573
2022-11-11 18:49:00.000000 UTC,18.0506331974
2022-11-11 18:50:00.000000 UTC,16.6908909366
2022-11-11 18:51:00.000000 UTC,16.60999588325
2022-11-11 18:52:00.000000 UTC,16.2523146488
2022-11-11 18:53:00.000000 UTC,15.515003268
2022-11-11 18:54:00.000000 UTC,15.60319115
2022-11-11 18:55:00.000000 UTC,15.807142147
2022-11-11 18:56:00.000000 UTC,15.5590114084
2022-11-11 18:57:00.000000 UTC,16.172115573
2022-11-11 18:58:00.000000 UTC,15.6685183162
2022-11-11 18:59:00.000000 UTC,15.09037108
2022-11-11 19:00:00.000000 UTC,16.75901829
2022-11-11 19:01:00.000000 UTC,19.7308797604
2022-11-11 19:02:00.000000 UTC,21.889204906
2022-11-11 19:03:00.000000 UTC,20.995716125
2022-11-11 19:04:00.000000 UTC,20.4666777548
2022-11-11 19:05:00.000000 UTC,18.956846544
2022-11-11 19:06:00.000000 UTC,18.481662525599997
2022-11-11 19:07:00.000000 UTC,19.0626702066
2022-11-11 19:08:00.000000 UTC,20.3685327262
2022-11-11 19:09:00.000000 UTC,23.6987381152
2022-11-11 19:10:00.000000 UTC,23.9474862668
2022-11-11 19:11:00.000000 UTC,27.3487006548
2022-11-11 19:12:00.000000 UTC,25.520560362
2022-11-11 19:13:00.000000 UTC,24.3098996338
2022-11-11 19:14:00.000000 UTC,22.4697113058
2022-11-11 19:15:00.000000 UTC,22.224831743
2022-11-11 19:16:00.000000 UTC,20.0841865546
2022-11-11 19:17:00.000000 UTC,19.3693611005
2022-11-11 19:18:00.000000 UTC,19.568460650200002
2022-11-11 19:19:00.000000 UTC,18.779028990599997
2022-11-11 19:20:00.000000 UTC,17.4726747594
2022-11-11 19:21:00.000000 UTC,17.120414143399998
2022-11-11 19:22:00.000000 UTC,18.3138975818
2022-11-11 19:23:00.000000 UTC,17.396713902400002
2022-11-11 19:24:00.000000 UTC,16.579498709
2022-11-11 19:25:00.000000 UTC,17.6694312324
2022-11-11 19:26:00.000000 UTC,17.9118629062
2022-11-11 19:27:00.000000 UTC,18.2147933104
2022-11-11 19:28:00.000000 UTC,19.045910105
2022-11-11 19:29:00.000000 UTC,17.778277005400003
2022-11-11 19:30:00.000000 UTC,19.2930261478
2022-11-11 19:31:00.000000 UTC,20.371878537
2022-11-11 19:32:00.000000 UTC,19.0555746316
2022-11-11 19:33:00.000000 UTC,20.077972684
2022-11-11 19:34:00.000000 UTC,19.6607851988
2022-11-11 19:35:00.000000 UTC,19.647807455
2022-11-11 19:36:00.000000 UTC,21.093161575
2022-11-11 19:37:00.000000 UTC,21.6089765052
2022-11-11 19:38:00.000000 UTC,20.851569702
2022-11-11 19:39:00.000000 UTC,20.560018674200002
2022-11-11 19:40:00.000000 UTC,21.78224650025
2022-11-11 19:41:00.000000 UTC,21.8675622088
2022-11-11 19:42:00.000000 UTC,21.8603643432
2022-11-11 19:43:00.000000 UTC,20.92365699
2022-11-11 19:44:00.000000 UTC,21.4317264158
2022-11-11 19:45:00.000000 UTC,20.644049068799998
2022-11-11 19:46:00.000000 UTC,22.5171639854
2022-11-11 19:47:00.000000 UTC,20.3149328252
2022-11-11 19:48:00.000000 UTC,19.492043666599997
2022-11-11 19:49:00.000000 UTC,17.8906227702
2022-11-11 19:50:00.000000 UTC,19.9826420655
2022-11-11 19:51:00.000000 UTC,19.2921431854
2022-11-11 19:52:00.000000 UTC,19.1185405566
2022-11-11 19:53:00.000000 UTC,18.5279004014
2022-11-11 19:54:00.000000 UTC,17.665305884200002
2022-11-11 19:55:00.000000 UTC,17.4742560492
2022-11-11 19:56:00.000000 UTC,18.0285835204
2022-11-11 19:57:00.000000 UTC,18.8397572454
2022-11-11 19:58:00.000000 UTC,19.059077223400003
2022-11-11 19:59:00.000000 UTC,20.2560339364
2022-11-11 20:00:00.000000 UTC,28.30286373875
2022-11-11 20:01:00.000000 UTC,35.062199384
2022-11-11 20:02:00.000000 UTC,31.4807548052
2022-11-11 20:03:00.000000 UTC,27.2815583008
2022-11-11 20:04:00.000000 UTC,24.1513373882
2022-11-11 20:05:00.000000 UTC,21.606768632799998
2022-11-11 20:06:00.000000 UTC,20.464270386400003
2022-11-11 20:07:00.000000 UTC,20.4837637648
2022-11-11 20:08:00.000000 UTC,19.6025222198
2022-11-11 20:09:00.000000 UTC,18.9864543562
2022-11-11 20:10:00.000000 UTC,18.753123354
2022-11-11 20:11:00.000000 UTC,18.736576709799998
2022-11-11 20:12:00.000000 UTC,18.6228977984
2022-11-11 20:13:00.000000 UTC,17.3273574082
2022-11-11 20:14:00.000000 UTC,16.9134863848
2022-11-11 20:15:00.000000 UTC,16.4209152812
2022-11-11 20:16:00.000000 UTC,16.9740013742
2022-11-11 20:17:00.000000 UTC,16.6430407774
2022-11-11 20:18:00.000000 UTC,16.126929959799998
2022-11-11 20:19:00.000000 UTC,15.370979012600001
2022-11-11 20:20:00.000000 UTC,15.4375071512
2022-11-11 20:21:00.000000 UTC,15.323862109799999
2022-11-11 20:22:00.000000 UTC,15.53086049
2022-11-11 20:23:00.000000 UTC,15.8990532856
2022-11-11 20:24:00.000000 UTC,16.9969682108
2022-11-11 20:25:00.000000 UTC,15.9899455126
2022-11-11 20:26:00.000000 UTC,16.237503024200002
2022-11-11 20:27:00.000000 UTC,14.8653061605
2022-11-11 20:28:00.000000 UTC,17.056365933
2022-11-11 20:29:00.000000 UTC,16.6830465542
2022-11-11 20:30:00.000000 UTC,17.4251057632
2022-11-11 20:31:00.000000 UTC,17.1791393554
2022-11-11 20:32:00.000000 UTC,16.0138671188
2022-11-11 20:33:00.000000 UTC,16.832903382799998
2022-11-11 20:34:00.000000 UTC,17.607126206
2022-11-11 20:35:00.000000 UTC,17.655629701400002
2022-11-11 20:36:00.000000 UTC,18.254330767400003
2022-11-11 20:37:00.000000 UTC,17.3167836976
2022-11-11 20:38:00.000000 UTC,16.8359056722
2022-11-11 20:39:00.000000 UTC,17.0530732752
2022-11-11 20:40:00.000000 UTC,20.950906635
2022-11-11 20:41:00.000000 UTC,20.0411813258
2022-11-11 20:42:00.000000 UTC,20.2875324962
2022-11-11 20:43:00.000000 UTC,19.652590298
2022-11-11 20:44:00.000000 UTC,18.970564569599997
2022-11-11 20:45:00.000000 UTC,17.544678427
2022-11-11 20:46:00.000000 UTC,17.4306906076
2022-11-11 20:47:00.000000 UTC,16.5642602544
2022-11-11 20:48:00.000000 UTC,16.2659042026
2022-11-11 20:49:00.000000 UTC,15.7366920946
2022-11-11 20:50:00.000000 UTC,15.461636435399999
2022-11-11 20:51:00.000000 UTC,15.055500218
2022-11-11 20:52:00.000000 UTC,14.955793856
2022-11-11 20:53:00.000000 UTC,14.6611660206
2022-11-11 20:54:00.000000 UTC,14.004724556
2022-11-11 20:55:00.000000 UTC,14.9447230986
2022-11-11 20:56:00.000000 UTC,14.4989208232
2022-11-11 20:57:00.000000 UTC,14.410571137
2022-11-11 20:58:00.000000 UTC,15.362624457799999
2022-11-11 20:59:00.000000 UTC,15.730180975200001
2022-11-11 21:00:00.000000 UTC,18.8363113264
2022-11-11 21:01:00.000000 UTC,21.929739351400002
2022-11-11 21:02:00.000000 UTC,27.56514889
2022-11-11 21:03:00.000000 UTC,28.077945095599997
2022-11-11 21:04:00.000000 UTC,24.751238631400003
2022-11-11 21:05:00.000000 UTC,22.753280863599997
2022-11-11 21:06:00.000000 UTC,23.3123894616
2022-11-11 21:07:00.000000 UTC,21.223682402
2022-11-11 21:08:00.000000 UTC,20.188860224400003
2022-11-11 21:09:00.000000 UTC,19.8161298998
2022-11-11 21:10:00.000000 UTC,20.206527861
2022-11-11 21:11:00.000000 UTC,18.2065125162
2022-11-11 21:12:00.000000 UTC,16.9371753966
2022-11-11 21:13:00.000000 UTC,16.1178781746
2022-11-11 21:14:00.000000 UTC,16.8767577538
2022-11-11 21:15:00.000000 UTC,18.0207733506
2022-11-11 21:16:00.000000 UTC,17.7067188568
2022-11-11 21:17:00.000000 UTC,16.1500839928
2022-11-11 21:18:00.000000 UTC,15.0895089466
2022-11-11 21:19:00.000000 UTC,14.8993122978
2022-11-11 21:20:00.000000 UTC,15.516441115
2022-11-11 21:21:00.000000 UTC,15.9308091286
2022-11-11 21:22:00.000000 UTC,17.468891937200002
2022-11-11 21:23:00.000000 UTC,18.591950704400002
2022-11-11 21:24:00.000000 UTC,17.6747481288
2022-11-11 21:25:00.000000 UTC,17.6827450974
2022-11-11 21:26:00.000000 UTC,16.442310587799998
2022-11-11 21:27:00.000000 UTC,17.012067085600002
2022-11-11 21:28:00.000000 UTC,16.5025697202
2022-11-11 21:29:00.000000 UTC,16.1029796486
2022-11-11 21:30:00.000000 UTC,16.972919958200002
2022-11-11 21:31:00.000000 UTC,17.342116487400002
2022-11-11 21:32:00.000000 UTC,16.7471222136
2022-11-11 21:33:00.000000 UTC,16.3112602422
2022-11-11 21:34:00.000000 UTC,15.1677602354
2022-11-11 21:35:00.000000 UTC,14.1826327616
2022-11-11 21:36:00.000000 UTC,14.643958298200001
2022-11-11 21:37:00.000000 UTC,14.8591617744
2022-11-11 21:38:00.000000 UTC,15.3677762424
2022-11-11 21:39:00.000000 UTC,14.781823397
2022-11-11 21:40:00.000000 UTC,14.4872133106
2022-11-11 21:41:00.000000 UTC,13.8208701096
2022-11-11 21:42:00.000000 UTC,15.113021512200001
2022-11-11 21:43:00.000000 UTC,14.984036577200001
2022-11-11 21:44:00.000000 UTC,14.319955563
2022-11-11 21:45:00.000000 UTC,14.934238004
2022-11-11 21:46:00.000000 UTC,14.779113780200001
2022-11-11 21:47:00.000000 UTC,14.0249992072
2022-11-11 21:48:00.000000 UTC,15.6792767444
2022-11-11 21:49:00.000000 UTC,15.0461012526
2022-11-11 21:50:00.000000 UTC,14.699911556
2022-11-11 21:51:00.000000 UTC,14.1284725448
2022-11-11 21:52:00.000000 UTC,14.515208067200001
2022-11-11 21:53:00.000000 UTC,14.472894797
2022-11-11 21:54:00.000000 UTC,14.4311853204
2022-11-11 21:55:00.000000 UTC,14.0268090922
2022-11-11 21:56:00.000000 UTC,15.2527967506
2022-11-11 21:57:00.000000 UTC,14.892791816
2022-11-11 21:58:00.000000 UTC,14.1514624868
2022-11-11 21:59:00.000000 UTC,13.273258704
2022-11-11 22:00:00.000000 UTC,15.474343485799999
2022-11-11 22:01:00.000000 UTC,14.775312581
2022-11-11 22:02:00.000000 UTC,15.9712262686
2022-11-11 22:03:00.000000 UTC,18.116843048
2022-11-11 22:04:00.000000 UTC,16.1014903584
2022-11-11 22:05:00.000000 UTC,15.2212757062
2022-11-11 22:06:00.000000 UTC,14.435199884600001
2022-11-11 22:07:00.000000 UTC,14.021658095
2022-11-11 22:08:00.000000 UTC,14.5907404076
2022-11-11 22:09:00.000000 UTC,14.035757133399999
2022-11-11 22:10:00.000000 UTC,14.315594605
2022-11-11 22:11:00.000000 UTC,15.4584122638
2022-11-11 22:12:00.000000 UTC,13.996561593600001
2022-11-11 22:13:00.000000 UTC,14.5535123708
2022-11-11 22:14:00.000000 UTC,14.2027822672
2022-11-11 22:15:00.000000 UTC,14.2468025714
2022-11-11 22:16:00.000000 UTC,14.5693641962
2022-11-11 22:17:00.000000 UTC,15.2337072684
2022-11-11 22:18:00.000000 UTC,15.9435002
2022-11-11 22:19:00.000000 UTC,15.1394307422
2022-11-11 22:20:00.000000 UTC,15.2392760166
2022-11-11 22:21:00.000000 UTC,13.809378487
2022-11-11 22:22:00.000000 UTC,14.2339489692
2022-11-11 22:23:00.000000 UTC,14.7941078276
2022-11-11 22:24:00.000000 UTC,14.6554163038
2022-11-11 22:25:00.000000 UTC,14.6914360742
2022-11-11 22:26:00.000000 UTC,14.1272870758
2022-11-11 22:27:00.000000 UTC,14.575776830799999
2022-11-11 22:28:00.000000 UTC,13.986640161799999
2022-11-11 22:29:00.000000 UTC,14.818880625
2022-11-11 22:30:00.000000 UTC,15.3059073198
2022-11-11 22:31:00.000000 UTC,15.094889423
2022-11-11 22:32:00.000000 UTC,14.8275120632
2022-11-11 22:33:00.000000 UTC,15.2000721024
2022-11-11 22:34:00.000000 UTC,14.795064743600001
2022-11-11 22:35:00.000000 UTC,14.298170019
2022-11-11 22:36:00.000000 UTC,14.409095624399999
2022-11-11 22:37:00.000000 UTC,14.4290627404
2022-11-11 22:38:00.000000 UTC,14.2980838164
2022-11-11 22:39:00.000000 UTC,14.4579170192
2022-11-11 22:40:00.000000 UTC,14.367286930799999
2022-11-11 22:41:00.000000 UTC,14.9471293816
2022-11-11 22:42:00.000000 UTC,14.3815339342
2022-11-11 22:43:00.000000 UTC,14.598139404200001
2022-11-11 22:44:00.000000 UTC,14.657262746399999
2022-11-11 22:45:00.000000 UTC,14.9456250556
2022-11-11 22:46:00.000000 UTC,14.9338380286
2022-11-11 22:47:00.000000 UTC,14.3750908998
2022-11-11 22:48:00.000000 UTC,14.2115493042
2022-11-11 22:49:00.000000 UTC,14.435195251200001
2022-11-11 22:50:00.000000 UTC,14.533752845799999
2022-11-11 22:51:00.000000 UTC,14.3190340642
2022-11-11 22:52:00.000000 UTC,14.093160585
2022-11-11 22:53:00.000000 UTC,14.382755369
2022-11-11 22:54:00.000000 UTC,14.410443301399999
2022-11-11 22:55:00.000000 UTC,14.721452712
2022-11-11 22:56:00.000000 UTC,16.56606248
2022-11-11 22:57:00.000000 UTC,19.760494566400002
2022-11-11 22:58:00.000000 UTC,18.701394906599997
2022-11-11 22:59:00.000000 UTC,18.57397699225
2022-11-11 23:00:00.000000 UTC,20.6071670904
2022-11-11 23:01:00.000000 UTC,19.201441979
2022-11-11 23:02:00.000000 UTC,22.6293015366
2022-11-11 23:03:00.000000 UTC,21.9380035148
2022-11-11 23:04:00.000000 UTC,19.746874196
2022-11-11 23:05:00.000000 UTC,18.5269650386
2022-11-11 23:06:00.000000 UTC,17.875040154599997
2022-11-11 23:07:00.000000 UTC,17.3575691438
2022-11-11 23:08:00.000000 UTC,17.34416367
2022-11-11 23:09:00.000000 UTC,17.245716678599997
2022-11-11 23:10:00.000000 UTC,17.1062116586
2022-11-11 23:11:00.000000 UTC,15.849983346799998
2022-11-11 23:12:00.000000 UTC,16.3973732316
2022-11-11 23:13:00.000000 UTC,16.591643941
2022-11-11 23:14:00.000000 UTC,17.4672312598
2022-11-11 23:15:00.000000 UTC,17.520034330599998
2022-11-11 23:16:00.000000 UTC,15.995203245399999
2022-11-11 23:17:00.000000 UTC,17.287789832
2022-11-11 23:18:00.000000 UTC,16.9118111594
2022-11-11 23:19:00.000000 UTC,15.3619308502
2022-11-11 23:20:00.000000 UTC,14.9685144194
2022-11-11 23:21:00.000000 UTC,14.304596766
2022-11-11 23:22:00.000000 UTC,14.202906972600001
2022-11-11 23:23:00.000000 UTC,13.9907605564
2022-11-11 23:24:00.000000 UTC,13.884520245
2022-11-11 23:25:00.000000 UTC,14.259952684
2022-11-11 23:26:00.000000 UTC,15.238940486399999
2022-11-11 23:27:00.000000 UTC,13.9290317036
2022-11-11 23:28:00.000000 UTC,15.1562901496
2022-11-11 23:29:00.000000 UTC,14.3595917534
2022-11-11 23:30:00.000000 UTC,15.5303024156
2022-11-11 23:31:00.000000 UTC,17.8415129464
2022-11-11 23:32:00.000000 UTC,18.080864511
2022-11-11 23:33:00.000000 UTC,19.236531512
2022-11-11 23:34:00.000000 UTC,17.7293826168
2022-11-11 23:35:00.000000 UTC,16.990947473600002
2022-11-11 23:36:00.000000 UTC,16.6917418635
2022-11-11 23:37:00.000000 UTC,18.1424660848
2022-11-11 23:38:00.000000 UTC,17.809602252799998
2022-11-11 23:39:00.000000 UTC,17.967186411
2022-11-11 23:40:00.000000 UTC,17.469520381400002
2022-11-11 23:41:00.000000 UTC,18.515314493
2022-11-11 23:42:00.000000 UTC,17.9391958646
2022-11-11 23:43:00.000000 UTC,18.143709682
2022-11-11 23:44:00.000000 UTC,18.053788403
2022-11-11 23:45:00.000000 UTC,16.998143507200002
2022-11-11 23:46:00.000000 UTC,16.2229087214
2022-11-11 23:47:00.000000 UTC,15.9608239782
2022-11-11 23:48:00.000000 UTC,15.929829958
2022-11-11 23:49:00.000000 UTC,15.527531884799998
2022-11-11 23:50:00.000000 UTC,14.8237065354
2022-11-11 23:51:00.000000 UTC,14.345820454
2022-11-11 23:52:00.000000 UTC,14.7340288528
2022-11-11 23:53:00.000000 UTC,14.875954420600001
2022-11-11 23:54:00.000000 UTC,14.79282923
2022-11-11 23:55:00.000000 UTC,15.063056254
2022-11-11 23:56:00.000000 UTC,14.157675128
2022-11-11 23:57:00.000000 UTC,14.7070687416
2022-11-11 23:58:00.000000 UTC,13.886406329200002
2022-11-11 23:59:00.000000 UTC,14.6867258398
2022-11-12 00:00:00.000000 UTC,15.883256800200002
2022-11-12 00:01:00.000000 UTC,16.363334955
2022-11-12 00:02:00.000000 UTC,15.6059884102
2022-11-12 00:03:00.000000 UTC,14.669368031200001
2022-11-12 00:04:00.000000 UTC,15.792322776
2022-11-12 00:05:00.000000 UTC,15.245416909200001
2022-11-12 00:06:00.000000 UTC,15.314419329200001
2022-11-12 00:07:00.000000 UTC,15.216296443
2022-11-12 00:08:00.000000 UTC,13.820710278
2022-11-12 00:09:00.000000 UTC,13.857973971200002
2022-11-12 00:10:00.000000 UTC,14.2760670054
2022-11-12 00:11:00.000000 UTC,14.1493959252
2022-11-12 00:12:00.000000 UTC,14.459372267
2022-11-12 00:13:00.000000 UTC,13.9780910874
2022-11-12 00:14:00.000000 UTC,14.261183791799999
2022-11-12 00:15:00.000000 UTC,14.7786991596
2022-11-12 00:16:00.000000 UTC,14.6042893934
2022-11-12 00:17:00.000000 UTC,14.1518882958
2022-11-12 00:18:00.000000 UTC,14.5478017766
2022-11-12 00:19:00.000000 UTC,14.221869386200002
2022-11-12 00:20:00.000000 UTC,14.552053860600001
2022-11-12 00:21:00.000000 UTC,14.7591564596
2022-11-12 00:22:00.000000 UTC,15.3143215236
2022-11-12 00:23:00.000000 UTC,14.4362124938
2022-11-12 00:24:00.000000 UTC,14.3129860692
2022-11-12 00:25:00.000000 UTC,13.9490810992
2022-11-12 00:26:00.000000 UTC,14.6825779466
2022-11-12 00:27:00.000000 UTC,15.0529464972
2022-11-12 00:28:00.000000 UTC,14.1062958102
2022-11-12 00:29:00.000000 UTC,14.2977297884
2022-11-12 00:30:00.000000 UTC,14.4634158368
2022-11-12 00:31:00.000000 UTC,14.7735938148
2022-11-12 00:32:00.000000 UTC,14.609315152
2022-11-12 00:33:00.000000 UTC,14.3011373488
2022-11-12 00:34:00.000000 UTC,14.4741145348
2022-11-12 00:35:00.000000 UTC,15.2192785906
2022-11-12 00:36:00.000000 UTC,14.9833294294
2022-11-12 00:37:00.000000 UTC,14.117443442
2022-11-12 00:38:00.000000 UTC,14.8704285136
2022-11-12 00:39:00.000000 UTC,13.882275171
2022-11-12 00:40:00.000000 UTC,17.205501995200002
2022-11-12 00:41:00.000000 UTC,17.0063241736
2022-11-12 00:42:00.000000 UTC,15.858471803799999
2022-11-12 00:43:00.000000 UTC,15.8010886914
2022-11-12 00:44:00.000000 UTC,15.6645690994
2022-11-12 00:45:00.000000 UTC,15.508674386
2022-11-12 00:46:00.000000 UTC,14.907403887
2022-11-12 00:47:00.000000 UTC,15.363747581799998
2022-11-12 00:48:00.000000 UTC,14.379368199
2022-11-12 00:49:00.000000 UTC,14.5857713906
2022-11-12 00:50:00.000000 UTC,15.4139472314
2022-11-12 00:51:00.000000 UTC,14.5462760536
2022-11-12 00:52:00.000000 UTC,14.8682749522
2022-11-12 00:53:00.000000 UTC,15.743496381
2022-11-12 00:54:00.000000 UTC,14.380896972799999
2022-11-12 00:55:00.000000 UTC,14.253960347
2022-11-12 00:56:00.000000 UTC,15.826226895
2022-11-12 00:57:00.000000 UTC,14.449144731799999
2022-11-12 00:58:00.000000 UTC,14.656736673
2022-11-12 00:59:00.000000 UTC,14.647024558
2022-11-12 01:00:00.000000 UTC,14.653000833
2022-11-12 01:01:00.000000 UTC,14.227652131200001
2022-11-12 01:02:00.000000 UTC,14.535141322200001
2022-11-12 01:03:00.000000 UTC,14.0516448978
2022-11-12 01:04:00.000000 UTC,14.5895433768
2022-11-12 01:05:00.000000 UTC,15.1979731696
2022-11-12 01:06:00.000000 UTC,14.657721281799999
2022-11-12 01:07:00.000000 UTC,14.510446387
2022-11-12 01:08:00.000000 UTC,15.6236673926
2022-11-12 01:09:00.000000 UTC,15.97492368
2022-11-12 01:10:00.000000 UTC,15.655885312
2022-11-12 01:11:00.000000 UTC,15.5514030584
2022-11-12 01:12:00.000000 UTC,16.1798887984
2022-11-12 01:13:00.000000 UTC,18.473402410200002
2022-11-12 01:14:00.000000 UTC,16.781363416799998
2022-11-12 01:15:00.000000 UTC,16.1897548894
2022-11-12 01:16:00.000000 UTC,15.407101490399999
2022-11-12 01:17:00.000000 UTC,15.0994309986
2022-11-12 01:18:00.000000 UTC,15.041587846799999
2022-11-12 01:19:00.000000 UTC,14.632525402799999
2022-11-12 01:20:00.000000 UTC,14.575136398
2022-11-12 01:21:00.000000 UTC,14.4302008072
2022-11-12 01:22:00.000000 UTC,14.444098069
2022-11-12 01:23:00.000000 UTC,14.2247185874
2022-11-12 01:24:00.000000 UTC,14.4469128082
2022-11-12 01:25:00.000000 UTC,14.5490145716
2022-11-12 01:26:00.000000 UTC,14.3996482944
2022-11-12 01:27:00.000000 UTC,14.068060929
2022-11-12 01:28:00.000000 UTC,14.78473278
2022-11-12 01:29:00.000000 UTC,14.521269059
2022-11-12 01:30:00.000000 UTC,14.4352372048
2022-11-12 01:31:00.000000 UTC,14.566103946799998
2022-11-12 01:32:00.000000 UTC,14.246168297399999
2022-11-12 01:33:00.000000 UTC,14.277850169
2022-11-12 01:34:00.000000 UTC,15.0637960438
2022-11-12 01:35:00.000000 UTC,14.33602236
2022-11-12 01:36:00.000000 UTC,14.8527119536
2022-11-12 01:37:00.000000 UTC,15.201009047200001
2022-11-12 01:38:00.000000 UTC,14.4052159758
2022-11-12 01:39:00.000000 UTC,14.034487824600001
2022-11-12 01:40:00.000000 UTC,14.3670350236
2022-11-12 01:41:00.000000 UTC,14.494631452799998
2022-11-12 01:42:00.000000 UTC,14.4421285914
2022-11-12 01:43:00.000000 UTC,14.361214458200001
2022-11-12 01:44:00.000000 UTC,14.403723746399999
2022-11-12 01:45:00.000000 UTC,14.302369951200001
2022-11-12 01:46:00.000000 UTC,14.830165320399999
2022-11-12 01:47:00.000000 UTC,14.414583018
2022-11-12 01:48:00.000000 UTC,14.708427647799999
2022-11-12 01:49:00.000000 UTC,14.174889153399999
2022-11-12 01:50:00.000000 UTC,14.9710574218
2022-11-12 01:51:00.000000 UTC,14.990783600799999
2022-11-12 01:52:00.000000 UTC,14.396846633
2022-11-12 01:53:00.000000 UTC,14.4923239564
2022-11-12 01:54:00.000000 UTC,13.8875265878
2022-11-12 01:55:00.000000 UTC,14.418117988799999
2022-11-12 01:56:00.000000 UTC,14.5195353296
2022-11-12 01:57:00.000000 UTC,13.9526000528
2022-11-12 01:58:00.000000 UTC,14.501801257799999
2022-11-12 01:59:00.000000 UTC,14.493961032
2022-11-12 02:00:00.000000 UTC,15.545910607
2022-11-12 02:01:00.000000 UTC,14.405740086
2022-11-12 02:02:00.000000 UTC,14.386891794
2022-11-12 02:03:00.000000 UTC,13.8352731036
2022-11-12 02:04:00.000000 UTC,14.3125731096
2022-11-12 02:05:00.000000 UTC,16.068631707
2022-11-12 02:06:00.000000 UTC,13.848825117
2022-11-12 02:07:00.000000 UTC,14.708453959200002
2022-11-12 02:08:00.000000 UTC,13.875925016
2022-11-12 02:09:00.000000 UTC,14.120410144
2022-11-12 02:10:00.000000 UTC,14.511962432399999
2022-11-12 02:11:00.000000 UTC,14.2119547378
2022-11-12 02:12:00.000000 UTC,14.369574474799998
2022-11-12 02:13:00.000000 UTC,14.4599961516
2022-11-12 02:14:00.000000 UTC,14.0700084034
2022-11-12 02:15:00.000000 UTC,14.6387749486
2022-11-12 02:16:00.000000 UTC,14.57061928
2022-11-12 02:17:00.000000 UTC,15.69597165
2022-11-12 02:18:00.000000 UTC,14.873731661
2022-11-12 02:19:00.000000 UTC,13.9875075696
2022-11-12 02:20:00.000000 UTC,14.379750898600001
2022-11-12 02:21:00.000000 UTC,14.0197615714
2022-11-12 02:22:00.000000 UTC,14.272373992799999
2022-11-12 02:23:00.000000 UTC,14.232042395799999
2022-11-12 02:24:00.000000 UTC,14.299992531
2022-11-12 02:25:00.000000 UTC,14.2165188878
2022-11-12 02:26:00.000000 UTC,14.3875249474
2022-11-12 02:27:00.000000 UTC,14.083251343399999
2022-11-12 02:28:00.000000 UTC,13.6889438048
2022-11-12 02:29:00.000000 UTC,13.752598026
2022-11-12 02:30:00.000000 UTC,15.061823935200001
2022-11-12 02:31:00.000000 UTC,15.3554776944
2022-11-12 02:32:00.000000 UTC,15.2684502348
2022-11-12 02:33:00.000000 UTC,14.1660454286
2022-11-12 02:34:00.000000 UTC,14.58049887875
2022-11-12 02:35:00.000000 UTC,14.2956459344
2022-11-12 02:36:00.000000 UTC,14.1398782872
2022-11-12 02:37:00.000000 UTC,13.8374634894
2022-11-12 02:38:00.000000 UTC,13.7822812452
2022-11-12 02:39:00.000000 UTC,13.8909508316
2022-11-12 02:40:00.000000 UTC,13.850567722
2022-11-12 02:41:00.000000 UTC,13.517535058
2022-11-12 02:42:00.000000 UTC,13.2402747116
2022-11-12 02:43:00.000000 UTC,13.715831842
2022-11-12 02:44:00.000000 UTC,13.7013064012
2022-11-12 02:45:00.000000 UTC,13.797915930799999
2022-11-12 02:46:00.000000 UTC,14.496093118200001
2022-11-12 02:47:00.000000 UTC,14.92055727925
2022-11-12 02:48:00.000000 UTC,14.2038435044
2022-11-12 02:49:00.000000 UTC,13.637703107
2022-11-12 02:50:00.000000 UTC,13.873911054799999
2022-11-12 02:51:00.000000 UTC,13.8479680262
2022-11-12 02:52:00.000000 UTC,14.079781409
2022-11-12 02:53:00.000000 UTC,16.9149839482
2022-11-12 02:54:00.000000 UTC,17.0090422764
2022-11-12 02:55:00.000000 UTC,18.073249274400002
2022-11-12 02:56:00.000000 UTC,18.869599642
2022-11-12 02:57:00.000000 UTC,16.544328421
2022-11-12 02:58:00.000000 UTC,15.9530591278
2022-11-12 02:59:00.000000 UTC,14.998717684
2022-11-12 03:00:00.000000 UTC,16.7456229852
2022-11-12 03:01:00.000000 UTC,21.3466896278
2022-11-12 03:02:00.000000 UTC,19.5603585128
2022-11-12 03:03:00.000000 UTC,16.771932714
2022-11-12 03:04:00.000000 UTC,15.3469072728
2022-11-12 03:05:00.000000 UTC,14.5995946126
2022-11-12 03:06:00.000000 UTC,14.4357823466
2022-11-12 03:07:00.000000 UTC,14.092604162799999
2022-11-12 03:08:00.000000 UTC,14.5350703774
2022-11-12 03:09:00.000000 UTC,14.6210443716
2022-11-12 03:10:00.000000 UTC,15.1588359634
2022-11-12 03:11:00.000000 UTC,16.924367875
2022-11-12 03:12:00.000000 UTC,17.204504605599997
2022-11-12 03:13:00.000000 UTC,16.716056129
2022-11-12 03:14:00.000000 UTC,14.561002799799999
2022-11-12 03:15:00.000000 UTC,13.634157452
2022-11-12 03:16:00.000000 UTC,14.2792510606
2022-11-12 03:17:00.000000 UTC,14.029032253
2022-11-12 03:18:00.000000 UTC,13.434451512
2022-11-12 03:19:00.000000 UTC,12.908175007399999
2022-11-12 03:20:00.000000 UTC,13.945921776
2022-11-12 03:21:00.000000 UTC,13.554621364399999
2022-11-12 03:22:00.000000 UTC,13.756504295
2022-11-12 03:23:00.000000 UTC,14.0361966906
2022-11-12 03:24:00.000000 UTC,16.207093608799997
2022-11-12 03:25:00.000000 UTC,15.752466235
2022-11-12 03:26:00.000000 UTC,16.0025992472
2022-11-12 03:27:00.000000 UTC,15.0426339396
2022-11-12 03:28:00.000000 UTC,14.485192635799999
2022-11-12 03:29:00.000000 UTC,13.2780486292
2022-11-12 03:30:00.000000 UTC,13.214688283
2022-11-12 03:31:00.000000 UTC,12.7563773928
2022-11-12 03:32:00.000000 UTC,13.5841117542
2022-11-12 03:33:00.000000 UTC,13.573025769200001
2022-11-12 03:34:00.000000 UTC,13.9589182496
2022-11-12 03:35:00.000000 UTC,12.9119896178
2022-11-12 03:36:00.000000 UTC,12.5523066644
2022-11-12 03:37:00.000000 UTC,13.035460644
2022-11-12 03:38:00.000000 UTC,13.6570367944
2022-11-12 03:39:00.000000 UTC,13.023928927
2022-11-12 03:40:00.000000 UTC,12.903850205200001
2022-11-12 03:41:00.000000 UTC,13.3774952364
2022-11-12 03:42:00.000000 UTC,13.2011579614
2022-11-12 03:43:00.000000 UTC,12.7770141484
2022-11-12 03:44:00.000000 UTC,12.7197989978
2022-11-12 03:45:00.000000 UTC,13.7313052716
2022-11-12 03:46:00.000000 UTC,14.0555376752
2022-11-12 03:47:00.000000 UTC,14.142254510799999
2022-11-12 03:48:00.000000 UTC,13.7745726238
2022-11-12 03:49:00.000000 UTC,13.457177924
2022-11-12 03:50:00.000000 UTC,12.9340886784
2022-11-12 03:51:00.000000 UTC,13.137277427399999
2022-11-12 03:52:00.000000 UTC,13.8086594865
2022-11-12 03:53:00.000000 UTC,13.5090776352
2022-11-12 03:54:00.000000 UTC,13.0920352232
2022-11-12 03:55:00.000000 UTC,13.4433455814
2022-11-12 03:56:00.000000 UTC,12.79821188
2022-11-12 03:57:00.000000 UTC,14.789754503200001
2022-11-12 03:58:00.000000 UTC,14.207546731399999
2022-11-12 03:59:00.000000 UTC,14.1004357412
2022-11-12 04:00:00.000000 UTC,20.0360851014
2022-11-12 04:01:00.000000 UTC,25.697464496200002
2022-11-12 04:02:00.000000 UTC,25.7392435814
2022-11-12 04:03:00.000000 UTC,24.874749785400002
2022-11-12 04:04:00.000000 UTC,22.711272344799998
2022-11-12 04:05:00.000000 UTC,22.40992587825
2022-11-12 04:06:00.000000 UTC,21.4465348966
2022-11-12 04:07:00.000000 UTC,23.3725986288
2022-11-12 04:08:00.000000 UTC,20.6756693046
2022-11-12 04:09:00.000000 UTC,19.702798805
2022-11-12 04:10:00.000000 UTC,18.6356004656
2022-11-12 04:11:00.000000 UTC,18.8418189432
2022-11-12 04:12:00.000000 UTC,18.720629891799998
2022-11-12 04:13:00.000000 UTC,17.630156322799998
2022-11-12 04:14:00.000000 UTC,16.542239598600002
2022-11-12 04:15:00.000000 UTC,16.0084671398
2022-11-12 04:16:00.000000 UTC,15.5796500108
2022-11-12 04:17:00.000000 UTC,16.2380312984
2022-11-12 04:18:00.000000 UTC,20.112159987200002
2022-11-12 04:19:00.000000 UTC,23.5583487396
2022-11-12 04:20:00.000000 UTC,33.5475108182
2022-11-12 04:21:00.000000 UTC,33.345513735
2022-11-12 04:22:00.000000 UTC,36.4365888648
2022-11-12 04:23:00.000000 UTC,56.642984899199995
2022-11-12 04:24:00.000000 UTC,52.5795707996
2022-11-12 04:25:00.000000 UTC,45.23578882025
2022-11-12 04:26:00.000000 UTC,43.772935315
2022-11-12 04:27:00.000000 UTC,38.9550163684
2022-11-12 04:28:00.000000 UTC,35.1614526436
2022-11-12 04:29:00.000000 UTC,31.4494647288
2022-11-12 04:30:00.000000 UTC,28.3557106918
2022-11-12 04:31:00.000000 UTC,25.296456848200002
2022-11-12 04:32:00.000000 UTC,22.054827622
2022-11-12 04:33:00.000000 UTC,19.991060654200002
2022-11-12 04:34:00.000000 UTC,20.0666082192
2022-11-12 04:35:00.000000 UTC,19.252274334
2022-11-12 04:36:00.000000 UTC,18.429300640599998
2022-11-12 04:37:00.000000 UTC,17.080991087799998
2022-11-12 04:38:00.000000 UTC,15.32520728625
2022-11-12 04:39:00.000000 UTC,17.05136658075
2022-11-12 04:40:00.000000 UTC,15.302472008799999
2022-11-12 04:41:00.000000 UTC,14.6415850596
2022-11-12 04:42:00.000000 UTC,14.785091925
2022-11-12 04:43:00.000000 UTC,14.727476565
2022-11-12 04:44:00.000000 UTC,15.4665941042
2022-11-12 04:45:00.000000 UTC,14.5990894358
2022-11-12 04:46:00.000000 UTC,15.029372199
2022-11-12 04:47:00.000000 UTC,15.122108548
2022-11-12 04:48:00.000000 UTC,14.888861897
2022-11-12 04:49:00.000000 UTC,14.2326262646
2022-11-12 04:50:00.000000 UTC,13.3747213946
2022-11-12 04:51:00.000000 UTC,14.0400677354
2022-11-12 04:52:00.000000 UTC,14.845093991
2022-11-12 04:53:00.000000 UTC,14.2081798526
2022-11-12 04:54:00.000000 UTC,14.8060033058
2022-11-12 04:55:00.000000 UTC,14.171470036799999
2022-11-12 04:56:00.000000 UTC,14.064167819
2022-11-12 04:57:00.000000 UTC,14.2644754702
2022-11-12 04:58:00.000000 UTC,14.149694091
2022-11-12 04:59:00.000000 UTC,13.9876069198
2022-11-12 05:00:00.000000 UTC,15.672745708799999
2022-11-12 05:01:00.000000 UTC,15.156034693
2022-11-12 05:02:00.000000 UTC,14.6966247324
2022-11-12 05:03:00.000000 UTC,14.1545149116
2022-11-12 05:04:00.000000 UTC,15.986351635
2022-11-12 05:05:00.000000 UTC,15.065888375799998
2022-11-12 05:06:00.000000 UTC,14.552854173
2022-11-12 05:07:00.000000 UTC,14.6318197702
2022-11-12 05:08:00.000000 UTC,15.092997586600001
2022-11-12 05:09:00.000000 UTC,14.740259254
2022-11-12 05:10:00.000000 UTC,13.934225243
2022-11-12 05:11:00.000000 UTC,13.848775887
2022-11-12 05:12:00.000000 UTC,14.213048026
2022-11-12 05:13:00.000000 UTC,14.839504229600001
2022-11-12 05:14:00.000000 UTC,15.0796313416
2022-11-12 05:15:00.000000 UTC,14.9414199174
2022-11-12 05:16:00.000000 UTC,14.7483257734
2022-11-12 05:17:00.000000 UTC,14.3973260194
2022-11-12 05:18:00.000000 UTC,14.742298527200001
2022-11-12 05:19:00.000000 UTC,14.595114852
2022-11-12 05:20:00.000000 UTC,14.2252793118
2022-11-12 05:21:00.000000 UTC,13.934010383799999
2022-11-12 05:22:00.000000 UTC,13.575329973
2022-11-12 05:23:00.000000 UTC,14.6735047564
2022-11-12 05:24:00.000000 UTC,13.526099117
2022-11-12 05:25:00.000000 UTC,14.5866947802
2022-11-12 05:26:00.000000 UTC,13.567465767
2022-11-12 05:27:00.000000 UTC,14.1217872662
2022-11-12 05:28:00.000000 UTC,14.6398237552
2022-11-12 05:29:00.000000 UTC,14.68258941825
2022-11-12 05:30:00.000000 UTC,14.8039316024
2022-11-12 05:31:00.000000 UTC,18.107029152400003
2022-11-12 05:32:00.000000 UTC,25.909444717
2022-11-12 05:33:00.000000 UTC,25.159445434400002
2022-11-12 05:34:00.000000 UTC,21.819360598400003
2022-11-12 05:35:00.000000 UTC,18.997339139599998
2022-11-12 05:36:00.000000 UTC,17.988504639
2022-11-12 05:37:00.000000 UTC,15.554739445
2022-11-12 05:38:00.000000 UTC,14.6430529096
2022-11-12 05:39:00.000000 UTC,13.8430060874
2022-11-12 05:40:00.000000 UTC,13.7791378018
2022-11-12 05:41:00.000000 UTC,14.286305869
2022-11-12 05:42:00.000000 UTC,13.5626360724
2022-11-12 05:43:00.000000 UTC,13.501580473
2022-11-12 05:44:00.000000 UTC,13.3640657674
2022-11-12 05:45:00.000000 UTC,14.673198178
2022-11-12 05:46:00.000000 UTC,14.5560377476
2022-11-12 05:47:00.000000 UTC,14.2309331916
2022-11-12 05:48:00.000000 UTC,14.9675644284
2022-11-12 05:49:00.000000 UTC,15.492467914799999
2022-11-12 05:50:00.000000 UTC,14.527740746200001
2022-11-12 05:51:00.000000 UTC,13.858653978
2022-11-12 05:52:00.000000 UTC,13.967651076
2022-11-12 05:53:00.000000 UTC,14.663720286799999
2022-11-12 05:54:00.000000 UTC,13.7886925208
2022-11-12 05:55:00.000000 UTC,14.4244119974
2022-11-12 05:56:00.000000 UTC,14.2518572654
2022-11-12 05:57:00.000000 UTC,14.013553073799999
2022-11-12 05:58:00.000000 UTC,13.867276636200002
2022-11-12 05:59:00.000000 UTC,14.0746076876
2022-11-12 06:00:00.000000 UTC,14.1975898294
2022-11-12 06:01:00.000000 UTC,14.3135123606
2022-11-12 06:02:00.000000 UTC,13.9208567426
2022-11-12 06:03:00.000000 UTC,15.4855268275
2022-11-12 06:04:00.000000 UTC,14.984941008200002
2022-11-12 06:05:00.000000 UTC,14.8348649236
2022-11-12 06:06:00.000000 UTC,22.8968027868
2022-11-12 06:07:00.000000 UTC,22.8699209848
2022-11-12 06:08:00.000000 UTC,19.353107610200002
2022-11-12 06:09:00.000000 UTC,16.5019937976
2022-11-12 06:10:00.000000 UTC,15.1769916964
2022-11-12 06:11:00.000000 UTC,14.6604664794
2022-11-12 06:12:00.000000 UTC,14.5011813094
2022-11-12 06:13:00.000000 UTC,14.8055287702
2022-11-12 06:14:00.000000 UTC,14.567375317
2022-11-12 06:15:00.000000 UTC,14.3146851866
2022-11-12 06:16:00.000000 UTC,15.052629825
2022-11-12 06:17:00.000000 UTC,14.4578734162
2022-11-12 06:18:00.000000 UTC,16.187415453
2022-11-12 06:19:00.000000 UTC,15.4594217216
2022-11-12 06:20:00.000000 UTC,14.5664164216
2022-11-12 06:21:00.000000 UTC,14.857252878799999
2022-11-12 06:22:00.000000 UTC,14.5222118694
2022-11-12 06:23:00.000000 UTC,13.972471759600001
2022-11-12 06:24:00.000000 UTC,20.254542784799998
2022-11-12 06:25:00.000000 UTC,28.7327251766
2022-11-12 06:26:00.000000 UTC,23.6824133452
2022-11-12 06:27:00.000000 UTC,21.0351812206
2022-11-12 06:28:00.000000 UTC,20.401945400400002
2022-11-12 06:29:00.000000 UTC,21.695172742
2022-11-12 06:30:00.000000 UTC,21.3564756598
2022-11-12 06:31:00.000000 UTC,24.8316182872
2022-11-12 06:32:00.000000 UTC,22.4339430836
2022-11-12 06:33:00.000000 UTC,23.431432799
2022-11-12 06:34:00.000000 UTC,36.4081794188
2022-11-12 06:35:00.000000 UTC,38.3697412362
2022-11-12 06:36:00.000000 UTC,37.493010307800006
2022-11-12 06:37:00.000000 UTC,32.9294848422
2022-11-12 06:38:00.000000 UTC,28.6519007342
2022-11-12 06:39:00.000000 UTC,29.5068028002
2022-11-12 06:40:00.000000 UTC,31.772181166
2022-11-12 06:41:00.000000 UTC,27.7926030446
2022-11-12 06:42:00.000000 UTC,24.100604684
2022-11-12 06:43:00.000000 UTC,21.0261168366
2022-11-12 06:44:00.000000 UTC,20.3322741494
2022-11-12 06:45:00.000000 UTC,20.097646939
2022-11-12 06:46:00.000000 UTC,19.7316147218
2022-11-12 06:47:00.000000 UTC,18.3651255946
2022-11-12 06:48:00.000000 UTC,17.7933528676
2022-11-12 06:49:00.000000 UTC,16.4000452802
2022-11-12 06:50:00.000000 UTC,15.9553829128
2022-11-12 06:51:00.000000 UTC,14.383908999600001
2022-11-12 06:52:00.000000 UTC,15.293265182
2022-11-12 06:53:00.000000 UTC,15.829419982600001
2022-11-12 06:54:00.000000 UTC,15.0160863074
2022-11-12 06:55:00.000000 UTC,15.3759584522
2022-11-12 06:56:00.000000 UTC,14.7648306778
2022-11-12 06:57:00.000000 UTC,14.6672693636
2022-11-12 06:58:00.000000 UTC,14.62677511525
2022-11-12 06:59:00.000000 UTC,14.007368328799998
2022-11-12 07:00:00.000000 UTC,13.711374531399999
2022-11-12 07:01:00.000000 UTC,13.6746871998
2022-11-12 07:02:00.000000 UTC,13.2631460632
2022-11-12 07:03:00.000000 UTC,13.908960388399999
2022-11-12 07:04:00.000000 UTC,14.5541938936
2022-11-12 07:05:00.000000 UTC,15.0783890286
2022-11-12 07:06:00.000000 UTC,15.61675116525
2022-11-12 07:07:00.000000 UTC,14.867297287200001
2022-11-12 07:08:00.000000 UTC,14.151456009799999
2022-11-12 07:09:00.000000 UTC,13.3214473386
2022-11-12 07:10:00.000000 UTC,14.7539163298
2022-11-12 07:11:00.000000 UTC,13.2828869524
2022-11-12 07:12:00.000000 UTC,15.048715444399999
2022-11-12 07:13:00.000000 UTC,15.1357807216
2022-11-12 07:14:00.000000 UTC,14.516402493
2022-11-12 07:15:00.000000 UTC,14.110551612799998
2022-11-12 07:16:00.000000 UTC,14.398084226
2022-11-12 07:17:00.000000 UTC,13.7582382966
2022-11-12 07:18:00.000000 UTC,14.0180817408
2022-11-12 07:19:00.000000 UTC,14.194911944600001
2022-11-12 07:20:00.000000 UTC,14.6118336504
2022-11-12 07:21:00.000000 UTC,13.536750131200002
2022-11-12 07:22:00.000000 UTC,14.5818442746
2022-11-12 07:23:00.000000 UTC,13.6015602798
2022-11-12 07:24:00.000000 UTC,15.752077224799999
2022-11-12 07:25:00.000000 UTC,14.6514741818
2022-11-12 07:26:00.000000 UTC,14.0666535982
2022-11-12 07:27:00.000000 UTC,13.5046459266
2022-11-12 07:28:00.000000 UTC,13.8991154214
2022-11-12 07:29:00.000000 UTC,15.1498403528
2022-11-12 07:30:00.000000 UTC,16.903331255799998
2022-11-12 07:31:00.000000 UTC,16.3274310836
2022-11-12 07:32:00.000000 UTC,15.6158029244
2022-11-12 07:33:00.000000 UTC,14.8240468668
2022-11-12 07:34:00.000000 UTC,16.526037272
2022-11-12 07:35:00.000000 UTC,16.6708414654
2022-11-12 07:36:00.000000 UTC,13.9994540344
2022-11-12 07:37:00.000000 UTC,13.649898363799998
2022-11-12 07:38:00.000000 UTC,13.881010723200001
2022-11-12 07:39:00.000000 UTC,14.1397408252
2022-11-12 07:40:00.000000 UTC,14.7675542192
2022-11-12 07:41:00.000000 UTC,14.593252157
2022-11-12 07:42:00.000000 UTC,13.6380229994
2022-11-12 07:43:00.000000 UTC,13.687265899200002
2022-11-12 07:44:00.000000 UTC,13.661215647399999
2022-11-12 07:45:00.000000 UTC,13.2753608462
2022-11-12 07:46:00.000000 UTC,13.6144736964
2022-11-12 07:47:00.000000 UTC,13.5577070386
2022-11-12 07:48:00.000000 UTC,13.233930900799999
2022-11-12 07:49:00.000000 UTC,14.5295286122
2022-11-12 07:50:00.000000 UTC,14.1182067626
2022-11-12 07:51:00.000000 UTC,13.326092282600001
2022-11-12 07:52:00.000000 UTC,14.7806071326
2022-11-12 07:53:00.000000 UTC,14.1265079608
2022-11-12 07:54:00.000000 UTC,14.9690024642
2022-11-12 07:55:00.000000 UTC,14.0374141956
2022-11-12 07:56:00.000000 UTC,13.839965258
2022-11-12 07:57:00.000000 UTC,13.6515552584
2022-11-12 07:58:00.000000 UTC,13.407802205
2022-11-12 07:59:00.000000 UTC,13.995020357
2022-11-12 08:00:00.000000 UTC,13.871809954
2022-11-12 08:01:00.000000 UTC,13.8767573074
2022-11-12 08:02:00.000000 UTC,13.941185414
2022-11-12 08:03:00.000000 UTC,13.5547148634
2022-11-12 08:04:00.000000 UTC,14.3463492098
2022-11-12 08:05:00.000000 UTC,13.6015454008
2022-11-12 08:06:00.000000 UTC,13.997115630200001
2022-11-12 08:07:00.000000 UTC,13.7055665434
2022-11-12 08:08:00.000000 UTC,14.100328941799999
2022-11-12 08:09:00.000000 UTC,13.3240882416
2022-11-12 08:10:00.000000 UTC,13.6569942074
2022-11-12 08:11:00.000000 UTC,13.9449355076
2022-11-12 08:12:00.000000 UTC,13.2707316814
2022-11-12 08:13:00.000000 UTC,13.315426377
2022-11-12 08:14:00.000000 UTC,14.1210303406
2022-11-12 08:15:00.000000 UTC,13.432048219799999
2022-11-12 08:16:00.000000 UTC,13.6219974468
2022-11-12 08:17:00.000000 UTC,15.8211681126
2022-11-12 08:18:00.000000 UTC,17.3010993885
2022-11-12 08:19:00.000000 UTC,18.400333915599997
2022-11-12 08:20:00.000000 UTC,17.7442011568
2022-11-12 08:21:00.000000 UTC,17.61180952
2022-11-12 08:22:00.000000 UTC,18.120871589
2022-11-12 08:23:00.000000 UTC,17.6153383712
2022-11-12 08:24:00.000000 UTC,17.187127213
2022-11-12 08:25:00.000000 UTC,14.4649665102
2022-11-12 08:26:00.000000 UTC,14.6799864352
2022-11-12 08:27:00.000000 UTC,14.5220812634
2022-11-12 08:28:00.000000 UTC,16.3458472198
2022-11-12 08:29:00.000000 UTC,17.8618285618
2022-11-12 08:30:00.000000 UTC,17.865267824
2022-11-12 08:31:00.000000 UTC,18.0147428458
2022-11-12 08:32:00.000000 UTC,18.1880898024
2022-11-12 08:33:00.000000 UTC,17.3922252362
2022-11-12 08:34:00.000000 UTC,17.1990367672
2022-11-12 08:35:00.000000 UTC,15.051342313
2022-11-12 08:36:00.000000 UTC,13.850146727
2022-11-12 08:37:00.000000 UTC,14.8194855126
2022-11-12 08:38:00.000000 UTC,15.2439478498
2022-11-12 08:39:00.000000 UTC,13.9579762324
2022-11-12 08:40:00.000000 UTC,14.7226859464
2022-11-12 08:41:00.000000 UTC,13.4211638766
2022-11-12 08:42:00.000000 UTC,13.6289103686
2022-11-12 08:43:00.000000 UTC,13.8155554254
2022-11-12 08:44:00.000000 UTC,13.561625074
2022-11-12 08:45:00.000000 UTC,14.1489598044
2022-11-12 08:46:00.000000 UTC,13.822796236799999
2022-11-12 08:47:00.000000 UTC,13.842790027200001
2022-11-12 08:48:00.000000 UTC,13.677788565
2022-11-12 08:49:00.000000 UTC,13.3632212008
2022-11-12 08:50:00.000000 UTC,13.330606428
2022-11-12 08:51:00.000000 UTC,13.120623393799999
2022-11-12 08:52:00.000000 UTC,13.4289669306
2022-11-12 08:53:00.000000 UTC,13.0005590718
2022-11-12 08:54:00.000000 UTC,13.254403066
2022-11-12 08:55:00.000000 UTC,12.6183676536
2022-11-12 08:56:00.000000 UTC,12.854758578
2022-11-12 08:57:00.000000 UTC,13.882183813
2022-11-12 08:58:00.000000 UTC,13.3225547228
2022-11-12 08:59:00.000000 UTC,13.3808995394
2022-11-12 09:00:00.000000 UTC,13.7337662746
2022-11-12 09:01:00.000000 UTC,13.977431999799999
2022-11-12 09:02:00.000000 UTC,13.6106219658
2022-11-12 09:03:00.000000 UTC,13.535952667
2022-11-12 09:04:00.000000 UTC,13.833513549
2022-11-12 09:05:00.000000 UTC,15.4014564704
2022-11-12 09:06:00.000000 UTC,15.957013524799999
2022-11-12 09:07:00.000000 UTC,16.0818431914
2022-11-12 09:08:00.000000 UTC,15.5022954476
2022-11-12 09:09:00.000000 UTC,16.1342536366
2022-11-12 09:10:00.000000 UTC,15.873999534
2022-11-12 09:11:00.000000 UTC,15.156789057200001
2022-11-12 09:12:00.000000 UTC,14.7994900624
2022-11-12 09:13:00.000000 UTC,14.147154805200001
2022-11-12 09:14:00.000000 UTC,13.529183957
2022-11-12 09:15:00.000000 UTC,13.5974183802
2022-11-12 09:16:00.000000 UTC,13.2787385228
2022-11-12 09:17:00.000000 UTC,13.0153245726
2022-11-12 09:18:00.000000 UTC,13.602659332
2022-11-12 09:19:00.000000 UTC,12.801789798
2022-11-12 09:20:00.000000 UTC,13.2632828994
2022-11-12 09:21:00.000000 UTC,14.1639295904
2022-11-12 09:22:00.000000 UTC,13.4929854896
2022-11-12 09:23:00.000000 UTC,13.259197525200001
2022-11-12 09:24:00.000000 UTC,14.3966770326
2022-11-12 09:25:00.000000 UTC,15.107989826399999
2022-11-12 09:26:00.000000 UTC,14.671441788600001
2022-11-12 09:27:00.000000 UTC,14.472397460200002
2022-11-12 09:28:00.000000 UTC,13.7396404698
2022-11-12 09:29:00.000000 UTC,13.337493857799998
2022-11-12 09:30:00.000000 UTC,13.9770766082
2022-11-12 09:31:00.000000 UTC,13.1619269888
2022-11-12 09:32:00.000000 UTC,12.759254763
2022-11-12 09:33:00.000000 UTC,12.6911113522
2022-11-12 09:34:00.000000 UTC,13.120818933399999
2022-11-12 09:35:00.000000 UTC,13.31480693
2022-11-12 09:36:00.000000 UTC,14.165648487799999
2022-11-12 09:37:00.000000 UTC,14.722691934
2022-11-12 09:38:00.000000 UTC,13.773859928
2022-11-12 09:39:00.000000 UTC,12.312387145
2022-11-12 09:40:00.000000 UTC,12.877034459799999
2022-11-12 09:41:00.000000 UTC,13.3258633252
2022-11-12 09:42:00.000000 UTC,13.6110835124
2022-11-12 09:43:00.000000 UTC,15.2616430938
2022-11-12 09:44:00.000000 UTC,13.299779664
2022-11-12 09:45:00.000000 UTC,14.771602292399999
2022-11-12 09:46:00.000000 UTC,15.286207892
2022-11-12 09:47:00.000000 UTC,15.516516620600001
2022-11-12 09:48:00.000000 UTC,15.146563665799999
2022-11-12 09:49:00.000000 UTC,14.967116551
2022-11-12 09:50:00.000000 UTC,15.107341057200001
2022-11-12 09:51:00.000000 UTC,15.66760454
2022-11-12 09:52:00.000000 UTC,14.842387033200001
2022-11-12 09:53:00.000000 UTC,15.265617215799999
2022-11-12 09:54:00.000000 UTC,15.7582622604
2022-11-12 09:55:00.000000 UTC,15.097654177799999
2022-11-12 09:56:00.000000 UTC,15.756062477
2022-11-12 09:57:00.000000 UTC,15.418474439399999
2022-11-12 09:58:00.000000 UTC,15.5174618372
2022-11-12 09:59:00.000000 UTC,15.1025768906
2022-11-12 10:00:00.000000 UTC,16.724732537799998
2022-11-12 10:01:00.000000 UTC,15.5073498942
2022-11-12 10:02:00.000000 UTC,14.671765469799999
2022-11-12 10:03:00.000000 UTC,15.3822871526
2022-11-12 10:04:00.000000 UTC,15.060600603
2022-11-12 10:05:00.000000 UTC,15.2369559196
2022-11-12 10:06:00.000000 UTC,14.4146732478
2022-11-12 10:07:00.000000 UTC,14.3499133222
2022-11-12 10:08:00.000000 UTC,13.7156105576
2022-11-12 10:09:00.000000 UTC,12.9127366656
2022-11-12 10:10:00.000000 UTC,13.4843168148
2022-11-12 10:11:00.000000 UTC,13.6312919994
2022-11-12 10:12:00.000000 UTC,13.5269505448
2022-11-12 10:13:00.000000 UTC,13.272085366399999
2022-11-12 10:14:00.000000 UTC,13.117577198600001
2022-11-12 10:15:00.000000 UTC,13.198212323
2022-11-12 10:16:00.000000 UTC,14.277905292
2022-11-12 10:17:00.000000 UTC,14.005597913399999
2022-11-12 10:18:00.000000 UTC,13.2351199006
2022-11-12 10:19:00.000000 UTC,12.100870999
2022-11-12 10:20:00.000000 UTC,12.8298775022
2022-11-12 10:21:00.000000 UTC,12.304379364799999
2022-11-12 10:22:00.000000 UTC,13.2217740526
2022-11-12 10:23:00.000000 UTC,13.166866738200001
2022-11-12 10:24:00.000000 UTC,12.6879324976
2022-11-12 10:25:00.000000 UTC,12.543603212399999
2022-11-12 10:26:00.000000 UTC,12.510447829799999
2022-11-12 10:27:00.000000 UTC,12.6697890326
2022-11-12 10:28:00.000000 UTC,12.1123502336
2022-11-12 10:29:00.000000 UTC,12.973634214
2022-11-12 10:30:00.000000 UTC,13.3538882376
2022-11-12 10:31:00.000000 UTC,14.500555956200001
2022-11-12 10:32:00.000000 UTC,13.4092705714
2022-11-12 10:33:00.000000 UTC,13.3673465442
2022-11-12 10:34:00.000000 UTC,13.239745712200001
2022-11-12 10:35:00.000000 UTC,12.837632108600001
2022-11-12 10:36:00.000000 UTC,12.624199549
2022-11-12 10:37:00.000000 UTC,13.227453323399999
2022-11-12 10:38:00.000000 UTC,13.5213496086
2022-11-12 10:39:00.000000 UTC,13.353271808399999
2022-11-12 10:40:00.000000 UTC,13.6621030558
2022-11-12 10:41:00.000000 UTC,13.2608986538
2022-11-12 10:42:00.000000 UTC,13.3405991598
2022-11-12 10:43:00.000000 UTC,12.9969815624
2022-11-12 10:44:00.000000 UTC,13.610432141799999
2022-11-12 10:45:00.000000 UTC,12.227047577
2022-11-12 10:46:00.000000 UTC,12.1676452412
2022-11-12 10:47:00.000000 UTC,13.2059273914
2022-11-12 10:48:00.000000 UTC,13.022827244
2022-11-12 10:49:00.000000 UTC,13.0915811112
2022-11-12 10:50:00.000000 UTC,12.8060748454
2022-11-12 10:51:00.000000 UTC,12.5169906296
2022-11-12 10:52:00.000000 UTC,12.6263139684
2022-11-12 10:53:00.000000 UTC,12.161280886799998
2022-11-12 10:54:00.000000 UTC,11.976487291
2022-11-12 10:55:00.000000 UTC,12.7031466936
2022-11-12 10:56:00.000000 UTC,12.4524844272
2022-11-12 10:57:00.000000 UTC,13.241639569
2022-11-12 10:58:00.000000 UTC,13.158109917600001
2022-11-12 10:59:00.000000 UTC,13.0219256654
2022-11-12 11:00:00.000000 UTC,12.927969282
2022-11-12 11:01:00.000000 UTC,13.5861840732
2022-11-12 11:02:00.000000 UTC,13.1882189744
2022-11-12 11:03:00.000000 UTC,13.6000346126
2022-11-12 11:04:00.000000 UTC,14.0336300372
2022-11-12 11:05:00.000000 UTC,13.003890608
2022-11-12 11:06:00.000000 UTC,13.0821031194
2022-11-12 11:07:00.000000 UTC,13.356328355799999
2022-11-12 11:08:00.000000 UTC,12.676521045
2022-11-12 11:09:00.000000 UTC,12.5058929048
2022-11-12 11:10:00.000000 UTC,13.5875701296
2022-11-12 11:11:00.000000 UTC,12.669286096
2022-11-12 11:12:00.000000 UTC,13.4052610566
2022-11-12 11:13:00.000000 UTC,14.014997925200001
2022-11-12 11:14:00.000000 UTC,13.3169049146
2022-11-12 11:15:00.000000 UTC,13.1886586702
2022-11-12 11:16:00.000000 UTC,12.8978435718
2022-11-12 11:17:00.000000 UTC,13.373013541799999
2022-11-12 11:18:00.000000 UTC,14.3132830722
2022-11-12 11:19:00.000000 UTC,13.4746542864
2022-11-12 11:20:00.000000 UTC,13.778788369399999
2022-11-12 11:21:00.000000 UTC,14.0412970614
2022-11-12 11:22:00.000000 UTC,14.5688628846
2022-11-12 11:23:00.000000 UTC,14.459135488
2022-11-12 11:24:00.000000 UTC,13.7819513864
2022-11-12 11:25:00.000000 UTC,13.888473767
2022-11-12 11:26:00.000000 UTC,14.013144232
2022-11-12 11:27:00.000000 UTC,14.087857654
2022-11-12 11:28:00.000000 UTC,13.901120426
2022-11-12 11:29:00.000000 UTC,13.7633464906
2022-11-12 11:30:00.000000 UTC,13.8044957256
2022-11-12 11:31:00.000000 UTC,13.9557189926
2022-11-12 11:32:00.000000 UTC,15.2470306242
2022-11-12 11:33:00.000000 UTC,15.798554847799998
2022-11-12 11:34:00.000000 UTC,13.6278579138
2022-11-12 11:35:00.000000 UTC,13.7994915292
2022-11-12 11:36:00.000000 UTC,14.1494737486
2022-11-12 11:37:00.000000 UTC,13.829280435600001
2022-11-12 11:38:00.000000 UTC,13.5415503172
2022-11-12 11:39:00.000000 UTC,13.6202766986
2022-11-12 11:40:00.000000 UTC,13.24033256075
2022-11-12 11:41:00.000000 UTC,14.4097514484
2022-11-12 11:42:00.000000 UTC,13.104876993200001
2022-11-12 11:43:00.000000 UTC,13.6975096056
2022-11-12 11:44:00.000000 UTC,13.8760442744
2022-11-12 11:45:00.000000 UTC,13.484662773799998
2022-11-12 11:46:00.000000 UTC,12.949900360600001
2022-11-12 11:47:00.000000 UTC,13.4418255082
2022-11-12 11:48:00.000000 UTC,13.3251727868
2022-11-12 11:49:00.000000 UTC,13.654142267600001
2022-11-12 11:50:00.000000 UTC,13.611314845799999
2022-11-12 11:51:00.000000 UTC,13.8822203634
2022-11-12 11:52:00.000000 UTC,13.4065940194
2022-11-12 11:53:00.000000 UTC,13.0454716594
2022-11-12 11:54:00.000000 UTC,13.211974517
2022-11-12 11:55:00.000000 UTC,13.238408232600001
2022-11-12 11:56:00.000000 UTC,13.3792255318
2022-11-12 11:57:00.000000 UTC,13.019964803
2022-11-12 11:58:00.000000 UTC,13.1144655876
2022-11-12 11:59:00.000000 UTC,13.266603052399999
2022-11-12 12:00:00.000000 UTC,14.582211221200001
2022-11-12 12:01:00.000000 UTC,15.095683344
2022-11-12 12:02:00.000000 UTC,13.5007318236
2022-11-12 12:03:00.000000 UTC,13.6619073372
2022-11-12 12:04:00.000000 UTC,12.956607593600001
2022-11-12 12:05:00.000000 UTC,13.0217946102
2022-11-12 12:06:00.000000 UTC,12.4972996834
2022-11-12 12:07:00.000000 UTC,12.6385434146
2022-11-12 12:08:00.000000 UTC,13.6688471842
2022-11-12 12:09:00.000000 UTC,13.663351073200001
2022-11-12 12:10:00.000000 UTC,13.398193801
2022-11-12 12:11:00.000000 UTC,13.2402295975
2022-11-12 12:12:00.000000 UTC,12.920916011600001
2022-11-12 12:13:00.000000 UTC,12.6129775456
2022-11-12 12:14:00.000000 UTC,13.1330235266
2022-11-12 12:15:00.000000 UTC,13.578178254600001
2022-11-12 12:16:00.000000 UTC,13.53004245
2022-11-12 12:17:00.000000 UTC,13.194000875799999
2022-11-12 12:18:00.000000 UTC,13.770154994
2022-11-12 12:19:00.000000 UTC,12.7664479346
2022-11-12 12:20:00.000000 UTC,12.5357577142
2022-11-12 12:21:00.000000 UTC,12.4753202682
2022-11-12 12:22:00.000000 UTC,12.208299433799999
2022-11-12 12:23:00.000000 UTC,12.7438235982
2022-11-12 12:24:00.000000 UTC,12.4461636984
2022-11-12 12:25:00.000000 UTC,12.091394172600001
2022-11-12 12:26:00.000000 UTC,11.7778097096
2022-11-12 12:27:00.000000 UTC,11.4156723078
2022-11-12 12:28:00.000000 UTC,11.7457786618
2022-11-12 12:29:00.000000 UTC,11.4188730694
2022-11-12 12:30:00.000000 UTC,14.116963805200001
2022-11-12 12:31:00.000000 UTC,14.7810199012
2022-11-12 12:32:00.000000 UTC,14.152305328399999
2022-11-12 12:33:00.000000 UTC,13.5219894096
2022-11-12 12:34:00.000000 UTC,12.8126026056
2022-11-12 12:35:00.000000 UTC,12.161865571
2022-11-12 12:36:00.000000 UTC,12.4272919004
2022-11-12 12:37:00.000000 UTC,12.985954340200001
2022-11-12 12:38:00.000000 UTC,12.6152053332
2022-11-12 12:39:00.000000 UTC,14.0187776972
2022-11-12 12:40:00.000000 UTC,14.345506261399999
2022-11-12 12:41:00.000000 UTC,14.3049483946
2022-11-12 12:42:00.000000 UTC,14.302497024600001
2022-11-12 12:43:00.000000 UTC,16.8393974152
2022-11-12 12:44:00.000000 UTC,17.197320219599998
2022-11-12 12:45:00.000000 UTC,17.983844658
2022-11-12 12:46:00.000000 UTC,19.4382967088
2022-11-12 12:47:00.000000 UTC,17.8273313722
2022-11-12 12:48:00.000000 UTC,16.7470398764
2022-11-12 12:49:00.000000 UTC,15.3404007894
2022-11-12 12:50:00.000000 UTC,14.2684595704
2022-11-12 12:51:00.000000 UTC,13.467676460200002
2022-11-12 12:52:00.000000 UTC,13.145463615799999
2022-11-12 12:53:00.000000 UTC,13.8102424768
2022-11-12 12:54:00.000000 UTC,12.345056942600001
2022-11-12 12:55:00.000000 UTC,13.3752145066
2022-11-12 12:56:00.000000 UTC,13.138986066
2022-11-12 12:57:00.000000 UTC,12.9921934894
2022-11-12 12:58:00.000000 UTC,13.7800307718
2022-11-12 12:59:00.000000 UTC,14.2870294654
2022-11-12 13:00:00.000000 UTC,14.623941201200001
2022-11-12 13:01:00.000000 UTC,14.674348335
2022-11-12 13:02:00.000000 UTC,14.7141009368
2022-11-12 13:03:00.000000 UTC,15.7682016454
2022-11-12 13:04:00.000000 UTC,15.4156421946
2022-11-12 13:05:00.000000 UTC,16.140630303600002
2022-11-12 13:06:00.000000 UTC,16.215322269
2022-11-12 13:07:00.000000 UTC,15.202894193
2022-11-12 13:08:00.000000 UTC,15.095540924
2022-11-12 13:09:00.000000 UTC,14.9353565524
2022-11-12 13:10:00.000000 UTC,15.2167061644
2022-11-12 13:11:00.000000 UTC,13.882310331200001
2022-11-12 13:12:00.000000 UTC,13.3431658474
2022-11-12 13:13:00.000000 UTC,12.9443403554
2022-11-12 13:14:00.000000 UTC,13.46776961125
2022-11-12 13:15:00.000000 UTC,13.1912658396
2022-11-12 13:16:00.000000 UTC,13.066256904
2022-11-12 13:17:00.000000 UTC,12.234682784
2022-11-12 13:18:00.000000 UTC,12.9635675736
2022-11-12 13:19:00.000000 UTC,12.9634424254
2022-11-12 13:20:00.000000 UTC,13.598951801
2022-11-12 13:21:00.000000 UTC,13.101987265
2022-11-12 13:22:00.000000 UTC,12.5385112548
2022-11-12 13:23:00.000000 UTC,12.747992887799999
2022-11-12 13:24:00.000000 UTC,11.9783359508
2022-11-12 13:25:00.000000 UTC,12.223366937200002
2022-11-12 13:26:00.000000 UTC,12.1405222972
2022-11-12 13:27:00.000000 UTC,12.261955486200002
2022-11-12 13:28:00.000000 UTC,12.3554845556
2022-11-12 13:29:00.000000 UTC,12.9709013776
2022-11-12 13:30:00.000000 UTC,13.0359492458
2022-11-12 13:31:00.000000 UTC,12.8721288584
2022-11-12 13:32:00.000000 UTC,13.244084587200001
2022-11-12 13:33:00.000000 UTC,13.01218962
2022-11-12 13:34:00.000000 UTC,13.7199197916
2022-11-12 13:35:00.000000 UTC,12.548185826600001
2022-11-12 13:36:00.000000 UTC,12.8280065058
2022-11-12 13:37:00.000000 UTC,13.197992317799999
2022-11-12 13:38:00.000000 UTC,12.402510523
2022-11-12 13:39:00.000000 UTC,12.9266650144
2022-11-12 13:40:00.000000 UTC,13.0926265724
2022-11-12 13:41:00.000000 UTC,12.6967391954
2022-11-12 13:42:00.000000 UTC,12.724728343
2022-11-12 13:43:00.000000 UTC,12.6089517278
2022-11-12 13:44:00.000000 UTC,13.0357930794
2022-11-12 13:45:00.000000 UTC,12.2211931488
2022-11-12 13:46:00.000000 UTC,12.727520866399999
2022-11-12 13:47:00.000000 UTC,12.9245008776
2022-11-12 13:48:00.000000 UTC,13.035825862
2022-11-12 13:49:00.000000 UTC,14.277387553399999
2022-11-12 13:50:00.000000 UTC,13.304788930399999
2022-11-12 13:51:00.000000 UTC,13.401222345799999
2022-11-12 13:52:00.000000 UTC,12.552241526200001
2022-11-12 13:53:00.000000 UTC,13.1265048126
2022-11-12 13:54:00.000000 UTC,12.9974917394
2022-11-12 13:55:00.000000 UTC,12.3794333128
2022-11-12 13:56:00.000000 UTC,13.3847518056
2022-11-12 13:57:00.000000 UTC,13.5194955064
2022-11-12 13:58:00.000000 UTC,13.566112115
2022-11-12 13:59:00.000000 UTC,14.2630492562
2022-11-12 14:00:00.000000 UTC,15.2909535415
2022-11-12 14:01:00.000000 UTC,15.758733893399999
2022-11-12 14:02:00.000000 UTC,15.896922005
2022-11-12 14:03:00.000000 UTC,14.907177654200002
2022-11-12 14:04:00.000000 UTC,14.406684715
2022-11-12 14:05:00.000000 UTC,14.5166878238
2022-11-12 14:06:00.000000 UTC,14.212542852
2022-11-12 14:07:00.000000 UTC,14.258751036
2022-11-12 14:08:00.000000 UTC,15.783273632
2022-11-12 14:09:00.000000 UTC,16.3716698298
2022-11-12 14:10:00.000000 UTC,14.7892620814
2022-11-12 14:11:00.000000 UTC,13.7032014362
2022-11-12 14:12:00.000000 UTC,13.381438965
2022-11-12 14:13:00.000000 UTC,13.335812778
2022-11-12 14:14:00.000000 UTC,13.2438149808
2022-11-12 14:15:00.000000 UTC,12.6188011404
2022-11-12 14:16:00.000000 UTC,12.776265476399999
2022-11-12 14:17:00.000000 UTC,12.8694144292
2022-11-12 14:18:00.000000 UTC,12.5300475286
2022-11-12 14:19:00.000000 UTC,12.773110223200002
2022-11-12 14:20:00.000000 UTC,12.5867214598
2022-11-12 14:21:00.000000 UTC,12.3152195218
2022-11-12 14:22:00.000000 UTC,12.245734362
2022-11-12 14:23:00.000000 UTC,12.387245763200001
2022-11-12 14:24:00.000000 UTC,13.4269515198
2022-11-12 14:25:00.000000 UTC,12.3583083068
2022-11-12 14:26:00.000000 UTC,13.871338378
2022-11-12 14:27:00.000000 UTC,13.5336479135
2022-11-12 14:28:00.000000 UTC,13.1188557542
2022-11-12 14:29:00.000000 UTC,12.6881357864
2022-11-12 14:30:00.000000 UTC,13.2818401628
2022-11-12 14:31:00.000000 UTC,13.2522020158
2022-11-12 14:32:00.000000 UTC,13.6185842278
2022-11-12 14:33:00.000000 UTC,13.112750072399999
2022-11-12 14:34:00.000000 UTC,13.0191126542
2022-11-12 14:35:00.000000 UTC,12.4017243106
2022-11-12 14:36:00.000000 UTC,12.445524563
2022-11-12 14:37:00.000000 UTC,12.7127603132
2022-11-12 14:38:00.000000 UTC,13.000147214
2022-11-12 14:39:00.000000 UTC,13.0235782726
2022-11-12 14:40:00.000000 UTC,12.7148719548
2022-11-12 14:41:00.000000 UTC,12.212610755
2022-11-12 14:42:00.000000 UTC,12.610845533600001
2022-11-12 14:43:00.000000 UTC,11.9796321546
2022-11-12 14:44:00.000000 UTC,11.9351362466
2022-11-12 14:45:00.000000 UTC,12.1585124314
2022-11-12 14:46:00.000000 UTC,12.907734491
2022-11-12 14:47:00.000000 UTC,13.156533122799999
2022-11-12 14:48:00.000000 UTC,15.15965467575
2022-11-12 14:49:00.000000 UTC,17.0361552918
2022-11-12 14:50:00.000000 UTC,17.848545719
2022-11-12 14:51:00.000000 UTC,16.1073386344
2022-11-12 14:52:00.000000 UTC,15.441182470200001
2022-11-12 14:53:00.000000 UTC,14.323680813200001
2022-11-12 14:54:00.000000 UTC,13.3988455842
2022-11-12 14:55:00.000000 UTC,12.715750354799999
2022-11-12 14:56:00.000000 UTC,12.3667827226
2022-11-12 14:57:00.000000 UTC,12.267496508
2022-11-12 14:58:00.000000 UTC,12.5629380142
2022-11-12 14:59:00.000000 UTC,12.5457168574
2022-11-12 15:00:00.000000 UTC,13.257554529799998
2022-11-12 15:01:00.000000 UTC,13.185560391600001
2022-11-12 15:02:00.000000 UTC,13.1532927358
2022-11-12 15:03:00.000000 UTC,12.463194755
2022-11-12 15:04:00.000000 UTC,12.778616058399999
2022-11-12 15:05:00.000000 UTC,12.8292860678
2022-11-12 15:06:00.000000 UTC,13.2405402436
2022-11-12 15:07:00.000000 UTC,12.7002276636
2022-11-12 15:08:00.000000 UTC,12.84550542
2022-11-12 15:09:00.000000 UTC,12.779679921
2022-11-12 15:10:00.000000 UTC,12.307188828
2022-11-12 15:11:00.000000 UTC,12.853133927
2022-11-12 15:12:00.000000 UTC,12.6401947416
2022-11-12 15:13:00.000000 UTC,12.6876059094
2022-11-12 15:14:00.000000 UTC,12.1632204824
2022-11-12 15:15:00.000000 UTC,12.5161538062
2022-11-12 15:16:00.000000 UTC,12.770751844
2022-11-12 15:17:00.000000 UTC,12.9203548574
2022-11-12 15:18:00.000000 UTC,12.872534282
2022-11-12 15:19:00.000000 UTC,13.413513459399999
2022-11-12 15:20:00.000000 UTC,12.02074132
2022-11-12 15:21:00.000000 UTC,12.611663902799998
2022-11-12 15:22:00.000000 UTC,12.243065101
2022-11-12 15:23:00.000000 UTC,13.8391639104
2022-11-12 15:24:00.000000 UTC,13.3186582646
2022-11-12 15:25:00.000000 UTC,12.157007004
2022-11-12 15:26:00.000000 UTC,13.6755150718
2022-11-12 15:27:00.000000 UTC,12.8813775812
2022-11-12 15:28:00.000000 UTC,13.1314685436
2022-11-12 15:29:00.000000 UTC,13.0782636952
2022-11-12 15:30:00.000000 UTC,13.7429496018
2022-11-12 15:31:00.000000 UTC,13.0870448658
2022-11-12 15:32:00.000000 UTC,12.4503374758
2022-11-12 15:33:00.000000 UTC,13.0061193872
2022-11-12 15:34:00.000000 UTC,12.0953604084
2022-11-12 15:35:00.000000 UTC,12.1890761582
2022-11-12 15:36:00.000000 UTC,12.482471528200001
2022-11-12 15:37:00.000000 UTC,13.145128074799999
2022-11-12 15:38:00.000000 UTC,12.6963925746
2022-11-12 15:39:00.000000 UTC,13.0295874344
2022-11-12 15:40:00.000000 UTC,12.7265664204
2022-11-12 15:41:00.000000 UTC,13.8992097124
2022-11-12 15:42:00.000000 UTC,13.919999306600001
2022-11-12 15:43:00.000000 UTC,12.8623711576
2022-11-12 15:44:00.000000 UTC,12.260305730799999
2022-11-12 15:45:00.000000 UTC,12.165452391
2022-11-12 15:46:00.000000 UTC,13.1378338748
2022-11-12 15:47:00.000000 UTC,13.3026144082
2022-11-12 15:48:00.000000 UTC,13.141811497
2022-11-12 15:49:00.000000 UTC,12.3983278402
2022-11-12 15:50:00.000000 UTC,14.5694825106
2022-11-12 15:51:00.000000 UTC,18.960293061799998
2022-11-12 15:52:00.000000 UTC,25.8904573302
2022-11-12 15:53:00.000000 UTC,26.942203847400002
2022-11-12 15:54:00.000000 UTC,21.979879381
2022-11-12 15:55:00.000000 UTC,17.9379974814
2022-11-12 15:56:00.000000 UTC,15.211394908399999
2022-11-12 15:57:00.000000 UTC,13.980111050200001
2022-11-12 15:58:00.000000 UTC,13.613194842799999
2022-11-12 15:59:00.000000 UTC,13.6041666684
2022-11-12 16:00:00.000000 UTC,15.685061628
2022-11-12 16:01:00.000000 UTC,16.839112398799998
2022-11-12 16:02:00.000000 UTC,16.2014869226
2022-11-12 16:03:00.000000 UTC,15.099035357
2022-11-12 16:04:00.000000 UTC,14.2956817754
2022-11-12 16:05:00.000000 UTC,14.309577828
2022-11-12 16:06:00.000000 UTC,14.3604319204
2022-11-12 16:07:00.000000 UTC,13.760040659200001
2022-11-12 16:08:00.000000 UTC,12.873182646799998
2022-11-12 16:09:00.000000 UTC,13.432540679399999
2022-11-12 16:10:00.000000 UTC,12.3502145922
2022-11-12 16:11:00.000000 UTC,13.2848960972
2022-11-12 16:12:00.000000 UTC,13.9088310088
2022-11-12 16:13:00.000000 UTC,12.5421512198
2022-11-12 16:14:00.000000 UTC,12.695982861600001
2022-11-12 16:15:00.000000 UTC,12.229902363
2022-11-12 16:16:00.000000 UTC,12.8068147162
2022-11-12 16:17:00.000000 UTC,16.3519165994
2022-11-12 16:18:00.000000 UTC,14.3620127336
2022-11-12 16:19:00.000000 UTC,13.8746977928
2022-11-12 16:20:00.000000 UTC,13.2896988118
2022-11-12 16:21:00.000000 UTC,13.407563698799999
2022-11-12 16:22:00.000000 UTC,12.9387459632
2022-11-12 16:23:00.000000 UTC,12.8103308406
2022-11-12 16:24:00.000000 UTC,11.783417229600001
2022-11-12 16:25:00.000000 UTC,13.037955236
2022-11-12 16:26:00.000000 UTC,12.6275249948
2022-11-12 16:27:00.000000 UTC,13.327495563200001
2022-11-12 16:28:00.000000 UTC,12.62770922
2022-11-12 16:29:00.000000 UTC,12.5781907978
2022-11-12 16:30:00.000000 UTC,12.9586397908
2022-11-12 16:31:00.000000 UTC,12.8658309172
2022-11-12 16:32:00.000000 UTC,12.563140604200001
2022-11-12 16:33:00.000000 UTC,13.2145713904
2022-11-12 16:34:00.000000 UTC,12.6774381574
2022-11-12 16:35:00.000000 UTC,12.420905456
2022-11-12 16:36:00.000000 UTC,12.477625942
2022-11-12 16:37:00.000000 UTC,13.0409915378
2022-11-12 16:38:00.000000 UTC,12.640819802200001
2022-11-12 16:39:00.000000 UTC,11.9992825688
2022-11-12 16:40:00.000000 UTC,13.116487688600001
2022-11-12 16:41:00.000000 UTC,12.809876579
2022-11-12 16:42:00.000000 UTC,12.367410331
2022-11-12 16:43:00.000000 UTC,12.870298697399999
2022-11-12 16:44:00.000000 UTC,12.5066325338
2022-11-12 16:45:00.000000 UTC,12.411374909200001
2022-11-12 16:46:00.000000 UTC,12.2814244432
2022-11-12 16:47:00.000000 UTC,13.0355815176
2022-11-12 16:48:00.000000 UTC,12.9592046116
2022-11-12 16:49:00.000000 UTC,12.128206544600001
2022-11-12 16:50:00.000000 UTC,13.772589229600001
2022-11-12 16:51:00.000000 UTC,12.8262057162
2022-11-12 16:52:00.000000 UTC,12.4988657588
2022-11-12 16:53:00.000000 UTC,11.9325312992
2022-11-12 16:54:00.000000 UTC,12.0848364384
2022-11-12 16:55:00.000000 UTC,12.104694483
2022-11-12 16:56:00.000000 UTC,12.0816272502
2022-11-12 16:57:00.000000 UTC,12.8438761704
2022-11-12 16:58:00.000000 UTC,12.9768344008
2022-11-12 16:59:00.000000 UTC,14.8294087164
2022-11-12 17:00:00.000000 UTC,16.650366820200002
2022-11-12 17:01:00.000000 UTC,16.3685504564
2022-11-12 17:02:00.000000 UTC,15.100101884399999
2022-11-12 17:03:00.000000 UTC,15.7994462808
2022-11-12 17:04:00.000000 UTC,14.367755359799999
2022-11-12 17:05:00.000000 UTC,14.128863713
2022-11-12 17:06:00.000000 UTC,15.025216307600001
2022-11-12 17:07:00.000000 UTC,13.9739274532
2022-11-12 17:08:00.000000 UTC,15.692331896799999
2022-11-12 17:09:00.000000 UTC,15.0824818618
2022-11-12 17:10:00.000000 UTC,13.271758173
2022-11-12 17:11:00.000000 UTC,12.2209654836
2022-11-12 17:12:00.000000 UTC,12.083203483799998
2022-11-12 17:13:00.000000 UTC,12.115139473200001
2022-11-12 17:14:00.000000 UTC,12.697848976200001
2022-11-12 17:15:00.000000 UTC,12.554044617
2022-11-12 17:16:00.000000 UTC,12.1724207616
2022-11-12 17:17:00.000000 UTC,12.6801307332
2022-11-12 17:18:00.000000 UTC,12.3464524484
2022-11-12 17:19:00.000000 UTC,12.194066553399999
2022-11-12 17:20:00.000000 UTC,12.2090928472
2022-11-12 17:21:00.000000 UTC,11.974067381
2022-11-12 17:22:00.000000 UTC,13.145171614399999
2022-11-12 17:23:00.000000 UTC,12.536063517399999
2022-11-12 17:24:00.000000 UTC,12.1498910816
2022-11-12 17:25:00.000000 UTC,12.1210169948
2022-11-12 17:26:00.000000 UTC,12.013394226600001
2022-11-12 17:27:00.000000 UTC,13.570384282200001
2022-11-12 17:28:00.000000 UTC,12.936664353600001
2022-11-12 17:29:00.000000 UTC,12.5224914272
2022-11-12 17:30:00.000000 UTC,13.2432624278
2022-11-12 17:31:00.000000 UTC,12.947082467200001
2022-11-12 17:32:00.000000 UTC,13.3381091074
2022-11-12 17:33:00.000000 UTC,13.1746777026
2022-11-12 17:34:00.000000 UTC,12.661142448
2022-11-12 17:35:00.000000 UTC,12.000622931799999
2022-11-12 17:36:00.000000 UTC,13.2557601306
2022-11-12 17:37:00.000000 UTC,12.590617546
2022-11-12 17:38:00.000000 UTC,12.437375357
2022-11-12 17:39:00.000000 UTC,11.883653608
2022-11-12 17:40:00.000000 UTC,12.5824921216
2022-11-12 17:41:00.000000 UTC,11.9657946422
2022-11-12 17:42:00.000000 UTC,12.3417950954
2022-11-12 17:43:00.000000 UTC,12.2373740132
2022-11-12 17:44:00.000000 UTC,12.267937209
2022-11-12 17:45:00.000000 UTC,12.9899530404
2022-11-12 17:46:00.000000 UTC,12.8007065524
2022-11-12 17:47:00.000000 UTC,13.2978285094
2022-11-12 17:48:00.000000 UTC,12.928985664799999
2022-11-12 17:49:00.000000 UTC,12.6877260048
2022-11-12 17:50:00.000000 UTC,12.7737477332
2022-11-12 17:51:00.000000 UTC,12.3850524156
2022-11-12 17:52:00.000000 UTC,13.6042933624
2022-11-12 17:53:00.000000 UTC,12.8566332992
2022-11-12 17:54:00.000000 UTC,13.5651258536
2022-11-12 17:55:00.000000 UTC,12.637230156
2022-11-12 17:56:00.000000 UTC,12.5726561756
2022-11-12 17:57:00.000000 UTC,12.177904267399999
2022-11-12 17:58:00.000000 UTC,12.3376928766
2022-11-12 17:59:00.000000 UTC,12.6457787392
2022-11-12 18:00:00.000000 UTC,14.753201458
2022-11-12 18:01:00.000000 UTC,16.177074525
2022-11-12 18:02:00.000000 UTC,16.094069088799998
2022-11-12 18:03:00.000000 UTC,15.8886320572
2022-11-12 18:04:00.000000 UTC,15.1154194304
2022-11-12 18:05:00.000000 UTC,14.2069121182
2022-11-12 18:06:00.000000 UTC,14.5132028056
2022-11-12 18:07:00.000000 UTC,13.399975077
2022-11-12 18:08:00.000000 UTC,12.8179938662
2022-11-12 18:09:00.000000 UTC,12.3836619702
2022-11-12 18:10:00.000000 UTC,13.82354716
2022-11-12 18:11:00.000000 UTC,13.189213582
2022-11-12 18:12:00.000000 UTC,13.109010115799999
2022-11-12 18:13:00.000000 UTC,13.0562424796
2022-11-12 18:14:00.000000 UTC,12.9128162232
2022-11-12 18:15:00.000000 UTC,12.901372685799998
2022-11-12 18:16:00.000000 UTC,13.5885362882
2022-11-12 18:17:00.000000 UTC,13.129808858399999
2022-11-12 18:18:00.000000 UTC,13.7743198756
2022-11-12 18:19:00.000000 UTC,14.0627750432
2022-11-12 18:20:00.000000 UTC,14.780034346399999
2022-11-12 18:21:00.000000 UTC,13.390997253799998
2022-11-12 18:22:00.000000 UTC,13.551676984
2022-11-12 18:23:00.000000 UTC,13.237003747200001
2022-11-12 18:24:00.000000 UTC,13.789696282
2022-11-12 18:25:00.000000 UTC,12.9543456374
2022-11-12 18:26:00.000000 UTC,13.1897955924
2022-11-12 18:27:00.000000 UTC,12.6488190174
2022-11-12 18:28:00.000000 UTC,12.769424858399999
2022-11-12 18:29:00.000000 UTC,12.694922709799998
2022-11-12 18:30:00.000000 UTC,13.624065893200001
2022-11-12 18:31:00.000000 UTC,13.436859732799999
2022-11-12 18:32:00.000000 UTC,14.9973705652
2022-11-12 18:33:00.000000 UTC,15.1982491784
2022-11-12 18:34:00.000000 UTC,15.1099700524
2022-11-12 18:35:00.000000 UTC,14.1278840932
2022-11-12 18:36:00.000000 UTC,12.7462026052
2022-11-12 18:37:00.000000 UTC,12.277228039399999
2022-11-12 18:38:00.000000 UTC,12.458946747399999
2022-11-12 18:39:00.000000 UTC,12.476593363200001
2022-11-12 18:40:00.000000 UTC,12.238883083200001
2022-11-12 18:41:00.000000 UTC,12.364138184
2022-11-12 18:42:00.000000 UTC,12.1471961814
2022-11-12 18:43:00.000000 UTC,11.90082779
2022-11-12 18:44:00.000000 UTC,11.7293218774
2022-11-12 18:45:00.000000 UTC,11.849724074
2022-11-12 18:46:00.000000 UTC,11.706044649799999
2022-11-12 18:47:00.000000 UTC,12.0723720694
2022-11-12 18:48:00.000000 UTC,11.8257620634
2022-11-12 18:49:00.000000 UTC,12.195206621399999
2022-11-12 18:50:00.000000 UTC,11.776755126
2022-11-12 18:51:00.000000 UTC,12.274866584
2022-11-12 18:52:00.000000 UTC,11.0937647178
2022-11-12 18:53:00.000000 UTC,11.786772319399999
2022-11-12 18:54:00.000000 UTC,11.337032070200001
2022-11-12 18:55:00.000000 UTC,12.6172640966
2022-11-12 18:56:00.000000 UTC,11.6288501208
2022-11-12 18:57:00.000000 UTC,11.7836280636
2022-11-12 18:58:00.000000 UTC,11.633430048
2022-11-12 18:59:00.000000 UTC,12.4314137414
2022-11-12 19:00:00.000000 UTC,14.273554621
2022-11-12 19:01:00.000000 UTC,13.474089063200001
2022-11-12 19:02:00.000000 UTC,13.713360253
2022-11-12 19:03:00.000000 UTC,13.062468778200001
2022-11-12 19:04:00.000000 UTC,11.536483032
2022-11-12 19:05:00.000000 UTC,12.4772399464
2022-11-12 19:06:00.000000 UTC,11.511342149399999
2022-11-12 19:07:00.000000 UTC,11.0142144464
2022-11-12 19:08:00.000000 UTC,11.878279137
2022-11-12 19:09:00.000000 UTC,12.0667120778
2022-11-12 19:10:00.000000 UTC,11.6815148776
2022-11-12 19:11:00.000000 UTC,11.05054243
2022-11-12 19:12:00.000000 UTC,12.106684695799999
2022-11-12 19:13:00.000000 UTC,11.4198876038
2022-11-12 19:14:00.000000 UTC,10.8800928742
2022-11-12 19:15:00.000000 UTC,10.6949755378
2022-11-12 19:16:00.000000 UTC,10.966972678200001
2022-11-12 19:17:00.000000 UTC,10.7954016442
2022-11-12 19:18:00.000000 UTC,10.6793740296
2022-11-12 19:19:00.000000 UTC,10.750464904
2022-11-12 19:20:00.000000 UTC,10.5780677828
2022-11-12 19:21:00.000000 UTC,10.5019107578
2022-11-12 19:22:00.000000 UTC,10.208708813
2022-11-12 19:23:00.000000 UTC,10.8801021584
2022-11-12 19:24:00.000000 UTC,11.4749314842
2022-11-12 19:25:00.000000 UTC,11.888957270399999
2022-11-12 19:26:00.000000 UTC,10.9481020118
2022-11-12 19:27:00.000000 UTC,10.3217837704
2022-11-12 19:28:00.000000 UTC,11.0805224926
2022-11-12 19:29:00.000000 UTC,10.6892643208
2022-11-12 19:30:00.000000 UTC,11.6300482366
2022-11-12 19:31:00.000000 UTC,10.733812525600001
2022-11-12 19:32:00.000000 UTC,10.950845334
2022-11-12 19:33:00.000000 UTC,12.3253964074
2022-11-12 19:34:00.000000 UTC,11.690319520200001
2022-11-12 19:35:00.000000 UTC,11.39279205
2022-11-12 19:36:00.000000 UTC,12.0567362864
2022-11-12 19:37:00.000000 UTC,11.3428492552
2022-11-12 19:38:00.000000 UTC,10.989201019200001
2022-11-12 19:39:00.000000 UTC,11.385853920799999
2022-11-12 19:40:00.000000 UTC,10.9234293786
2022-11-12 19:41:00.000000 UTC,10.6318001954
2022-11-12 19:42:00.000000 UTC,10.4496179076
2022-11-12 19:43:00.000000 UTC,10.4418467582
2022-11-12 19:44:00.000000 UTC,11.094771066
2022-11-12 19:45:00.000000 UTC,10.7267422574
2022-11-12 19:46:00.000000 UTC,11.229576765200001
2022-11-12 19:47:00.000000 UTC,10.86919164
2022-11-12 19:48:00.000000 UTC,10.837527994799999
2022-11-12 19:49:00.000000 UTC,10.2817984962
2022-11-12 19:50:00.000000 UTC,11.1972869626
2022-11-12 19:51:00.000000 UTC,10.960366486200002
2022-11-12 19:52:00.000000 UTC,11.008186131
2022-11-12 19:53:00.000000 UTC,10.8882409234
2022-11-12 19:54:00.000000 UTC,10.62006073
2022-11-12 19:55:00.000000 UTC,11.3619601346
2022-11-12 19:56:00.000000 UTC,10.834825092200001
2022-11-12 19:57:00.000000 UTC,11.3508327854
2022-11-12 19:58:00.000000 UTC,10.6656185356
2022-11-12 19:59:00.000000 UTC,10.3926918474
2022-11-12 20:00:00.000000 UTC,10.8421020604
2022-11-12 20:01:00.000000 UTC,10.3103851806
2022-11-12 20:02:00.000000 UTC,10.540248491200002
2022-11-12 20:03:00.000000 UTC,10.6643449294
2022-11-12 20:04:00.000000 UTC,10.5055016474
2022-11-12 20:05:00.000000 UTC,10.5202276786
2022-11-12 20:06:00.000000 UTC,11.5444265194
2022-11-12 20:07:00.000000 UTC,10.9357829356
2022-11-12 20:08:00.000000 UTC,10.3684180178
2022-11-12 20:09:00.000000 UTC,11.20759559
2022-11-12 20:10:00.000000 UTC,11.800928253
2022-11-12 20:11:00.000000 UTC,10.4896790456
2022-11-12 20:12:00.000000 UTC,10.473990140200002
2022-11-12 20:13:00.000000 UTC,10.387528155
2022-11-12 20:14:00.000000 UTC,10.7830260084
2022-11-12 20:15:00.000000 UTC,10.6175967204
2022-11-12 20:16:00.000000 UTC,10.5008082456
2022-11-12 20:17:00.000000 UTC,10.8923580556
2022-11-12 20:18:00.000000 UTC,10.5609962574
2022-11-12 20:19:00.000000 UTC,10.9398199526
2022-11-12 20:20:00.000000 UTC,10.0529036676
2022-11-12 20:21:00.000000 UTC,10.829303782
2022-11-12 20:22:00.000000 UTC,10.5378460868
2022-11-12 20:23:00.000000 UTC,10.7501662662
2022-11-12 20:24:00.000000 UTC,11.32490965575
2022-11-12 20:25:00.000000 UTC,11.0406313408
2022-11-12 20:26:00.000000 UTC,10.8397338276
2022-11-12 20:27:00.000000 UTC,10.294121037
2022-11-12 20:28:00.000000 UTC,11.0277911974
2022-11-12 20:29:00.000000 UTC,10.9082983118
2022-11-12 20:30:00.000000 UTC,10.8637798674
2022-11-12 20:31:00.000000 UTC,10.178696168799998
2022-11-12 20:32:00.000000 UTC,10.4702135762
2022-11-12 20:33:00.000000 UTC,10.869821542
2022-11-12 20:34:00.000000 UTC,10.789697456
2022-11-12 20:35:00.000000 UTC,10.4904791858
2022-11-12 20:36:00.000000 UTC,10.1408431254
2022-11-12 20:37:00.000000 UTC,10.2359883538
2022-11-12 20:38:00.000000 UTC,11.411673227
2022-11-12 20:39:00.000000 UTC,10.137879486666666
2022-11-12 20:40:00.000000 UTC,10.6403792882
2022-11-12 20:41:00.000000 UTC,10.2585278914
2022-11-12 20:42:00.000000 UTC,10.354247880399999
2022-11-12 20:43:00.000000 UTC,10.215309744799999
2022-11-12 20:44:00.000000 UTC,10.010010344200001
2022-11-12 20:45:00.000000 UTC,10.575932864
2022-11-12 20:46:00.000000 UTC,10.068330999799999
2022-11-12 20:47:00.000000 UTC,10.095332594
2022-11-12 20:48:00.000000 UTC,10.239087186
2022-11-12 20:49:00.000000 UTC,10.0264408292
2022-11-12 20:50:00.000000 UTC,10.4061556864
2022-11-12 20:51:00.000000 UTC,11.2993390916
2022-11-12 20:52:00.000000 UTC,11.9208652154
2022-11-12 20:53:00.000000 UTC,12.2260099434
2022-11-12 20:54:00.000000 UTC,10.570986368200002
2022-11-12 20:55:00.000000 UTC,10.1560572285
2022-11-12 20:56:00.000000 UTC,10.1255432942
2022-11-12 20:57:00.000000 UTC,9.9873093636
2022-11-12 20:58:00.000000 UTC,9.736675366
2022-11-12 20:59:00.000000 UTC,10.1727464634
2022-11-12 21:00:00.000000 UTC,10.8007427616
2022-11-12 21:01:00.000000 UTC,10.498505699
2022-11-12 21:02:00.000000 UTC,9.8564073126
2022-11-12 21:03:00.000000 UTC,10.582572134600001
2022-11-12 21:04:00.000000 UTC,9.9891700346
2022-11-12 21:05:00.000000 UTC,10.738890169600001
2022-11-12 21:06:00.000000 UTC,9.8532072523999989
2022-11-12 21:07:00.000000 UTC,10.2075426904
2022-11-12 21:08:00.000000 UTC,11.0848037422
2022-11-12 21:09:00.000000 UTC,10.555191211
2022-11-12 21:10:00.000000 UTC,9.9559407932
2022-11-12 21:11:00.000000 UTC,10.824113361799999
2022-11-12 21:12:00.000000 UTC,10.3647291414
2022-11-12 21:13:00.000000 UTC,9.8144660468
2022-11-12 21:14:00.000000 UTC,10.047519657
2022-11-12 21:15:00.000000 UTC,10.2648924386
2022-11-12 21:16:00.000000 UTC,10.191947713
2022-11-12 21:17:00.000000 UTC,10.5048929466
2022-11-12 21:18:00.000000 UTC,11.207503994200001
2022-11-12 21:19:00.000000 UTC,10.9348275106
2022-11-12 21:20:00.000000 UTC,10.2357632296
2022-11-12 21:21:00.000000 UTC,10.087135312200001
2022-11-12 21:22:00.000000 UTC,10.166018948200001
2022-11-12 21:23:00.000000 UTC,9.899757565
2022-11-12 21:24:00.000000 UTC,10.013120279
2022-11-12 21:25:00.000000 UTC,11.276910785
2022-11-12 21:26:00.000000 UTC,10.8876521014
2022-11-12 21:27:00.000000 UTC,10.860790686
2022-11-12 21:28:00.000000 UTC,10.3211492326
2022-11-12 21:29:00.000000 UTC,11.7735927914
2022-11-12 21:30:00.000000 UTC,11.2596842924
2022-11-12 21:31:00.000000 UTC,10.483941456
2022-11-12 21:32:00.000000 UTC,10.0488902856
2022-11-12 21:33:00.000000 UTC,9.8827866532
2022-11-12 21:34:00.000000 UTC,9.718117933
2022-11-12 21:35:00.000000 UTC,9.9360692226
2022-11-12 21:36:00.000000 UTC,10.5739164264
2022-11-12 21:37:00.000000 UTC,10.286761026399999
2022-11-12 21:38:00.000000 UTC,10.6045635844
2022-11-12 21:39:00.000000 UTC,10.2909666132
2022-11-12 21:40:00.000000 UTC,9.443726468
2022-11-12 21:41:00.000000 UTC,11.1671591105
2022-11-12 21:42:00.000000 UTC,10.264127740200001
2022-11-12 21:43:00.000000 UTC,9.4824654488
2022-11-12 21:44:00.000000 UTC,10.303756931
2022-11-12 21:45:00.000000 UTC,9.6022250756
2022-11-12 21:46:00.000000 UTC,9.7926504363999989
2022-11-12 21:47:00.000000 UTC,10.456220235
2022-11-12 21:48:00.000000 UTC,10.096999838799999
2022-11-12 21:49:00.000000 UTC,10.099842079
2022-11-12 21:50:00.000000 UTC,9.950812280600001
2022-11-12 21:51:00.000000 UTC,10.415535033
2022-11-12 21:52:00.000000 UTC,9.6037497467999984
2022-11-12 21:53:00.000000 UTC,9.8801593196
2022-11-12 21:54:00.000000 UTC,10.5795058824
2022-11-12 21:55:00.000000 UTC,10.142896373
2022-11-12 21:56:00.000000 UTC,10.057410588200002
2022-11-12 21:57:00.000000 UTC,10.071395413600001
2022-11-12 21:58:00.000000 UTC,11.3647553372
2022-11-12 21:59:00.000000 UTC,10.9981718946
2022-11-12 22:00:00.000000 UTC,11.3433903962
2022-11-12 22:01:00.000000 UTC,11.579097068
2022-11-12 22:02:00.000000 UTC,11.148579285799999
2022-11-12 22:03:00.000000 UTC,11.4767042518
2022-11-12 22:04:00.000000 UTC,12.191182700399999
2022-11-12 22:05:00.000000 UTC,10.817069523
2022-11-12 22:06:00.000000 UTC,10.9067790432
2022-11-12 22:07:00.000000 UTC,10.647999796799999
2022-11-12 22:08:00.000000 UTC,9.9424871702000015
2022-11-12 22:09:00.000000 UTC,9.632300944
2022-11-12 22:10:00.000000 UTC,10.1156946376
2022-11-12 22:11:00.000000 UTC,11.948859823200001
2022-11-12 22:12:00.000000 UTC,11.5871898186
2022-11-12 22:13:00.000000 UTC,10.3928683408
2022-11-12 22:14:00.000000 UTC,9.8290145496
2022-11-12 22:15:00.000000 UTC,11.471960385600001
2022-11-12 22:16:00.000000 UTC,10.8008058416
2022-11-12 22:17:00.000000 UTC,11.3299698076
2022-11-12 22:18:00.000000 UTC,10.2925232438
2022-11-12 22:19:00.000000 UTC,10.927442195600001
2022-11-12 22:20:00.000000 UTC,10.925689523399999
2022-11-12 22:21:00.000000 UTC,10.326561776799998
2022-11-12 22:22:00.000000 UTC,10.391672696399999
2022-11-12 22:23:00.000000 UTC,10.752746414
2022-11-12 22:24:00.000000 UTC,10.898460463
2022-11-12 22:25:00.000000 UTC,10.6394240658
2022-11-12 22:26:00.000000 UTC,11.397838953
2022-11-12 22:27:00.000000 UTC,11.573081678600001
2022-11-12 22:28:00.000000 UTC,10.7302261062
2022-11-12 22:29:00.000000 UTC,10.903766018799999
2022-11-12 22:30:00.000000 UTC,9.976914613
2022-11-12 22:31:00.000000 UTC,10.0519589968
2022-11-12 22:32:00.000000 UTC,10.171638424200001
2022-11-12 22:33:00.000000 UTC,9.7893714622
2022-11-12 22:34:00.000000 UTC,9.7680828454
2022-11-12 22:35:00.000000 UTC,10.3543695394
2022-11-12 22:36:00.000000 UTC,10.4882006862
2022-11-12 22:37:00.000000 UTC,9.6629994687999989
2022-11-12 22:38:00.000000 UTC,9.7161752796
2022-11-12 22:39:00.000000 UTC,9.3624822988
2022-11-12 22:40:00.000000 UTC,10.2085262916
2022-11-12 22:41:00.000000 UTC,11.163560888600001
2022-11-12 22:42:00.000000 UTC,11.166321333
2022-11-12 22:43:00.000000 UTC,11.1184473878
2022-11-12 22:44:00.000000 UTC,10.9777572464
2022-11-12 22:45:00.000000 UTC,10.8099246822
2022-11-12 22:46:00.000000 UTC,11.0273135684
2022-11-12 22:47:00.000000 UTC,10.9346810346
2022-11-12 22:48:00.000000 UTC,11.212003230399999
2022-11-12 22:49:00.000000 UTC,11.3634034936
2022-11-12 22:50:00.000000 UTC,9.984210774
2022-11-12 22:51:00.000000 UTC,9.4855732282000016
2022-11-12 22:52:00.000000 UTC,9.6201038072000014
2022-11-12 22:53:00.000000 UTC,9.4458511724
2022-11-12 22:54:00.000000 UTC,9.721237682
2022-11-12 22:55:00.000000 UTC,9.2598055616
2022-11-12 22:56:00.000000 UTC,9.8041148284
2022-11-12 22:57:00.000000 UTC,9.2130148796000011
2022-11-12 22:58:00.000000 UTC,9.6875976344
2022-11-12 22:59:00.000000 UTC,10.437442760200002
2022-11-12 23:00:00.000000 UTC,9.7334177887999989
2022-11-12 23:01:00.000000 UTC,10.26428781
2022-11-12 23:02:00.000000 UTC,10.2199224784
2022-11-12 23:03:00.000000 UTC,10.2398226512
2022-11-12 23:04:00.000000 UTC,10.292948774
2022-11-12 23:05:00.000000 UTC,9.883620829
2022-11-12 23:06:00.000000 UTC,9.82806618
2022-11-12 23:07:00.000000 UTC,10.3256703216
2022-11-12 23:08:00.000000 UTC,10.2242887136
2022-11-12 23:09:00.000000 UTC,10.1945409962
2022-11-12 23:10:00.000000 UTC,10.532805463799999
2022-11-12 23:11:00.000000 UTC,11.394861732
2022-11-12 23:12:00.000000 UTC,10.6548697254
2022-11-12 23:13:00.000000 UTC,10.3324236006
2022-11-12 23:14:00.000000 UTC,9.986851013399999
2022-11-12 23:15:00.000000 UTC,9.8030443332
2022-11-12 23:16:00.000000 UTC,9.7054521768
2022-11-12 23:17:00.000000 UTC,9.732523279
2022-11-12 23:18:00.000000 UTC,10.421304821200001
2022-11-12 23:19:00.000000 UTC,10.5668764614
2022-11-12 23:20:00.000000 UTC,10.287409539799999
2022-11-12 23:21:00.000000 UTC,10.538382294200002
2022-11-12 23:22:00.000000 UTC,10.578514800399999
2022-11-12 23:23:00.000000 UTC,10.5685454268
2022-11-12 23:24:00.000000 UTC,10.267424150799998
2022-11-12 23:25:00.000000 UTC,10.709318468600001
2022-11-12 23:26:00.000000 UTC,10.523962809
2022-11-12 23:27:00.000000 UTC,10.202861072200001
2022-11-12 23:28:00.000000 UTC,10.4773777076
2022-11-12 23:29:00.000000 UTC,10.9440564078
2022-11-12 23:30:00.000000 UTC,10.8231542706
2022-11-12 23:31:00.000000 UTC,10.982068491
2022-11-12 23:32:00.000000 UTC,10.5554874236
2022-11-12 23:33:00.000000 UTC,10.3178285534
2022-11-12 23:34:00.000000 UTC,11.5145150914
2022-11-12 23:35:00.000000 UTC,11.284162879799998
2022-11-12 23:36:00.000000 UTC,11.352859280799999
2022-11-12 23:37:00.000000 UTC,10.2003826334
2022-11-12 23:38:00.000000 UTC,10.48707435375
2022-11-12 23:39:00.000000 UTC,10.6092589394
2022-11-12 23:40:00.000000 UTC,11.1199192484
2022-11-12 23:41:00.000000 UTC,10.984894459200001
2022-11-12 23:42:00.000000 UTC,10.5331257136
2022-11-12 23:43:00.000000 UTC,10.7461501976
2022-11-12 23:44:00.000000 UTC,10.225903349200001
2022-11-12 23:45:00.000000 UTC,10.539878745200001
2022-11-12 23:46:00.000000 UTC,10.7217902424
2022-11-12 23:47:00.000000 UTC,10.104869271
2022-11-12 23:48:00.000000 UTC,10.249637911399999
2022-11-12 23:49:00.000000 UTC,10.746898173
2022-11-12 23:50:00.000000 UTC,10.2424208272
2022-11-12 23:51:00.000000 UTC,10.6327594448
2022-11-12 23:52:00.000000 UTC,10.9181680454
2022-11-12 23:53:00.000000 UTC,10.351884219799999
2022-11-12 23:54:00.000000 UTC,10.439438943399999
2022-11-12 23:55:00.000000 UTC,10.6946184136
2022-11-12 23:56:00.000000 UTC,10.8229061382
2022-11-12 23:57:00.000000 UTC,10.379288486799998
2022-11-12 23:58:00.000000 UTC,10.8675594244
2022-11-12 23:59:00.000000 UTC,10.347287078799999
2022-11-13 00:00:00.000000 UTC,10.4722683252
2022-11-13 00:01:00.000000 UTC,11.0881603402
2022-11-13 00:02:00.000000 UTC,10.590647038799998
2022-11-13 00:03:00.000000 UTC,10.4323683358
2022-11-13 00:04:00.000000 UTC,10.417784390200001
2022-11-13 00:05:00.000000 UTC,10.0965332664
2022-11-13 00:06:00.000000 UTC,10.4883764462
2022-11-13 00:07:00.000000 UTC,10.109373386200001
2022-11-13 00:08:00.000000 UTC,10.3714053352
2022-11-13 00:09:00.000000 UTC,10.3817868632
2022-11-13 00:10:00.000000 UTC,10.5892478534
2022-11-13 00:11:00.000000 UTC,11.0549890516
2022-11-13 00:12:00.000000 UTC,11.4032231222
2022-11-13 00:13:00.000000 UTC,10.257665086200001
2022-11-13 00:14:00.000000 UTC,10.301226255200001
2022-11-13 00:15:00.000000 UTC,10.4101075866
2022-11-13 00:16:00.000000 UTC,10.6044538506
2022-11-13 00:17:00.000000 UTC,10.956049736799999
2022-11-13 00:18:00.000000 UTC,11.252630548
2022-11-13 00:19:00.000000 UTC,10.5437746296
2022-11-13 00:20:00.000000 UTC,11.620173213200001
2022-11-13 00:21:00.000000 UTC,12.019224492
2022-11-13 00:22:00.000000 UTC,12.239544912
2022-11-13 00:23:00.000000 UTC,12.127865929
2022-11-13 00:24:00.000000 UTC,12.019143999799999
2022-11-13 00:25:00.000000 UTC,12.581749740600001
2022-11-13 00:26:00.000000 UTC,13.420065712200001
2022-11-13 00:27:00.000000 UTC,12.643448735
2022-11-13 00:28:00.000000 UTC,11.489249971200001
2022-11-13 00:29:00.000000 UTC,10.4415169662
2022-11-13 00:30:00.000000 UTC,11.4058153788
2022-11-13 00:31:00.000000 UTC,11.1563254092
2022-11-13 00:32:00.000000 UTC,11.669460607
2022-11-13 00:33:00.000000 UTC,12.579197553
2022-11-13 00:34:00.000000 UTC,11.2906280816
2022-11-13 00:35:00.000000 UTC,11.340506796
2022-11-13 00:36:00.000000 UTC,10.9860555746
2022-11-13 00:37:00.000000 UTC,10.873674054
2022-11-13 00:38:00.000000 UTC,10.391683049600001
2022-11-13 00:39:00.000000 UTC,10.792237306399999
2022-11-13 00:40:00.000000 UTC,10.9558737682
2022-11-13 00:41:00.000000 UTC,10.8800613934
2022-11-13 00:42:00.000000 UTC,10.7427888888
2022-11-13 00:43:00.000000 UTC,10.270906703
2022-11-13 00:44:00.000000 UTC,10.567696576200001
2022-11-13 00:45:00.000000 UTC,10.57322291
2022-11-13 00:46:00.000000 UTC,11.011217435799999
2022-11-13 00:47:00.000000 UTC,10.9465863138
2022-11-13 00:48:00.000000 UTC,10.166194909200001
2022-11-13 00:49:00.000000 UTC,10.523480475200001
2022-11-13 00:50:00.000000 UTC,10.4330936756
2022-11-13 00:51:00.000000 UTC,9.9277653162
2022-11-13 00:52:00.000000 UTC,10.1016284832
2022-11-13 00:53:00.000000 UTC,11.192279410600001
2022-11-13 00:54:00.000000 UTC,11.281950218799999
2022-11-13 00:55:00.000000 UTC,10.859055160799999
2022-11-13 00:56:00.000000 UTC,10.4607657132
2022-11-13 00:57:00.000000 UTC,10.593482903
2022-11-13 00:58:00.000000 UTC,10.3801728734
2022-11-13 00:59:00.000000 UTC,10.978667461
2022-11-13 01:00:00.000000 UTC,11.0257596458
2022-11-13 01:01:00.000000 UTC,11.11449411
2022-11-13 01:02:00.000000 UTC,10.193622519
2022-11-13 01:03:00.000000 UTC,10.4616706914
2022-11-13 01:04:00.000000 UTC,10.48768511125
2022-11-13 01:05:00.000000 UTC,10.6268809706
2022-11-13 01:06:00.000000 UTC,10.5578720904
2022-11-13 01:07:00.000000 UTC,10.684618698200001
2022-11-13 01:08:00.000000 UTC,11.547820429
2022-11-13 01:09:00.000000 UTC,10.982120701200001
2022-11-13 01:10:00.000000 UTC,11.1061516266
2022-11-13 01:11:00.000000 UTC,10.795072159
2022-11-13 01:12:00.000000 UTC,11.3277532016
2022-11-13 01:13:00.000000 UTC,10.815394855
2022-11-13 01:14:00.000000 UTC,10.5882558392
2022-11-13 01:15:00.000000 UTC,11.1806559576
2022-11-13 01:16:00.000000 UTC,14.8227920448
2022-11-13 01:17:00.000000 UTC,13.2294857762
2022-11-13 01:18:00.000000 UTC,12.2246254448
2022-11-13 01:19:00.000000 UTC,11.680060356
2022-11-13 01:20:00.000000 UTC,11.5788632632
2022-11-13 01:21:00.000000 UTC,10.8741745195
2022-11-13 01:22:00.000000 UTC,11.041521909799998
2022-11-13 01:23:00.000000 UTC,11.3811935808
2022-11-13 01:24:00.000000 UTC,10.796153987799999
2022-11-13 01:25:00.000000 UTC,11.367434995
2022-11-13 01:26:00.000000 UTC,11.620959447399999
2022-11-13 01:27:00.000000 UTC,11.2305952724
2022-11-13 01:28:00.000000 UTC,11.362412254399999
2022-11-13 01:29:00.000000 UTC,10.7271919246
2022-11-13 01:30:00.000000 UTC,11.304989992200001
2022-11-13 01:31:00.000000 UTC,10.8058247798
2022-11-13 01:32:00.000000 UTC,11.1927993426
2022-11-13 01:33:00.000000 UTC,11.1818991776
2022-11-13 01:34:00.000000 UTC,11.434572165399999
2022-11-13 01:35:00.000000 UTC,11.3439482616
2022-11-13 01:36:00.000000 UTC,12.2815485262
2022-11-13 01:37:00.000000 UTC,11.8154265294
2022-11-13 01:38:00.000000 UTC,11.3879052594
2022-11-13 01:39:00.000000 UTC,11.261787954
2022-11-13 01:40:00.000000 UTC,11.0890755646
2022-11-13 01:41:00.000000 UTC,10.3807120508
2022-11-13 01:42:00.000000 UTC,10.804831758399999
2022-11-13 01:43:00.000000 UTC,10.860963781
2022-11-13 01:44:00.000000 UTC,10.560179420799999
2022-11-13 01:45:00.000000 UTC,11.2500721822
2022-11-13 01:46:00.000000 UTC,11.974401175799999
2022-11-13 01:47:00.000000 UTC,11.2677844052
2022-11-13 01:48:00.000000 UTC,11.2744091066
2022-11-13 01:49:00.000000 UTC,11.2991873112
2022-11-13 01:50:00.000000 UTC,11.414978452
2022-11-13 01:51:00.000000 UTC,11.610332977399999
2022-11-13 01:52:00.000000 UTC,11.463549729
2022-11-13 01:53:00.000000 UTC,11.3196235642
2022-11-13 01:54:00.000000 UTC,11.3299890884
2022-11-13 01:55:00.000000 UTC,10.9819980264
2022-11-13 01:56:00.000000 UTC,10.7778492876
2022-11-13 01:57:00.000000 UTC,10.788830868
2022-11-13 01:58:00.000000 UTC,10.6190462082
2022-11-13 01:59:00.000000 UTC,10.677176097799999
2022-11-13 02:00:00.000000 UTC,11.1504316994
2022-11-13 02:01:00.000000 UTC,10.245397640799998
2022-11-13 02:02:00.000000 UTC,10.6511289132
2022-11-13 02:03:00.000000 UTC,11.216070487200001
2022-11-13 02:04:00.000000 UTC,10.089452465
2022-11-13 02:05:00.000000 UTC,10.201469584
2022-11-13 02:06:00.000000 UTC,10.4182669192
2022-11-13 02:07:00.000000 UTC,10.3500698324
2022-11-13 02:08:00.000000 UTC,10.3956741966
2022-11-13 02:09:00.000000 UTC,10.229354864600001
2022-11-13 02:10:00.000000 UTC,10.795503410799999
2022-11-13 02:11:00.000000 UTC,10.2990509972
2022-11-13 02:12:00.000000 UTC,10.560708074399999
2022-11-13 02:13:00.000000 UTC,10.880086609200001
2022-11-13 02:14:00.000000 UTC,10.368060824399999
2022-11-13 02:15:00.000000 UTC,10.4739683644
2022-11-13 02:16:00.000000 UTC,10.614034885799999
2022-11-13 02:17:00.000000 UTC,11.037446408200001
2022-11-13 02:18:00.000000 UTC,11.0860957054
2022-11-13 02:19:00.000000 UTC,11.7563994076
2022-11-13 02:20:00.000000 UTC,11.6210829106
2022-11-13 02:21:00.000000 UTC,11.0990008754
2022-11-13 02:22:00.000000 UTC,11.741487125399999
2022-11-13 02:23:00.000000 UTC,11.292681436
2022-11-13 02:24:00.000000 UTC,11.3053253266
2022-11-13 02:25:00.000000 UTC,11.058740325399999
2022-11-13 02:26:00.000000 UTC,10.8588489436
2022-11-13 02:27:00.000000 UTC,10.862284048
2022-11-13 02:28:00.000000 UTC,10.4027539278
2022-11-13 02:29:00.000000 UTC,10.624617827200002
2022-11-13 02:30:00.000000 UTC,10.534063426
2022-11-13 02:31:00.000000 UTC,10.2392367576
2022-11-13 02:32:00.000000 UTC,9.9419491792
2022-11-13 02:33:00.000000 UTC,10.299373448
2022-11-13 02:34:00.000000 UTC,10.639654754799999
2022-11-13 02:35:00.000000 UTC,10.326497575600001
2022-11-13 02:36:00.000000 UTC,10.85351549225
2022-11-13 02:37:00.000000 UTC,10.876479314600001
2022-11-13 02:38:00.000000 UTC,10.6754252918
2022-11-13 02:39:00.000000 UTC,10.1811238526
2022-11-13 02:40:00.000000 UTC,10.8527255306
2022-11-13 02:41:00.000000 UTC,11.1192184606
2022-11-13 02:42:00.000000 UTC,10.7693169466
2022-11-13 02:43:00.000000 UTC,12.478355775799999
2022-11-13 02:44:00.000000 UTC,12.141400211799999
2022-11-13 02:45:00.000000 UTC,10.865602141
2022-11-13 02:46:00.000000 UTC,10.876041342799999
2022-11-13 02:47:00.000000 UTC,10.857249180799998
2022-11-13 02:48:00.000000 UTC,10.659909887200001
2022-11-13 02:49:00.000000 UTC,10.4579163162
2022-11-13 02:50:00.000000 UTC,10.7150224996
2022-11-13 02:51:00.000000 UTC,10.2639714334
2022-11-13 02:52:00.000000 UTC,10.343870925200001
2022-11-13 02:53:00.000000 UTC,10.3884004184
2022-11-13 02:54:00.000000 UTC,10.204641199200001
2022-11-13 02:55:00.000000 UTC,10.3630190658
2022-11-13 02:56:00.000000 UTC,10.671906416
2022-11-13 02:57:00.000000 UTC,9.980407652
2022-11-13 02:58:00.000000 UTC,10.647943604
2022-11-13 02:59:00.000000 UTC,10.818106874
2022-11-13 03:00:00.000000 UTC,11.9465905228
2022-11-13 03:01:00.000000 UTC,11.5729588554
2022-11-13 03:02:00.000000 UTC,12.011597143
2022-11-13 03:03:00.000000 UTC,11.7153806514
2022-11-13 03:04:00.000000 UTC,11.345851099799999
2022-11-13 03:05:00.000000 UTC,11.150046148200001
2022-11-13 03:06:00.000000 UTC,11.407200208399999
2022-11-13 03:07:00.000000 UTC,11.64075058
2022-11-13 03:08:00.000000 UTC,11.5625806344
2022-11-13 03:09:00.000000 UTC,11.369715814600001
2022-11-13 03:10:00.000000 UTC,11.3409292696
2022-11-13 03:11:00.000000 UTC,11.5972745612
2022-11-13 03:12:00.000000 UTC,11.440736799
2022-11-13 03:13:00.000000 UTC,11.1023716884
2022-11-13 03:14:00.000000 UTC,11.4563207526
2022-11-13 03:15:00.000000 UTC,11.6749611364
2022-11-13 03:16:00.000000 UTC,11.1924872968
2022-11-13 03:17:00.000000 UTC,10.8460623808
2022-11-13 03:18:00.000000 UTC,10.826753565399999
2022-11-13 03:19:00.000000 UTC,10.4823127428
2022-11-13 03:20:00.000000 UTC,10.864611482
2022-11-13 03:21:00.000000 UTC,10.827925708799999
2022-11-13 03:22:00.000000 UTC,10.9502601792
2022-11-13 03:23:00.000000 UTC,11.3703319164
2022-11-13 03:24:00.000000 UTC,11.083980841
2022-11-13 03:25:00.000000 UTC,10.818317057
2022-11-13 03:26:00.000000 UTC,10.8495499326
2022-11-13 03:27:00.000000 UTC,10.555187049399999
2022-11-13 03:28:00.000000 UTC,11.067040785
2022-11-13 03:29:00.000000 UTC,10.7345830196
2022-11-13 03:30:00.000000 UTC,11.068665983399999
2022-11-13 03:31:00.000000 UTC,10.801683357
2022-11-13 03:32:00.000000 UTC,11.2213551414
2022-11-13 03:33:00.000000 UTC,11.423789275
2022-11-13 03:34:00.000000 UTC,11.341454420200002
2022-11-13 03:35:00.000000 UTC,10.7196117304
2022-11-13 03:36:00.000000 UTC,10.3164245876
2022-11-13 03:37:00.000000 UTC,11.473608165
2022-11-13 03:38:00.000000 UTC,11.2404957796
2022-11-13 03:39:00.000000 UTC,11.34031980875
2022-11-13 03:40:00.000000 UTC,11.2074948974
2022-11-13 03:41:00.000000 UTC,11.4672341924
2022-11-13 03:42:00.000000 UTC,11.4858195972
2022-11-13 03:43:00.000000 UTC,11.0121143262
2022-11-13 03:44:00.000000 UTC,10.932472903399999
2022-11-13 03:45:00.000000 UTC,11.3516402634
2022-11-13 03:46:00.000000 UTC,11.4016415646
2022-11-13 03:47:00.000000 UTC,11.302078715799999
2022-11-13 03:48:00.000000 UTC,10.6352759144
2022-11-13 03:49:00.000000 UTC,11.200360766
2022-11-13 03:50:00.000000 UTC,10.899361723799998
2022-11-13 03:51:00.000000 UTC,10.7316382936
2022-11-13 03:52:00.000000 UTC,11.0136407504
2022-11-13 03:53:00.000000 UTC,11.795610313200001
2022-11-13 03:54:00.000000 UTC,10.802825229200002
2022-11-13 03:55:00.000000 UTC,10.8996667708
2022-11-13 03:56:00.000000 UTC,10.3045423814
2022-11-13 03:57:00.000000 UTC,11.30740136675
2022-11-13 03:58:00.000000 UTC,10.97509885
2022-11-13 03:59:00.000000 UTC,10.563102249
2022-11-13 04:00:00.000000 UTC,11.0877535872
2022-11-13 04:01:00.000000 UTC,10.444333281
2022-11-13 04:02:00.000000 UTC,10.2545859518
2022-11-13 04:03:00.000000 UTC,11.270230397399999
2022-11-13 04:04:00.000000 UTC,10.6816706806
2022-11-13 04:05:00.000000 UTC,10.883423451
2022-11-13 04:06:00.000000 UTC,11.221576949
2022-11-13 04:07:00.000000 UTC,10.6889471896
2022-11-13 04:08:00.000000 UTC,10.74249136775
2022-11-13 04:09:00.000000 UTC,10.4350828208
2022-11-13 04:10:00.000000 UTC,10.23676633
2022-11-13 04:11:00.000000 UTC,10.4154885748
2022-11-13 04:12:00.000000 UTC,11.4061694726
2022-11-13 04:13:00.000000 UTC,10.92252317425
2022-11-13 04:14:00.000000 UTC,10.4826696986
2022-11-13 04:15:00.000000 UTC,11.7380892082
2022-11-13 04:16:00.000000 UTC,10.734503464600001
2022-11-13 04:17:00.000000 UTC,11.0221834956
2022-11-13 04:18:00.000000 UTC,10.296811807200001
2022-11-13 04:19:00.000000 UTC,10.2753130558
2022-11-13 04:20:00.000000 UTC,10.758847426
2022-11-13 04:21:00.000000 UTC,10.2271246934
2022-11-13 04:22:00.000000 UTC,10.367645383600001
2022-11-13 04:23:00.000000 UTC,10.300152175200001
2022-11-13 04:24:00.000000 UTC,10.76221386
2022-11-13 04:25:00.000000 UTC,11.0683722216
2022-11-13 04:26:00.000000 UTC,10.8572964474
2022-11-13 04:27:00.000000 UTC,11.2502642002
2022-11-13 04:28:00.000000 UTC,11.2213948918
2022-11-13 04:29:00.000000 UTC,11.6332350538
2022-11-13 04:30:00.000000 UTC,11.6634369674
2022-11-13 04:31:00.000000 UTC,10.9858905218
2022-11-13 04:32:00.000000 UTC,11.5744707212
2022-11-13 04:33:00.000000 UTC,11.131576478200001
2022-11-13 04:34:00.000000 UTC,11.806072882
2022-11-13 04:35:00.000000 UTC,11.1881979432
2022-11-13 04:36:00.000000 UTC,11.157313946
2022-11-13 04:37:00.000000 UTC,11.2338803068
2022-11-13 04:38:00.000000 UTC,11.545514087799999
2022-11-13 04:39:00.000000 UTC,11.2639519534
2022-11-13 04:40:00.000000 UTC,11.138219575
2022-11-13 04:41:00.000000 UTC,10.9142663294
2022-11-13 04:42:00.000000 UTC,11.9518084294
2022-11-13 04:43:00.000000 UTC,11.355464147200001
2022-11-13 04:44:00.000000 UTC,11.7185511516
2022-11-13 04:45:00.000000 UTC,11.504459371200001
2022-11-13 04:46:00.000000 UTC,11.008678587799999
2022-11-13 04:47:00.000000 UTC,11.0395190798
2022-11-13 04:48:00.000000 UTC,11.500699553
2022-11-13 04:49:00.000000 UTC,11.1700838746
2022-11-13 04:50:00.000000 UTC,10.8785575395
2022-11-13 04:51:00.000000 UTC,11.545277256
2022-11-13 04:52:00.000000 UTC,11.7137395014
2022-11-13 04:53:00.000000 UTC,12.009743887600001
2022-11-13 04:54:00.000000 UTC,11.6821076224
2022-11-13 04:55:00.000000 UTC,12.3637837364
2022-11-13 04:56:00.000000 UTC,11.4233434454
2022-11-13 04:57:00.000000 UTC,11.248959248
2022-11-13 04:58:00.000000 UTC,11.4434479674
2022-11-13 04:59:00.000000 UTC,11.4500952038
2022-11-13 05:00:00.000000 UTC,12.223125591799999
2022-11-13 05:01:00.000000 UTC,12.251385635
2022-11-13 05:02:00.000000 UTC,11.1979962236
2022-11-13 05:03:00.000000 UTC,11.334096755
2022-11-13 05:04:00.000000 UTC,11.239583342200001
2022-11-13 05:05:00.000000 UTC,10.962351507
2022-11-13 05:06:00.000000 UTC,11.3335390384
2022-11-13 05:07:00.000000 UTC,10.71294440625
2022-11-13 05:08:00.000000 UTC,10.236361263200001
2022-11-13 05:09:00.000000 UTC,10.9482302234
2022-11-13 05:10:00.000000 UTC,10.4161184838
2022-11-13 05:11:00.000000 UTC,10.649548939799999
2022-11-13 05:12:00.000000 UTC,10.841051155799999
2022-11-13 05:13:00.000000 UTC,11.5703521742
2022-11-13 05:14:00.000000 UTC,11.3982301716
2022-11-13 05:15:00.000000 UTC,11.525079741399999
2022-11-13 05:16:00.000000 UTC,11.0720921068
2022-11-13 05:17:00.000000 UTC,12.0143209772
2022-11-13 05:18:00.000000 UTC,12.203561212
2022-11-13 05:19:00.000000 UTC,12.4961237684
2022-11-13 05:20:00.000000 UTC,12.5814849058
2022-11-13 05:21:00.000000 UTC,12.2615294364
2022-11-13 05:22:00.000000 UTC,12.6998070174
2022-11-13 05:23:00.000000 UTC,11.9224782236
2022-11-13 05:24:00.000000 UTC,12.372820003600001
2022-11-13 05:25:00.000000 UTC,12.3887117044
2022-11-13 05:26:00.000000 UTC,12.6106503552
2022-11-13 05:27:00.000000 UTC,12.3642261438
2022-11-13 05:28:00.000000 UTC,12.2490039398
2022-11-13 05:29:00.000000 UTC,12.4128939958
2022-11-13 05:30:00.000000 UTC,12.304792252
2022-11-13 05:31:00.000000 UTC,12.509552230399999
2022-11-13 05:32:00.000000 UTC,12.167533069200001
2022-11-13 05:33:00.000000 UTC,12.150449573200001
2022-11-13 05:34:00.000000 UTC,12.107396145
2022-11-13 05:35:00.000000 UTC,12.421118556
2022-11-13 05:36:00.000000 UTC,12.1279624058
2022-11-13 05:37:00.000000 UTC,12.0142462294
2022-11-13 05:38:00.000000 UTC,11.6719100156
2022-11-13 05:39:00.000000 UTC,11.0882113518
2022-11-13 05:40:00.000000 UTC,10.613807183
2022-11-13 05:41:00.000000 UTC,10.69492308
2022-11-13 05:42:00.000000 UTC,11.4583833304
2022-11-13 05:43:00.000000 UTC,10.5749633456
2022-11-13 05:44:00.000000 UTC,12.337304114799998
2022-11-13 05:45:00.000000 UTC,11.437332943200001
2022-11-13 05:46:00.000000 UTC,11.4326036785
2022-11-13 05:47:00.000000 UTC,10.6996021814
2022-11-13 05:48:00.000000 UTC,11.0918622838
2022-11-13 05:49:00.000000 UTC,11.3049146876
2022-11-13 05:50:00.000000 UTC,11.5086537988
2022-11-13 05:51:00.000000 UTC,11.481894497
2022-11-13 05:52:00.000000 UTC,11.4360730998
2022-11-13 05:53:00.000000 UTC,11.536498548
2022-11-13 05:54:00.000000 UTC,10.9223004304
2022-11-13 05:55:00.000000 UTC,10.823378029799999
2022-11-13 05:56:00.000000 UTC,11.1709108244
2022-11-13 05:57:00.000000 UTC,10.6599665522
2022-11-13 05:58:00.000000 UTC,11.4232267372
2022-11-13 05:59:00.000000 UTC,12.3948688526
2022-11-13 06:00:00.000000 UTC,11.187599234799999
2022-11-13 06:01:00.000000 UTC,10.514117003600001
2022-11-13 06:02:00.000000 UTC,11.8694157346
2022-11-13 06:03:00.000000 UTC,10.418621174
2022-11-13 06:04:00.000000 UTC,11.0713500794
2022-11-13 06:05:00.000000 UTC,11.368745348600001
2022-11-13 06:06:00.000000 UTC,11.5497741174
2022-11-13 06:07:00.000000 UTC,11.2984993394
2022-11-13 06:08:00.000000 UTC,10.6661464908
2022-11-13 06:09:00.000000 UTC,11.7653320096
2022-11-13 06:10:00.000000 UTC,10.6618325724
2022-11-13 06:11:00.000000 UTC,10.6799213874
2022-11-13 06:12:00.000000 UTC,10.3486440436
2022-11-13 06:13:00.000000 UTC,10.6783208384
2022-11-13 06:14:00.000000 UTC,10.549035799
2022-11-13 06:15:00.000000 UTC,10.3339511778
2022-11-13 06:16:00.000000 UTC,10.9425435162
2022-11-13 06:17:00.000000 UTC,10.7642918988
2022-11-13 06:18:00.000000 UTC,10.758046226600001
2022-11-13 06:19:00.000000 UTC,10.8906344258
2022-11-13 06:20:00.000000 UTC,11.0850475176
2022-11-13 06:21:00.000000 UTC,11.0622330196
2022-11-13 06:22:00.000000 UTC,12.5790417256
2022-11-13 06:23:00.000000 UTC,11.513802264799999
2022-11-13 06:24:00.000000 UTC,11.0105437956
2022-11-13 06:25:00.000000 UTC,11.3891029402
2022-11-13 06:26:00.000000 UTC,11.3868950094
2022-11-13 06:27:00.000000 UTC,10.973270362200001
2022-11-13 06:28:00.000000 UTC,11.6654793806
2022-11-13 06:29:00.000000 UTC,11.698945524600001
2022-11-13 06:30:00.000000 UTC,11.569591782
2022-11-13 06:31:00.000000 UTC,13.0927855574
2022-11-13 06:32:00.000000 UTC,11.728716175
2022-11-13 06:33:00.000000 UTC,11.8966461194
2022-11-13 06:34:00.000000 UTC,11.0641213318
2022-11-13 06:35:00.000000 UTC,11.4634185894
2022-11-13 06:36:00.000000 UTC,11.3987135272
2022-11-13 06:37:00.000000 UTC,11.413007179600001
2022-11-13 06:38:00.000000 UTC,11.6616421874
2022-11-13 06:39:00.000000 UTC,11.898505117200001
2022-11-13 06:40:00.000000 UTC,10.6618775718
2022-11-13 06:41:00.000000 UTC,11.5179338836
2022-11-13 06:42:00.000000 UTC,11.3716068156
2022-11-13 06:43:00.000000 UTC,11.7461761272
2022-11-13 06:44:00.000000 UTC,11.7576685344
2022-11-13 06:45:00.000000 UTC,11.6456206546
2022-11-13 06:46:00.000000 UTC,11.6057321678
2022-11-13 06:47:00.000000 UTC,11.128803637399999
2022-11-13 06:48:00.000000 UTC,12.8201780462
2022-11-13 06:49:00.000000 UTC,12.454870043
2022-11-13 06:50:00.000000 UTC,11.9665026318
2022-11-13 06:51:00.000000 UTC,11.872486738600001
2022-11-13 06:52:00.000000 UTC,12.2487067924
2022-11-13 06:53:00.000000 UTC,11.774310897
2022-11-13 06:54:00.000000 UTC,11.9417075174
2022-11-13 06:55:00.000000 UTC,11.7283415416
2022-11-13 06:56:00.000000 UTC,11.7020942352
2022-11-13 06:57:00.000000 UTC,11.8086651716
2022-11-13 06:58:00.000000 UTC,11.539180955399999
2022-11-13 06:59:00.000000 UTC,11.182487401200001
2022-11-13 07:00:00.000000 UTC,13.6853375276
2022-11-13 07:01:00.000000 UTC,15.940356045
2022-11-13 07:02:00.000000 UTC,18.062044929400003
2022-11-13 07:03:00.000000 UTC,16.5157170124
2022-11-13 07:04:00.000000 UTC,14.6567667432
2022-11-13 07:05:00.000000 UTC,13.0858456876
2022-11-13 07:06:00.000000 UTC,12.8831715694
2022-11-13 07:07:00.000000 UTC,12.8922317394
2022-11-13 07:08:00.000000 UTC,13.0887296054
2022-11-13 07:09:00.000000 UTC,12.313378677600001
2022-11-13 07:10:00.000000 UTC,11.1034867076
2022-11-13 07:11:00.000000 UTC,11.6786661694
2022-11-13 07:12:00.000000 UTC,11.0655697926
2022-11-13 07:13:00.000000 UTC,11.747776525
2022-11-13 07:14:00.000000 UTC,11.469154149333335
2022-11-13 07:15:00.000000 UTC,11.8418494068
2022-11-13 07:16:00.000000 UTC,11.1227645396
2022-11-13 07:17:00.000000 UTC,10.9265916884
2022-11-13 07:18:00.000000 UTC,11.413355926200001
2022-11-13 07:19:00.000000 UTC,10.662927694799999
2022-11-13 07:20:00.000000 UTC,10.607230338799999
2022-11-13 07:21:00.000000 UTC,11.7757848222
2022-11-13 07:22:00.000000 UTC,11.088357419200001
2022-11-13 07:23:00.000000 UTC,12.1786454834
2022-11-13 07:24:00.000000 UTC,11.606041109
2022-11-13 07:25:00.000000 UTC,11.598954988600001
2022-11-13 07:26:00.000000 UTC,11.2239227928
2022-11-13 07:27:00.000000 UTC,11.0077733564
2022-11-13 07:28:00.000000 UTC,11.0886104886
2022-11-13 07:29:00.000000 UTC,11.8403014904
2022-11-13 07:30:00.000000 UTC,12.0896783302
2022-11-13 07:31:00.000000 UTC,12.288829627
2022-11-13 07:32:00.000000 UTC,11.7389069506
2022-11-13 07:33:00.000000 UTC,12.0561228944
2022-11-13 07:34:00.000000 UTC,12.059026164399999
2022-11-13 07:35:00.000000 UTC,11.5866025178
2022-11-13 07:36:00.000000 UTC,11.803577065799999
2022-11-13 07:37:00.000000 UTC,11.2883929106
2022-11-13 07:38:00.000000 UTC,14.502665009200001
2022-11-13 07:39:00.000000 UTC,13.425095264200001
2022-11-13 07:40:00.000000 UTC,11.7780036668
2022-11-13 07:41:00.000000 UTC,12.8562875816
2022-11-13 07:42:00.000000 UTC,12.309145772399999
2022-11-13 07:43:00.000000 UTC,12.487910741799999
2022-11-13 07:44:00.000000 UTC,11.582921724799998
2022-11-13 07:45:00.000000 UTC,11.9420828646
2022-11-13 07:46:00.000000 UTC,12.430790088
2022-11-13 07:47:00.000000 UTC,12.2857945664
2022-11-13 07:48:00.000000 UTC,12.904756106
2022-11-13 07:49:00.000000 UTC,11.9265635568
2022-11-13 07:50:00.000000 UTC,12.192877783799998
2022-11-13 07:51:00.000000 UTC,12.4794798334
2022-11-13 07:52:00.000000 UTC,13.164488315200002
2022-11-13 07:53:00.000000 UTC,12.1715688352
2022-11-13 07:54:00.000000 UTC,12.448319734
2022-11-13 07:55:00.000000 UTC,12.0154702126
2022-11-13 07:56:00.000000 UTC,11.614895564
2022-11-13 07:57:00.000000 UTC,13.1930831402
2022-11-13 07:58:00.000000 UTC,11.455975886200001
2022-11-13 07:59:00.000000 UTC,12.2256116876
2022-11-13 08:00:00.000000 UTC,12.65037509075
2022-11-13 08:01:00.000000 UTC,13.4018501806
2022-11-13 08:02:00.000000 UTC,12.3858519168
2022-11-13 08:03:00.000000 UTC,12.058574884799999
2022-11-13 08:04:00.000000 UTC,11.765948127
2022-11-13 08:05:00.000000 UTC,12.2685942518
2022-11-13 08:06:00.000000 UTC,12.2623703114
2022-11-13 08:07:00.000000 UTC,12.673519931200001
2022-11-13 08:08:00.000000 UTC,11.671072753
2022-11-13 08:09:00.000000 UTC,11.5142745954
2022-11-13 08:10:00.000000 UTC,11.468454450600001
2022-11-13 08:11:00.000000 UTC,11.1485967232
2022-11-13 08:12:00.000000 UTC,11.4574453932
2022-11-13 08:13:00.000000 UTC,11.5653458515
2022-11-13 08:14:00.000000 UTC,11.450956295
2022-11-13 08:15:00.000000 UTC,10.7287318566
2022-11-13 08:16:00.000000 UTC,11.2049573844
2022-11-13 08:17:00.000000 UTC,12.506739206
2022-11-13 08:18:00.000000 UTC,12.318701408399999
2022-11-13 08:19:00.000000 UTC,11.988348169
2022-11-13 08:20:00.000000 UTC,10.882597315
2022-11-13 08:21:00.000000 UTC,10.680711794799999
2022-11-13 08:22:00.000000 UTC,11.3976097202
2022-11-13 08:23:00.000000 UTC,10.9057851516
2022-11-13 08:24:00.000000 UTC,12.457986262799999
2022-11-13 08:25:00.000000 UTC,11.173711725
2022-11-13 08:26:00.000000 UTC,11.1776681862
2022-11-13 08:27:00.000000 UTC,11.8410967214
2022-11-13 08:28:00.000000 UTC,11.8331324514
2022-11-13 08:29:00.000000 UTC,11.212609802600001
2022-11-13 08:30:00.000000 UTC,12.3942059402
2022-11-13 08:31:00.000000 UTC,12.4415860962
2022-11-13 08:32:00.000000 UTC,11.7515452212
2022-11-13 08:33:00.000000 UTC,11.933438326
2022-11-13 08:34:00.000000 UTC,12.9042499005
2022-11-13 08:35:00.000000 UTC,12.5864545026
2022-11-13 08:36:00.000000 UTC,12.2568912198
2022-11-13 08:37:00.000000 UTC,11.6968256614
2022-11-13 08:38:00.000000 UTC,12.6343526116
2022-11-13 08:39:00.000000 UTC,13.8067880104
2022-11-13 08:40:00.000000 UTC,12.5393110226
2022-11-13 08:41:00.000000 UTC,11.4163387126
2022-11-13 08:42:00.000000 UTC,12.197619382
2022-11-13 08:43:00.000000 UTC,12.724187926399999
2022-11-13 08:44:00.000000 UTC,11.389413034799999
2022-11-13 08:45:00.000000 UTC,12.024847699799999
2022-11-13 08:46:00.000000 UTC,12.3243243396
2022-11-13 08:47:00.000000 UTC,14.3900660126
2022-11-13 08:48:00.000000 UTC,12.4024969122
2022-11-13 08:49:00.000000 UTC,12.5234095262
2022-11-13 08:50:00.000000 UTC,12.1163274502
2022-11-13 08:51:00.000000 UTC,12.1006865062
2022-11-13 08:52:00.000000 UTC,12.3490211474
2022-11-13 08:53:00.000000 UTC,12.047108271
2022-11-13 08:54:00.000000 UTC,11.3684850358
2022-11-13 08:55:00.000000 UTC,12.1258441416
2022-11-13 08:56:00.000000 UTC,11.733929553600001
2022-11-13 08:57:00.000000 UTC,12.3694531334
2022-11-13 08:58:00.000000 UTC,13.731788742600001
2022-11-13 08:59:00.000000 UTC,13.8718160284
2022-11-13 09:00:00.000000 UTC,13.3542070474
2022-11-13 09:01:00.000000 UTC,13.8523564888
2022-11-13 09:02:00.000000 UTC,13.7253273912
2022-11-13 09:03:00.000000 UTC,13.3479574882
2022-11-13 09:04:00.000000 UTC,12.442142935200001
2022-11-13 09:05:00.000000 UTC,12.0453316286
2022-11-13 09:06:00.000000 UTC,14.1215609124
2022-11-13 09:07:00.000000 UTC,15.565900121
2022-11-13 09:08:00.000000 UTC,15.402204655
2022-11-13 09:09:00.000000 UTC,14.1884922994
2022-11-13 09:10:00.000000 UTC,13.5452570928
2022-11-13 09:11:00.000000 UTC,13.931529988
2022-11-13 09:12:00.000000 UTC,13.019474670600001
2022-11-13 09:13:00.000000 UTC,12.3043657254
2022-11-13 09:14:00.000000 UTC,11.963510733200001
2022-11-13 09:15:00.000000 UTC,12.5497500326
2022-11-13 09:16:00.000000 UTC,11.809597161600001
2022-11-13 09:17:00.000000 UTC,12.757992138
2022-11-13 09:18:00.000000 UTC,12.379423596399999
2022-11-13 09:19:00.000000 UTC,13.187230019200001
2022-11-13 09:20:00.000000 UTC,12.29466261
2022-11-13 09:21:00.000000 UTC,12.1078092358
2022-11-13 09:22:00.000000 UTC,13.2557558962
2022-11-13 09:23:00.000000 UTC,12.467263467
2022-11-13 09:24:00.000000 UTC,12.6761297426
2022-11-13 09:25:00.000000 UTC,12.5888557862
2022-11-13 09:26:00.000000 UTC,12.593227661799999
2022-11-13 09:27:00.000000 UTC,12.1001848934
2022-11-13 09:28:00.000000 UTC,12.3021360086
2022-11-13 09:29:00.000000 UTC,11.9183854486
2022-11-13 09:30:00.000000 UTC,12.291708127200001
2022-11-13 09:31:00.000000 UTC,12.7619049122
2022-11-13 09:32:00.000000 UTC,12.927552577799998
2022-11-13 09:33:00.000000 UTC,12.4176710834
2022-11-13 09:34:00.000000 UTC,12.2568545214
2022-11-13 09:35:00.000000 UTC,12.6817615886
2022-11-13 09:36:00.000000 UTC,12.4455965776
2022-11-13 09:37:00.000000 UTC,13.0763374144
2022-11-13 09:38:00.000000 UTC,12.8414132064
2022-11-13 09:39:00.000000 UTC,11.7309691124
2022-11-13 09:40:00.000000 UTC,12.5544386648
2022-11-13 09:41:00.000000 UTC,13.252572
2022-11-13 09:42:00.000000 UTC,13.0309566112
2022-11-13 09:43:00.000000 UTC,12.4015471364
2022-11-13 09:44:00.000000 UTC,12.019933895
2022-11-13 09:45:00.000000 UTC,12.348341726600001
2022-11-13 09:46:00.000000 UTC,11.916178804200001
2022-11-13 09:47:00.000000 UTC,12.097997993
2022-11-13 09:48:00.000000 UTC,11.792934686799999
2022-11-13 09:49:00.000000 UTC,11.3347436512
2022-11-13 09:50:00.000000 UTC,10.8934909208
2022-11-13 09:51:00.000000 UTC,11.6164151918
2022-11-13 09:52:00.000000 UTC,11.456144945
2022-11-13 09:53:00.000000 UTC,11.711213273799999
2022-11-13 09:54:00.000000 UTC,11.1533765394
2022-11-13 09:55:00.000000 UTC,11.1499056174
2022-11-13 09:56:00.000000 UTC,11.3890005924
2022-11-13 09:57:00.000000 UTC,11.1566029526
2022-11-13 09:58:00.000000 UTC,10.484727948
2022-11-13 09:59:00.000000 UTC,11.7555340508
2022-11-13 10:00:00.000000 UTC,12.0664169608
2022-11-13 10:01:00.000000 UTC,12.923744285200002
2022-11-13 10:02:00.000000 UTC,14.474374635
2022-11-13 10:03:00.000000 UTC,14.952450873799998
2022-11-13 10:04:00.000000 UTC,14.9577917456
2022-11-13 10:05:00.000000 UTC,14.6642736678
2022-11-13 10:06:00.000000 UTC,14.7684946184
2022-11-13 10:07:00.000000 UTC,15.618677532
2022-11-13 10:08:00.000000 UTC,14.9749395084
2022-11-13 10:09:00.000000 UTC,13.5779584296
2022-11-13 10:10:00.000000 UTC,12.6919453414
2022-11-13 10:11:00.000000 UTC,12.4702623764
2022-11-13 10:12:00.000000 UTC,11.9989849806
2022-11-13 10:13:00.000000 UTC,11.456863374600001
2022-11-13 10:14:00.000000 UTC,11.5006822388
2022-11-13 10:15:00.000000 UTC,11.366025649200001
2022-11-13 10:16:00.000000 UTC,10.7711592268
2022-11-13 10:17:00.000000 UTC,11.129282787
2022-11-13 10:18:00.000000 UTC,12.649458523
2022-11-13 10:19:00.000000 UTC,12.38384664
2022-11-13 10:20:00.000000 UTC,12.861186829600001
2022-11-13 10:21:00.000000 UTC,12.737066541399999
2022-11-13 10:22:00.000000 UTC,12.6718535982
2022-11-13 10:23:00.000000 UTC,12.822565971200001
2022-11-13 10:24:00.000000 UTC,12.826419503799999
2022-11-13 10:25:00.000000 UTC,12.458354799
2022-11-13 10:26:00.000000 UTC,12.0332394936
2022-11-13 10:27:00.000000 UTC,12.1930398332
2022-11-13 10:28:00.000000 UTC,11.8658864102
2022-11-13 10:29:00.000000 UTC,12.1027424814
2022-11-13 10:30:00.000000 UTC,13.688724780200001
2022-11-13 10:31:00.000000 UTC,13.0814600704
2022-11-13 10:32:00.000000 UTC,12.2289661674
2022-11-13 10:33:00.000000 UTC,12.140411483600001
2022-11-13 10:34:00.000000 UTC,12.8188357454
2022-11-13 10:35:00.000000 UTC,12.149244644200001
2022-11-13 10:36:00.000000 UTC,12.2292300088
2022-11-13 10:37:00.000000 UTC,12.1726109518
2022-11-13 10:38:00.000000 UTC,11.1027420214
2022-11-13 10:39:00.000000 UTC,12.3192697405
2022-11-13 10:40:00.000000 UTC,12.2697016162
2022-11-13 10:41:00.000000 UTC,12.4143989946
2022-11-13 10:42:00.000000 UTC,12.518902414600001
2022-11-13 10:43:00.000000 UTC,11.516188299
2022-11-13 10:44:00.000000 UTC,10.968266287
2022-11-13 10:45:00.000000 UTC,10.9174484104
2022-11-13 10:46:00.000000 UTC,10.8836095036
2022-11-13 10:47:00.000000 UTC,10.889956138799999
2022-11-13 10:48:00.000000 UTC,11.2152663702
2022-11-13 10:49:00.000000 UTC,10.8742436904
2022-11-13 10:50:00.000000 UTC,11.1036519728
2022-11-13 10:51:00.000000 UTC,11.7672871972
2022-11-13 10:52:00.000000 UTC,10.8677396214
2022-11-13 10:53:00.000000 UTC,11.4102734552
2022-11-13 10:54:00.000000 UTC,10.5110441056
2022-11-13 10:55:00.000000 UTC,10.594944563799999
2022-11-13 10:56:00.000000 UTC,11.7609387116
2022-11-13 10:57:00.000000 UTC,11.2901267432
2022-11-13 10:58:00.000000 UTC,11.961720935799999
2022-11-13 10:59:00.000000 UTC,11.4444594684
2022-11-13 11:00:00.000000 UTC,11.8030272536
2022-11-13 11:01:00.000000 UTC,11.4531003615
2022-11-13 11:02:00.000000 UTC,12.967428031799999
2022-11-13 11:03:00.000000 UTC,12.6230083032
2022-11-13 11:04:00.000000 UTC,12.784054964200001
2022-11-13 11:05:00.000000 UTC,12.372967063799999
2022-11-13 11:06:00.000000 UTC,12.4564572996
2022-11-13 11:07:00.000000 UTC,11.744092520799999
2022-11-13 11:08:00.000000 UTC,11.493861911
2022-11-13 11:09:00.000000 UTC,12.9519978754
2022-11-13 11:10:00.000000 UTC,12.3130140038
2022-11-13 11:11:00.000000 UTC,12.350149367799999
2022-11-13 11:12:00.000000 UTC,13.9627274178
2022-11-13 11:13:00.000000 UTC,14.999246468399999
2022-11-13 11:14:00.000000 UTC,14.7243594564
2022-11-13 11:15:00.000000 UTC,16.8862754282
2022-11-13 11:16:00.000000 UTC,18.859412654
2022-11-13 11:17:00.000000 UTC,22.684906157599997
2022-11-13 11:18:00.000000 UTC,25.70596915125
2022-11-13 11:19:00.000000 UTC,25.9453715604
2022-11-13 11:20:00.000000 UTC,21.389685328
2022-11-13 11:21:00.000000 UTC,17.8674207338
2022-11-13 11:22:00.000000 UTC,16.877736798
2022-11-13 11:23:00.000000 UTC,15.5375029556
2022-11-13 11:24:00.000000 UTC,14.6804666238
2022-11-13 11:25:00.000000 UTC,13.554384798
2022-11-13 11:26:00.000000 UTC,12.966255286600001
2022-11-13 11:27:00.000000 UTC,13.3482094462
2022-11-13 11:28:00.000000 UTC,12.5438090254
2022-11-13 11:29:00.000000 UTC,12.1603346186
2022-11-13 11:30:00.000000 UTC,13.349675404600001
2022-11-13 11:31:00.000000 UTC,12.9941785564
2022-11-13 11:32:00.000000 UTC,12.8314831368
2022-11-13 11:33:00.000000 UTC,14.182723826799998
2022-11-13 11:34:00.000000 UTC,16.020351959
2022-11-13 11:35:00.000000 UTC,16.6498171142
2022-11-13 11:36:00.000000 UTC,15.523207371200002
2022-11-13 11:37:00.000000 UTC,15.2597745386
2022-11-13 11:38:00.000000 UTC,15.878909477399999
2022-11-13 11:39:00.000000 UTC,15.969833448200001
2022-11-13 11:40:00.000000 UTC,17.0073149148
2022-11-13 11:41:00.000000 UTC,15.6146419294
2022-11-13 11:42:00.000000 UTC,13.945093776
2022-11-13 11:43:00.000000 UTC,13.8861514982
2022-11-13 11:44:00.000000 UTC,13.0450968594
2022-11-13 11:45:00.000000 UTC,11.8940577288
2022-11-13 11:46:00.000000 UTC,11.7174367002
2022-11-13 11:47:00.000000 UTC,12.6791330486
2022-11-13 11:48:00.000000 UTC,11.674080493
2022-11-13 11:49:00.000000 UTC,12.0192661954
2022-11-13 11:50:00.000000 UTC,11.2253108172
2022-11-13 11:51:00.000000 UTC,11.4854077034
2022-11-13 11:52:00.000000 UTC,10.8445824482
2022-11-13 11:53:00.000000 UTC,11.138595322
2022-11-13 11:54:00.000000 UTC,11.147429034
2022-11-13 11:55:00.000000 UTC,10.6762780388
2022-11-13 11:56:00.000000 UTC,10.8454676146
2022-11-13 11:57:00.000000 UTC,10.960367616600001
2022-11-13 11:58:00.000000 UTC,10.638749255799999
2022-11-13 11:59:00.000000 UTC,10.884881247
2022-11-13 12:00:00.000000 UTC,12.640785191600001
2022-11-13 12:01:00.000000 UTC,13.421093432600001
2022-11-13 12:02:00.000000 UTC,13.0911895366
2022-11-13 12:03:00.000000 UTC,12.411450976200001
2022-11-13 12:04:00.000000 UTC,11.8105202694
2022-11-13 12:05:00.000000 UTC,11.1365378152
2022-11-13 12:06:00.000000 UTC,10.620238812799998
2022-11-13 12:07:00.000000 UTC,13.0212466786
2022-11-13 12:08:00.000000 UTC,12.739863999799999
2022-11-13 12:09:00.000000 UTC,11.5461659344
2022-11-13 12:10:00.000000 UTC,11.1032030612
2022-11-13 12:11:00.000000 UTC,10.3026425544
2022-11-13 12:12:00.000000 UTC,10.348473960200002
2022-11-13 12:13:00.000000 UTC,10.8503112232
2022-11-13 12:14:00.000000 UTC,10.36664164
2022-11-13 12:15:00.000000 UTC,10.4043154232
2022-11-13 12:16:00.000000 UTC,10.725788126600001
2022-11-13 12:17:00.000000 UTC,10.6518602286
2022-11-13 12:18:00.000000 UTC,11.4034621854
2022-11-13 12:19:00.000000 UTC,10.580887957
2022-11-13 12:20:00.000000 UTC,10.3917070108
2022-11-13 12:21:00.000000 UTC,10.6847517472
2022-11-13 12:22:00.000000 UTC,10.7462548084
2022-11-13 12:23:00.000000 UTC,10.907157301
2022-11-13 12:24:00.000000 UTC,12.003010136
2022-11-13 12:25:00.000000 UTC,12.0369298204
2022-11-13 12:26:00.000000 UTC,12.354288922
2022-11-13 12:27:00.000000 UTC,11.9300747328
2022-11-13 12:28:00.000000 UTC,11.9280710678
2022-11-13 12:29:00.000000 UTC,11.1464633954
2022-11-13 12:30:00.000000 UTC,11.653112051
2022-11-13 12:31:00.000000 UTC,11.6868843344
2022-11-13 12:32:00.000000 UTC,11.394319863200002
2022-11-13 12:33:00.000000 UTC,12.254113975
2022-11-13 12:34:00.000000 UTC,13.093033707
2022-11-13 12:35:00.000000 UTC,11.6163007968
2022-11-13 12:36:00.000000 UTC,13.1260457396
2022-11-13 12:37:00.000000 UTC,12.8807632698
2022-11-13 12:38:00.000000 UTC,12.0368874764
2022-11-13 12:39:00.000000 UTC,10.9360766378
2022-11-13 12:40:00.000000 UTC,10.703102409200001
2022-11-13 12:41:00.000000 UTC,10.2246323756
2022-11-13 12:42:00.000000 UTC,11.7107975834
2022-11-13 12:43:00.000000 UTC,11.415119295
2022-11-13 12:44:00.000000 UTC,10.658200924399999
2022-11-13 12:45:00.000000 UTC,10.8624371306
2022-11-13 12:46:00.000000 UTC,10.5541567824
2022-11-13 12:47:00.000000 UTC,12.1221174154
2022-11-13 12:48:00.000000 UTC,11.3364596262
2022-11-13 12:49:00.000000 UTC,11.6845072372
2022-11-13 12:50:00.000000 UTC,11.7295527858
2022-11-13 12:51:00.000000 UTC,11.4120540592
2022-11-13 12:52:00.000000 UTC,10.8489039046
2022-11-13 12:53:00.000000 UTC,11.533279847600001
2022-11-13 12:54:00.000000 UTC,11.1833856716
2022-11-13 12:55:00.000000 UTC,12.8086417534
2022-11-13 12:56:00.000000 UTC,12.0011136242
2022-11-13 12:57:00.000000 UTC,11.7448219794
2022-11-13 12:58:00.000000 UTC,11.1270333632
2022-11-13 12:59:00.000000 UTC,11.8808814354
2022-11-13 13:00:00.000000 UTC,11.7620779834
2022-11-13 13:01:00.000000 UTC,12.807305970200002
2022-11-13 13:02:00.000000 UTC,12.291357713
2022-11-13 13:03:00.000000 UTC,11.680878071799999
2022-11-13 13:04:00.000000 UTC,11.85167861725
2022-11-13 13:05:00.000000 UTC,12.419340796799998
2022-11-13 13:06:00.000000 UTC,12.2669209766
2022-11-13 13:07:00.000000 UTC,12.1975816688
2022-11-13 13:08:00.000000 UTC,12.64395512825
2022-11-13 13:09:00.000000 UTC,12.7328809304
2022-11-13 13:10:00.000000 UTC,12.98432389675
2022-11-13 13:11:00.000000 UTC,13.241008128799999
2022-11-13 13:12:00.000000 UTC,13.2768568996
2022-11-13 13:13:00.000000 UTC,12.652964563
2022-11-13 13:14:00.000000 UTC,12.2530572308
2022-11-13 13:15:00.000000 UTC,12.1077762042
2022-11-13 13:16:00.000000 UTC,11.9641299926
2022-11-13 13:17:00.000000 UTC,11.7014896134
2022-11-13 13:18:00.000000 UTC,11.8723639446
2022-11-13 13:19:00.000000 UTC,11.6228342608
2022-11-13 13:20:00.000000 UTC,12.488552836799999
2022-11-13 13:21:00.000000 UTC,11.557002817
2022-11-13 13:22:00.000000 UTC,12.1663548494
2022-11-13 13:23:00.000000 UTC,11.7428429696
2022-11-13 13:24:00.000000 UTC,11.2999665266
2022-11-13 13:25:00.000000 UTC,12.6349202054
2022-11-13 13:26:00.000000 UTC,12.3567512492
2022-11-13 13:27:00.000000 UTC,11.5171244974
2022-11-13 13:28:00.000000 UTC,11.253828943
2022-11-13 13:29:00.000000 UTC,10.9320228872
2022-11-13 13:30:00.000000 UTC,12.609590578799999
2022-11-13 13:31:00.000000 UTC,12.518229640200001
2022-11-13 13:32:00.000000 UTC,11.7629210564
2022-11-13 13:33:00.000000 UTC,11.9500994556
2022-11-13 13:34:00.000000 UTC,12.029920495399999
2022-11-13 13:35:00.000000 UTC,11.6023256404
2022-11-13 13:36:00.000000 UTC,12.0248389982
2022-11-13 13:37:00.000000 UTC,12.1899692524
2022-11-13 13:38:00.000000 UTC,12.0489865226
2022-11-13 13:39:00.000000 UTC,12.217922485399999
2022-11-13 13:40:00.000000 UTC,14.293794398
2022-11-13 13:41:00.000000 UTC,15.8524456366
2022-11-13 13:42:00.000000 UTC,16.6285574582
2022-11-13 13:43:00.000000 UTC,16.6190423014
2022-11-13 13:44:00.000000 UTC,16.0410415678
2022-11-13 13:45:00.000000 UTC,15.926300448
2022-11-13 13:46:00.000000 UTC,17.572274783
2022-11-13 13:47:00.000000 UTC,17.1145975796
2022-11-13 13:48:00.000000 UTC,16.3102855652
2022-11-13 13:49:00.000000 UTC,15.3381774734
2022-11-13 13:50:00.000000 UTC,14.5833277184
2022-11-13 13:51:00.000000 UTC,14.324257128600001
2022-11-13 13:52:00.000000 UTC,13.770432266799999
2022-11-13 13:53:00.000000 UTC,13.5349142464
2022-11-13 13:54:00.000000 UTC,13.3531350682
2022-11-13 13:55:00.000000 UTC,14.7039945666
2022-11-13 13:56:00.000000 UTC,14.205412229
2022-11-13 13:57:00.000000 UTC,16.824163019
2022-11-13 13:58:00.000000 UTC,16.0676715706
2022-11-13 13:59:00.000000 UTC,14.796025109
2022-11-13 14:00:00.000000 UTC,14.172637436799999
2022-11-13 14:01:00.000000 UTC,14.4981499724
2022-11-13 14:02:00.000000 UTC,14.411461300600001
2022-11-13 14:03:00.000000 UTC,13.946284872200001
2022-11-13 14:04:00.000000 UTC,14.8287743674
2022-11-13 14:05:00.000000 UTC,14.289207788
2022-11-13 14:06:00.000000 UTC,13.779926441
2022-11-13 14:07:00.000000 UTC,13.9954366322
2022-11-13 14:08:00.000000 UTC,13.9505460944
2022-11-13 14:09:00.000000 UTC,14.244872024200001
2022-11-13 14:10:00.000000 UTC,13.4251110502
2022-11-13 14:11:00.000000 UTC,14.8852081274
2022-11-13 14:12:00.000000 UTC,14.552359183
2022-11-13 14:13:00.000000 UTC,14.2227749954
2022-11-13 14:14:00.000000 UTC,14.344153882
2022-11-13 14:15:00.000000 UTC,14.372285935799999
2022-11-13 14:16:00.000000 UTC,14.1042225158
2022-11-13 14:17:00.000000 UTC,13.1968036342
2022-11-13 14:18:00.000000 UTC,12.5180531362
2022-11-13 14:19:00.000000 UTC,12.0361935674
2022-11-13 14:20:00.000000 UTC,11.932824544
2022-11-13 14:21:00.000000 UTC,12.840076674
2022-11-13 14:22:00.000000 UTC,12.7773732942
2022-11-13 14:23:00.000000 UTC,13.4217868346
2022-11-13 14:24:00.000000 UTC,12.839947310200001
2022-11-13 14:25:00.000000 UTC,13.03223499
2022-11-13 14:26:00.000000 UTC,13.1070149478
2022-11-13 14:27:00.000000 UTC,12.6208359974
2022-11-13 14:28:00.000000 UTC,12.977163322200001
2022-11-13 14:29:00.000000 UTC,12.5947584694
2022-11-13 14:30:00.000000 UTC,12.553899905200002
2022-11-13 14:31:00.000000 UTC,14.7198567928
2022-11-13 14:32:00.000000 UTC,14.7485389668
2022-11-13 14:33:00.000000 UTC,14.553963007
2022-11-13 14:34:00.000000 UTC,14.6131216576
2022-11-13 14:35:00.000000 UTC,14.348372954
2022-11-13 14:36:00.000000 UTC,14.2053926726
2022-11-13 14:37:00.000000 UTC,14.9867535784
2022-11-13 14:38:00.000000 UTC,15.040647121
2022-11-13 14:39:00.000000 UTC,15.2461253894
2022-11-13 14:40:00.000000 UTC,14.768108277200001
2022-11-13 14:41:00.000000 UTC,14.601975466799999
2022-11-13 14:42:00.000000 UTC,14.0930677442
2022-11-13 14:43:00.000000 UTC,12.7071787644
2022-11-13 14:44:00.000000 UTC,12.91438236
2022-11-13 14:45:00.000000 UTC,13.7061515225
2022-11-13 14:46:00.000000 UTC,12.9482346424
2022-11-13 14:47:00.000000 UTC,13.886080655399999
2022-11-13 14:48:00.000000 UTC,13.8435615624
2022-11-13 14:49:00.000000 UTC,14.670379301399999
2022-11-13 14:50:00.000000 UTC,14.2055095036
2022-11-13 14:51:00.000000 UTC,13.3152740822
2022-11-13 14:52:00.000000 UTC,14.2894152348
2022-11-13 14:53:00.000000 UTC,14.0565064206
2022-11-13 14:54:00.000000 UTC,14.329760296
2022-11-13 14:55:00.000000 UTC,15.2116926942
2022-11-13 14:56:00.000000 UTC,15.7156056756
2022-11-13 14:57:00.000000 UTC,16.0373545544
2022-11-13 14:58:00.000000 UTC,14.7298553314
2022-11-13 14:59:00.000000 UTC,13.7420447638
2022-11-13 15:00:00.000000 UTC,15.672962164600001
2022-11-13 15:01:00.000000 UTC,14.7448182592
2022-11-13 15:02:00.000000 UTC,14.7050093574
2022-11-13 15:03:00.000000 UTC,14.504221628200002
2022-11-13 15:04:00.000000 UTC,13.7576404272
2022-11-13 15:05:00.000000 UTC,13.171543317600001
2022-11-13 15:06:00.000000 UTC,14.3731525678
2022-11-13 15:07:00.000000 UTC,13.7803003426
2022-11-13 15:08:00.000000 UTC,14.428264092200001
2022-11-13 15:09:00.000000 UTC,14.796235060799999
2022-11-13 15:10:00.000000 UTC,14.540578566399999
2022-11-13 15:11:00.000000 UTC,14.1173190148
2022-11-13 15:12:00.000000 UTC,14.4174465356
2022-11-13 15:13:00.000000 UTC,14.507824689200001
2022-11-13 15:14:00.000000 UTC,14.1664874334
2022-11-13 15:15:00.000000 UTC,14.9285621938
2022-11-13 15:16:00.000000 UTC,14.5191595328
2022-11-13 15:17:00.000000 UTC,13.5582857744
2022-11-13 15:18:00.000000 UTC,14.8508951474
2022-11-13 15:19:00.000000 UTC,17.654804843599997
2022-11-13 15:20:00.000000 UTC,17.526481069
2022-11-13 15:21:00.000000 UTC,16.412115604
2022-11-13 15:22:00.000000 UTC,17.5995095678
2022-11-13 15:23:00.000000 UTC,18.1796761702
2022-11-13 15:24:00.000000 UTC,17.289912619400003
2022-11-13 15:25:00.000000 UTC,16.134018997600002
2022-11-13 15:26:00.000000 UTC,15.2918169636
2022-11-13 15:27:00.000000 UTC,14.8950943794
2022-11-13 15:28:00.000000 UTC,14.010623482
2022-11-13 15:29:00.000000 UTC,13.6866426824
2022-11-13 15:30:00.000000 UTC,14.342232926600001
2022-11-13 15:31:00.000000 UTC,16.061136045
2022-11-13 15:32:00.000000 UTC,15.1122575194
2022-11-13 15:33:00.000000 UTC,15.31351375
2022-11-13 15:34:00.000000 UTC,16.7193811418
2022-11-13 15:35:00.000000 UTC,15.7103236536
2022-11-13 15:36:00.000000 UTC,15.1218539448
2022-11-13 15:37:00.000000 UTC,14.748980205799999
2022-11-13 15:38:00.000000 UTC,14.319479614799999
2022-11-13 15:39:00.000000 UTC,14.1290769526
2022-11-13 15:40:00.000000 UTC,15.498608535799999
2022-11-13 15:41:00.000000 UTC,15.6442281418
2022-11-13 15:42:00.000000 UTC,15.924860936
2022-11-13 15:43:00.000000 UTC,16.565597788399998
2022-11-13 15:44:00.000000 UTC,17.063591869
2022-11-13 15:45:00.000000 UTC,16.0514343026
2022-11-13 15:46:00.000000 UTC,16.1518172082
2022-11-13 15:47:00.000000 UTC,15.7308584338
2022-11-13 15:48:00.000000 UTC,17.040698082200002
2022-11-13 15:49:00.000000 UTC,19.377445726799998
2022-11-13 15:50:00.000000 UTC,18.263044467
2022-11-13 15:51:00.000000 UTC,17.324388074799998
2022-11-13 15:52:00.000000 UTC,16.5771339062
2022-11-13 15:53:00.000000 UTC,16.3833681188
2022-11-13 15:54:00.000000 UTC,18.28587815
2022-11-13 15:55:00.000000 UTC,16.8125875148
2022-11-13 15:56:00.000000 UTC,15.4333034084
2022-11-13 15:57:00.000000 UTC,14.8799548282
2022-11-13 15:58:00.000000 UTC,14.7211145734
2022-11-13 15:59:00.000000 UTC,14.4473005904
2022-11-13 16:00:00.000000 UTC,16.2466891374
2022-11-13 16:01:00.000000 UTC,17.4696567822
2022-11-13 16:02:00.000000 UTC,16.8566739924
2022-11-13 16:03:00.000000 UTC,17.0096527428
2022-11-13 16:04:00.000000 UTC,16.8874970436
2022-11-13 16:05:00.000000 UTC,15.6072625956
2022-11-13 16:06:00.000000 UTC,15.243410582
2022-11-13 16:07:00.000000 UTC,15.316464964200001
2022-11-13 16:08:00.000000 UTC,15.142534515200001
2022-11-13 16:09:00.000000 UTC,14.7316341946
2022-11-13 16:10:00.000000 UTC,15.209989045799999
2022-11-13 16:11:00.000000 UTC,14.8270004524
2022-11-13 16:12:00.000000 UTC,14.7535197194
2022-11-13 16:13:00.000000 UTC,13.9156981482
2022-11-13 16:14:00.000000 UTC,14.465224732600001
2022-11-13 16:15:00.000000 UTC,14.2971885392
2022-11-13 16:16:00.000000 UTC,13.9979713014
2022-11-13 16:17:00.000000 UTC,13.6540766026
2022-11-13 16:18:00.000000 UTC,14.6335952776
2022-11-13 16:19:00.000000 UTC,14.291511993799999
2022-11-13 16:20:00.000000 UTC,14.001444606
2022-11-13 16:21:00.000000 UTC,15.0067836126
2022-11-13 16:22:00.000000 UTC,15.060007204200001
2022-11-13 16:23:00.000000 UTC,13.912727329600001
2022-11-13 16:24:00.000000 UTC,15.1106430946
2022-11-13 16:25:00.000000 UTC,14.8803038496
2022-11-13 16:26:00.000000 UTC,14.341134407
2022-11-13 16:27:00.000000 UTC,14.250233641200001
2022-11-13 16:28:00.000000 UTC,14.0223083236
2022-11-13 16:29:00.000000 UTC,15.44911238
2022-11-13 16:30:00.000000 UTC,16.3201189718
2022-11-13 16:31:00.000000 UTC,17.362511514
2022-11-13 16:32:00.000000 UTC,15.8743879078
2022-11-13 16:33:00.000000 UTC,15.130781774799999
2022-11-13 16:34:00.000000 UTC,15.575128164
2022-11-13 16:35:00.000000 UTC,15.2506451418
2022-11-13 16:36:00.000000 UTC,14.929689302
2022-11-13 16:37:00.000000 UTC,15.055008583200001
2022-11-13 16:38:00.000000 UTC,14.5463003494
2022-11-13 16:39:00.000000 UTC,15.4464861884
2022-11-13 16:40:00.000000 UTC,16.178699874
2022-11-13 16:41:00.000000 UTC,17.1048822234
2022-11-13 16:42:00.000000 UTC,16.8967778016
2022-11-13 16:43:00.000000 UTC,15.8453026186
2022-11-13 16:44:00.000000 UTC,15.977474807
2022-11-13 16:45:00.000000 UTC,14.852022456799999
2022-11-13 16:46:00.000000 UTC,15.328632022799999
2022-11-13 16:47:00.000000 UTC,14.814397544799998
2022-11-13 16:48:00.000000 UTC,15.4357254484
2022-11-13 16:49:00.000000 UTC,14.836370834799999
2022-11-13 16:50:00.000000 UTC,15.0657716142
2022-11-13 16:51:00.000000 UTC,15.964789447600001
2022-11-13 16:52:00.000000 UTC,15.5862662192
2022-11-13 16:53:00.000000 UTC,14.0226426888
2022-11-13 16:54:00.000000 UTC,15.2672971536
2022-11-13 16:55:00.000000 UTC,15.6430635025
2022-11-13 16:56:00.000000 UTC,15.3884010394
2022-11-13 16:57:00.000000 UTC,14.922522396200002
2022-11-13 16:58:00.000000 UTC,15.5074688148
2022-11-13 16:59:00.000000 UTC,15.4937980292
2022-11-13 17:00:00.000000 UTC,15.946295068200001
2022-11-13 17:01:00.000000 UTC,16.4650331986
2022-11-13 17:02:00.000000 UTC,16.6150848944
2022-11-13 17:03:00.000000 UTC,16.108602734799998
2022-11-13 17:04:00.000000 UTC,15.5280829974
2022-11-13 17:05:00.000000 UTC,14.9221698778
2022-11-13 17:06:00.000000 UTC,14.830431568
2022-11-13 17:07:00.000000 UTC,14.096547146
2022-11-13 17:08:00.000000 UTC,14.6240902818
2022-11-13 17:09:00.000000 UTC,14.4677370856
2022-11-13 17:10:00.000000 UTC,15.3110026848
2022-11-13 17:11:00.000000 UTC,16.06620559
2022-11-13 17:12:00.000000 UTC,15.4593082362
2022-11-13 17:13:00.000000 UTC,15.5409212588
2022-11-13 17:14:00.000000 UTC,15.632582505
2022-11-13 17:15:00.000000 UTC,17.1614953624
2022-11-13 17:16:00.000000 UTC,20.6439429426
2022-11-13 17:17:00.000000 UTC,21.029582177
2022-11-13 17:18:00.000000 UTC,19.901285831
2022-11-13 17:19:00.000000 UTC,19.572983629
2022-11-13 17:20:00.000000 UTC,18.4114015
2022-11-13 17:21:00.000000 UTC,17.767161473799998
2022-11-13 17:22:00.000000 UTC,17.1637304068
2022-11-13 17:23:00.000000 UTC,16.6704265068
2022-11-13 17:24:00.000000 UTC,16.6214263824
2022-11-13 17:25:00.000000 UTC,16.5294231896
2022-11-13 17:26:00.000000 UTC,16.4171567744
2022-11-13 17:27:00.000000 UTC,16.0145922902
2022-11-13 17:28:00.000000 UTC,15.9340623974
2022-11-13 17:29:00.000000 UTC,15.344847593
2022-11-13 17:30:00.000000 UTC,16.2473004954
2022-11-13 17:31:00.000000 UTC,17.6932005534
2022-11-13 17:32:00.000000 UTC,17.3301898006
2022-11-13 17:33:00.000000 UTC,17.1116068726
2022-11-13 17:34:00.000000 UTC,16.759319647399998
2022-11-13 17:35:00.000000 UTC,16.5265929734
2022-11-13 17:36:00.000000 UTC,16.516700925600002
2022-11-13 17:37:00.000000 UTC,17.1023985912
2022-11-13 17:38:00.000000 UTC,17.548667654400003
2022-11-13 17:39:00.000000 UTC,17.668178085599997
2022-11-13 17:40:00.000000 UTC,16.6973493416
2022-11-13 17:41:00.000000 UTC,16.1546110026
2022-11-13 17:42:00.000000 UTC,15.762672532
2022-11-13 17:43:00.000000 UTC,15.6688161826
2022-11-13 17:44:00.000000 UTC,16.0416368464
2022-11-13 17:45:00.000000 UTC,15.9519958084
2022-11-13 17:46:00.000000 UTC,15.1203148088
2022-11-13 17:47:00.000000 UTC,15.4044229626
2022-11-13 17:48:00.000000 UTC,14.777407307799999
2022-11-13 17:49:00.000000 UTC,16.0105759096
2022-11-13 17:50:00.000000 UTC,15.794007928
2022-11-13 17:51:00.000000 UTC,15.5455780118
2022-11-13 17:52:00.000000 UTC,15.2037023638
2022-11-13 17:53:00.000000 UTC,14.5203370668
2022-11-13 17:54:00.000000 UTC,14.562772678
2022-11-13 17:55:00.000000 UTC,14.529485874
2022-11-13 17:56:00.000000 UTC,15.0937207548
2022-11-13 17:57:00.000000 UTC,15.171690393799999
2022-11-13 17:58:00.000000 UTC,13.67039759
2022-11-13 17:59:00.000000 UTC,13.819965300200002
2022-11-13 18:00:00.000000 UTC,15.909335100200002
2022-11-13 18:01:00.000000 UTC,15.8266956412
2022-11-13 18:02:00.000000 UTC,17.8396980688
2022-11-13 18:03:00.000000 UTC,27.1426865306
2022-11-13 18:04:00.000000 UTC,44.717836723400005
2022-11-13 18:05:00.000000 UTC,49.9310488566
2022-11-13 18:06:00.000000 UTC,50.7300026924
2022-11-13 18:07:00.000000 UTC,49.757126502
2022-11-13 18:08:00.000000 UTC,49.0536787124
2022-11-13 18:09:00.000000 UTC,50.7017965392
2022-11-13 18:10:00.000000 UTC,43.74125978
2022-11-13 18:11:00.000000 UTC,37.931050303599996
2022-11-13 18:12:00.000000 UTC,31.808957289
2022-11-13 18:13:00.000000 UTC,28.511012565799998
2022-11-13 18:14:00.000000 UTC,25.666608457400002
2022-11-13 18:15:00.000000 UTC,24.525168282400003
2022-11-13 18:16:00.000000 UTC,21.9063022098
2022-11-13 18:17:00.000000 UTC,20.543753722
2022-11-13 18:18:00.000000 UTC,18.927117148
2022-11-13 18:19:00.000000 UTC,19.212127288
2022-11-13 18:20:00.000000 UTC,20.2748924144
2022-11-13 18:21:00.000000 UTC,19.2621593668
2022-11-13 18:22:00.000000 UTC,18.2899582538
2022-11-13 18:23:00.000000 UTC,18.5040503902
2022-11-13 18:24:00.000000 UTC,18.504681693
2022-11-13 18:25:00.000000 UTC,17.7848773688
2022-11-13 18:26:00.000000 UTC,16.8127682026
2022-11-13 18:27:00.000000 UTC,16.4994462602
2022-11-13 18:28:00.000000 UTC,16.621005314399998
2022-11-13 18:29:00.000000 UTC,17.104828431399998
2022-11-13 18:30:00.000000 UTC,17.4804998044
2022-11-13 18:31:00.000000 UTC,17.9506588542
2022-11-13 18:32:00.000000 UTC,18.5175468566
2022-11-13 18:33:00.000000 UTC,19.654438865
2022-11-13 18:34:00.000000 UTC,20.01652793925
2022-11-13 18:35:00.000000 UTC,19.6046489304
2022-11-13 18:36:00.000000 UTC,20.9204334038
2022-11-13 18:37:00.000000 UTC,20.507267503799998
2022-11-13 18:38:00.000000 UTC,19.3520597682
2022-11-13 18:39:00.000000 UTC,17.8124881222
2022-11-13 18:40:00.000000 UTC,16.1562349346
2022-11-13 18:41:00.000000 UTC,15.2215896478
2022-11-13 18:42:00.000000 UTC,15.771565878
2022-11-13 18:43:00.000000 UTC,15.487230643
2022-11-13 18:44:00.000000 UTC,14.927123994799999
2022-11-13 18:45:00.000000 UTC,15.0886976052
2022-11-13 18:46:00.000000 UTC,14.5039091736
2022-11-13 18:47:00.000000 UTC,15.027385912200002
2022-11-13 18:48:00.000000 UTC,15.3894592776
2022-11-13 18:49:00.000000 UTC,14.741878676
2022-11-13 18:50:00.000000 UTC,14.1761418686
2022-11-13 18:51:00.000000 UTC,16.8570940412
2022-11-13 18:52:00.000000 UTC,16.9968178488
2022-11-13 18:53:00.000000 UTC,15.234438181200002
2022-11-13 18:54:00.000000 UTC,13.9050327072
2022-11-13 18:55:00.000000 UTC,14.5722854848
2022-11-13 18:56:00.000000 UTC,14.6646603952
2022-11-13 18:57:00.000000 UTC,15.41296474
2022-11-13 18:58:00.000000 UTC,16.2104458608
2022-11-13 18:59:00.000000 UTC,20.338960305
2022-11-13 19:00:00.000000 UTC,24.685874462
2022-11-13 19:01:00.000000 UTC,23.6927113756
2022-11-13 19:02:00.000000 UTC,23.8583940402
2022-11-13 19:03:00.000000 UTC,25.979710906599998
2022-11-13 19:04:00.000000 UTC,25.461877089
2022-11-13 19:05:00.000000 UTC,23.032671045599997
2022-11-13 19:06:00.000000 UTC,22.226936905
2022-11-13 19:07:00.000000 UTC,21.0676802784
2022-11-13 19:08:00.000000 UTC,18.548798140200002
2022-11-13 19:09:00.000000 UTC,16.9145488294
2022-11-13 19:10:00.000000 UTC,18.088758346200002
2022-11-13 19:11:00.000000 UTC,25.0832142282
2022-11-13 19:12:00.000000 UTC,29.2730466492
2022-11-13 19:13:00.000000 UTC,27.5196864996
2022-11-13 19:14:00.000000 UTC,24.617321122
2022-11-13 19:15:00.000000 UTC,23.976697936
2022-11-13 19:16:00.000000 UTC,25.003928969599997
2022-11-13 19:17:00.000000 UTC,22.600038606400002
2022-11-13 19:18:00.000000 UTC,21.599111920400002
2022-11-13 19:19:00.000000 UTC,21.118640741
2022-11-13 19:20:00.000000 UTC,20.22520715
2022-11-13 19:21:00.000000 UTC,19.7924341052
2022-11-13 19:22:00.000000 UTC,19.637813266200002
2022-11-13 19:23:00.000000 UTC,19.3705018508
2022-11-13 19:24:00.000000 UTC,18.836026724
2022-11-13 19:25:00.000000 UTC,18.136928851599997
2022-11-13 19:26:00.000000 UTC,18.531101699599997
2022-11-13 19:27:00.000000 UTC,17.850188513400003
2022-11-13 19:28:00.000000 UTC,18.127349157599998
2022-11-13 19:29:00.000000 UTC,16.6124462846
2022-11-13 19:30:00.000000 UTC,16.4211298428
2022-11-13 19:31:00.000000 UTC,17.1205285132
2022-11-13 19:32:00.000000 UTC,17.8717239594
2022-11-13 19:33:00.000000 UTC,17.250981331200002
2022-11-13 19:34:00.000000 UTC,16.4962860948
2022-11-13 19:35:00.000000 UTC,16.267962977
2022-11-13 19:36:00.000000 UTC,16.2594544214
2022-11-13 19:37:00.000000 UTC,16.3724642354
2022-11-13 19:38:00.000000 UTC,18.008057220599998
2022-11-13 19:39:00.000000 UTC,16.460642538600002
2022-11-13 19:40:00.000000 UTC,16.676299965600002
2022-11-13 19:41:00.000000 UTC,16.608085852
2022-11-13 19:42:00.000000 UTC,17.1001262988
2022-11-13 19:43:00.000000 UTC,18.8976824728
2022-11-13 19:44:00.000000 UTC,19.381815809
2022-11-13 19:45:00.000000 UTC,18.400890289
2022-11-13 19:46:00.000000 UTC,17.958255175599998
2022-11-13 19:47:00.000000 UTC,17.273706221799998
2022-11-13 19:48:00.000000 UTC,18.1183427532
2022-11-13 19:49:00.000000 UTC,21.6125812526
2022-11-13 19:50:00.000000 UTC,20.2978513722
2022-11-13 19:51:00.000000 UTC,19.4530450462
2022-11-13 19:52:00.000000 UTC,18.9618146372
2022-11-13 19:53:00.000000 UTC,17.7076927096
2022-11-13 19:54:00.000000 UTC,17.925421008599997
2022-11-13 19:55:00.000000 UTC,17.8998246154
2022-11-13 19:56:00.000000 UTC,16.895484123
2022-11-13 19:57:00.000000 UTC,15.2976086666
2022-11-13 19:58:00.000000 UTC,15.3198753828
2022-11-13 19:59:00.000000 UTC,15.420684537
2022-11-13 20:00:00.000000 UTC,15.317723696
2022-11-13 20:01:00.000000 UTC,16.3400067404
2022-11-13 20:02:00.000000 UTC,15.720558593200002
2022-11-13 20:03:00.000000 UTC,15.010433471399999
2022-11-13 20:04:00.000000 UTC,15.0348576814
2022-11-13 20:05:00.000000 UTC,14.4557642166
2022-11-13 20:06:00.000000 UTC,18.308948413
2022-11-13 20:07:00.000000 UTC,20.51894941
2022-11-13 20:08:00.000000 UTC,19.0909744286
2022-11-13 20:09:00.000000 UTC,18.9539110696
2022-11-13 20:10:00.000000 UTC,17.120687035
2022-11-13 20:11:00.000000 UTC,16.5329530178
2022-11-13 20:12:00.000000 UTC,15.8360601994
2022-11-13 20:13:00.000000 UTC,16.1908371338
2022-11-13 20:14:00.000000 UTC,18.0593198226
2022-11-13 20:15:00.000000 UTC,19.2494389636
2022-11-13 20:16:00.000000 UTC,18.419310049
2022-11-13 20:17:00.000000 UTC,17.9397079718
2022-11-13 20:18:00.000000 UTC,16.8522272804
2022-11-13 20:19:00.000000 UTC,15.391584178799999
2022-11-13 20:20:00.000000 UTC,17.952987863599997
2022-11-13 20:21:00.000000 UTC,17.3289065304
2022-11-13 20:22:00.000000 UTC,17.4727183574
2022-11-13 20:23:00.000000 UTC,17.849763293
2022-11-13 20:24:00.000000 UTC,18.255508273599997
2022-11-13 20:25:00.000000 UTC,16.9873415642
2022-11-13 20:26:00.000000 UTC,16.1388223634
2022-11-13 20:27:00.000000 UTC,18.0503286982
2022-11-13 20:28:00.000000 UTC,17.1567481668
2022-11-13 20:29:00.000000 UTC,17.2517781594
2022-11-13 20:30:00.000000 UTC,21.6020611944
2022-11-13 20:31:00.000000 UTC,27.0800951646
2022-11-13 20:32:00.000000 UTC,30.450499658200002
2022-11-13 20:33:00.000000 UTC,30.8552955802
2022-11-13 20:34:00.000000 UTC,33.5534843712
2022-11-13 20:35:00.000000 UTC,32.3227961064
2022-11-13 20:36:00.000000 UTC,28.1005639492
2022-11-13 20:37:00.000000 UTC,25.049053792200002
2022-11-13 20:38:00.000000 UTC,24.1133859064
2022-11-13 20:39:00.000000 UTC,21.838844052
2022-11-13 20:40:00.000000 UTC,20.708608043
2022-11-13 20:41:00.000000 UTC,18.6897392854
2022-11-13 20:42:00.000000 UTC,18.6592101178
2022-11-13 20:43:00.000000 UTC,18.475283745
2022-11-13 20:44:00.000000 UTC,17.619273186599997
2022-11-13 20:45:00.000000 UTC,16.796107691
2022-11-13 20:46:00.000000 UTC,17.8112904864
2022-11-13 20:47:00.000000 UTC,17.1608544254
2022-11-13 20:48:00.000000 UTC,16.5736506412
2022-11-13 20:49:00.000000 UTC,16.2722281368
2022-11-13 20:50:00.000000 UTC,16.9553815446
2022-11-13 20:51:00.000000 UTC,16.673091193799998
2022-11-13 20:52:00.000000 UTC,15.853917533399999
2022-11-13 20:53:00.000000 UTC,15.0951153916
2022-11-13 20:54:00.000000 UTC,14.837928392
2022-11-13 20:55:00.000000 UTC,15.1225984974
2022-11-13 20:56:00.000000 UTC,15.6699507802
2022-11-13 20:57:00.000000 UTC,14.7721171898
2022-11-13 20:58:00.000000 UTC,15.319471293600001
2022-11-13 20:59:00.000000 UTC,14.958454344
2022-11-13 21:00:00.000000 UTC,14.614258954
2022-11-13 21:01:00.000000 UTC,14.6631178298
2022-11-13 21:02:00.000000 UTC,14.830448092200001
2022-11-13 21:03:00.000000 UTC,16.4343423034
2022-11-13 21:04:00.000000 UTC,20.0381739468
2022-11-13 21:05:00.000000 UTC,21.5088430952
2022-11-13 21:06:00.000000 UTC,21.0103810194
2022-11-13 21:07:00.000000 UTC,19.7151273588
2022-11-13 21:08:00.000000 UTC,19.8858167978
2022-11-13 21:09:00.000000 UTC,18.7728960056
2022-11-13 21:10:00.000000 UTC,17.2773570186
2022-11-13 21:11:00.000000 UTC,17.317666931599998
2022-11-13 21:12:00.000000 UTC,16.7515393056
2022-11-13 21:13:00.000000 UTC,17.2665863356
2022-11-13 21:14:00.000000 UTC,16.5960767446
2022-11-13 21:15:00.000000 UTC,16.9365934114
2022-11-13 21:16:00.000000 UTC,16.1516875998
2022-11-13 21:17:00.000000 UTC,17.3522577876
2022-11-13 21:18:00.000000 UTC,17.0688201186
2022-11-13 21:19:00.000000 UTC,17.6698567464
2022-11-13 21:20:00.000000 UTC,17.00866160325
2022-11-13 21:21:00.000000 UTC,17.730755494599997
2022-11-13 21:22:00.000000 UTC,17.7209851298
2022-11-13 21:23:00.000000 UTC,17.403732207599997
2022-11-13 21:24:00.000000 UTC,17.1385936428
2022-11-13 21:25:00.000000 UTC,16.2973467164
2022-11-13 21:26:00.000000 UTC,16.23018577
2022-11-13 21:27:00.000000 UTC,16.3443728346
2022-11-13 21:28:00.000000 UTC,15.965405131
2022-11-13 21:29:00.000000 UTC,14.618703048
2022-11-13 21:30:00.000000 UTC,15.612058671
2022-11-13 21:31:00.000000 UTC,16.125756682
2022-11-13 21:32:00.000000 UTC,14.6433716344
2022-11-13 21:33:00.000000 UTC,14.988375270799999
2022-11-13 21:34:00.000000 UTC,15.3912814042
2022-11-13 21:35:00.000000 UTC,14.420952222799999
2022-11-13 21:36:00.000000 UTC,14.8712781294
2022-11-13 21:37:00.000000 UTC,16.2813021196
2022-11-13 21:38:00.000000 UTC,18.121361887
2022-11-13 21:39:00.000000 UTC,19.2157388852
2022-11-13 21:40:00.000000 UTC,19.206876989799998
2022-11-13 21:41:00.000000 UTC,18.4966212852
2022-11-13 21:42:00.000000 UTC,16.8054387144
2022-11-13 21:43:00.000000 UTC,15.6865913558
2022-11-13 21:44:00.000000 UTC,15.2234259844
2022-11-13 21:45:00.000000 UTC,15.654298279799999
2022-11-13 21:46:00.000000 UTC,15.9613922022
2022-11-13 21:47:00.000000 UTC,15.727936412
2022-11-13 21:48:00.000000 UTC,15.2920312006
2022-11-13 21:49:00.000000 UTC,16.9483362418
2022-11-13 21:50:00.000000 UTC,17.0258241246
2022-11-13 21:51:00.000000 UTC,16.4481922826
2022-11-13 21:52:00.000000 UTC,16.4500434832
2022-11-13 21:53:00.000000 UTC,15.2697128994
2022-11-13 21:54:00.000000 UTC,15.0348675652
2022-11-13 21:55:00.000000 UTC,14.2049064336
2022-11-13 21:56:00.000000 UTC,14.0392247978
2022-11-13 21:57:00.000000 UTC,16.2681605272
2022-11-13 21:58:00.000000 UTC,15.9511154878
2022-11-13 21:59:00.000000 UTC,15.1952576494
2022-11-13 22:00:00.000000 UTC,15.8250733552
2022-11-13 22:01:00.000000 UTC,17.644807049
2022-11-13 22:02:00.000000 UTC,18.1159806276
2022-11-13 22:03:00.000000 UTC,16.8243595832
2022-11-13 22:04:00.000000 UTC,15.776347648
2022-11-13 22:05:00.000000 UTC,18.356150001400003
2022-11-13 22:06:00.000000 UTC,18.642194611
2022-11-13 22:07:00.000000 UTC,16.816240881
2022-11-13 22:08:00.000000 UTC,16.0798659302
2022-11-13 22:09:00.000000 UTC,16.8790907578
2022-11-13 22:10:00.000000 UTC,16.4830097092
2022-11-13 22:11:00.000000 UTC,15.6690260172
2022-11-13 22:12:00.000000 UTC,14.965435530399999
2022-11-13 22:13:00.000000 UTC,14.104256572799999
2022-11-13 22:14:00.000000 UTC,14.4016901766
2022-11-13 22:15:00.000000 UTC,14.0389474252
2022-11-13 22:16:00.000000 UTC,13.3930112436
2022-11-13 22:17:00.000000 UTC,14.4472229026
2022-11-13 22:18:00.000000 UTC,15.549992641200001
2022-11-13 22:19:00.000000 UTC,14.381725252
2022-11-13 22:20:00.000000 UTC,14.559143602799999
2022-11-13 22:21:00.000000 UTC,14.6422302012
2022-11-13 22:22:00.000000 UTC,14.398710879200001
2022-11-13 22:23:00.000000 UTC,13.9461267138
2022-11-13 22:24:00.000000 UTC,14.87055527
2022-11-13 22:25:00.000000 UTC,14.252222268799999
2022-11-13 22:26:00.000000 UTC,14.1100045834
2022-11-13 22:27:00.000000 UTC,14.9629835476
2022-11-13 22:28:00.000000 UTC,14.022548313200002
2022-11-13 22:29:00.000000 UTC,14.2264911924
2022-11-13 22:30:00.000000 UTC,14.0585161514
2022-11-13 22:31:00.000000 UTC,14.1469564688
2022-11-13 22:32:00.000000 UTC,14.113259454200001
2022-11-13 22:33:00.000000 UTC,14.6629515894
2022-11-13 22:34:00.000000 UTC,14.908699649
2022-11-13 22:35:00.000000 UTC,14.167614338
2022-11-13 22:36:00.000000 UTC,14.406017697600001
2022-11-13 22:37:00.000000 UTC,14.6297693992
2022-11-13 22:38:00.000000 UTC,15.908138283
2022-11-13 22:39:00.000000 UTC,14.4563102226
2022-11-13 22:40:00.000000 UTC,14.1075644498
2022-11-13 22:41:00.000000 UTC,14.193225725
2022-11-13 22:42:00.000000 UTC,14.8210448948
2022-11-13 22:43:00.000000 UTC,14.034635212
2022-11-13 22:44:00.000000 UTC,14.5360103094
2022-11-13 22:45:00.000000 UTC,13.9913162446
2022-11-13 22:46:00.000000 UTC,14.6004297678
2022-11-13 22:47:00.000000 UTC,14.2329294702
2022-11-13 22:48:00.000000 UTC,14.1861653422
2022-11-13 22:49:00.000000 UTC,13.1605871336
2022-11-13 22:50:00.000000 UTC,13.567073071
2022-11-13 22:51:00.000000 UTC,13.5795789092
2022-11-13 22:52:00.000000 UTC,13.020119693200002
2022-11-13 22:53:00.000000 UTC,14.0211521492
2022-11-13 22:54:00.000000 UTC,14.451010735799999
2022-11-13 22:55:00.000000 UTC,13.7743741244
2022-11-13 22:56:00.000000 UTC,13.0541527434
2022-11-13 22:57:00.000000 UTC,12.769998357
2022-11-13 22:58:00.000000 UTC,13.960299321399999
2022-11-13 22:59:00.000000 UTC,13.6304537188
2022-11-13 23:00:00.000000 UTC,14.0670455632
2022-11-13 23:01:00.000000 UTC,15.1753824366
2022-11-13 23:02:00.000000 UTC,14.4597934078
2022-11-13 23:03:00.000000 UTC,14.2011193214
2022-11-13 23:04:00.000000 UTC,14.2676882556
2022-11-13 23:05:00.000000 UTC,13.224479585
2022-11-13 23:06:00.000000 UTC,13.316108653
2022-11-13 23:07:00.000000 UTC,12.5269830856
2022-11-13 23:08:00.000000 UTC,12.185936472
2022-11-13 23:09:00.000000 UTC,12.634438745
2022-11-13 23:10:00.000000 UTC,12.679970714200001
2022-11-13 23:11:00.000000 UTC,12.214419794600001
2022-11-13 23:12:00.000000 UTC,13.1199916768
2022-11-13 23:13:00.000000 UTC,14.437631045200002
2022-11-13 23:14:00.000000 UTC,13.7187234016
2022-11-13 23:15:00.000000 UTC,13.0513691404
2022-11-13 23:16:00.000000 UTC,14.1072482468
2022-11-13 23:17:00.000000 UTC,13.2908827734
2022-11-13 23:18:00.000000 UTC,12.4674269874
2022-11-13 23:19:00.000000 UTC,12.564934257
2022-11-13 23:20:00.000000 UTC,12.232328061799999
2022-11-13 23:21:00.000000 UTC,13.4008889662
2022-11-13 23:22:00.000000 UTC,13.5920890342
2022-11-13 23:23:00.000000 UTC,14.1080724466
2022-11-13 23:24:00.000000 UTC,15.156089361200001
2022-11-13 23:25:00.000000 UTC,16.170711192
2022-11-13 23:26:00.000000 UTC,14.898510131799998
2022-11-13 23:27:00.000000 UTC,13.9140161036
2022-11-13 23:28:00.000000 UTC,12.4781318862
2022-11-13 23:29:00.000000 UTC,12.7960607306
2022-11-13 23:30:00.000000 UTC,15.363657079200001
2022-11-13 23:31:00.000000 UTC,18.0240825172
2022-11-13 23:32:00.000000 UTC,18.0712665984
2022-11-13 23:33:00.000000 UTC,18.8608368444
2022-11-13 23:34:00.000000 UTC,17.833825861599998
2022-11-13 23:35:00.000000 UTC,15.390423656
2022-11-13 23:36:00.000000 UTC,14.9690406092
2022-11-13 23:37:00.000000 UTC,14.165380262
2022-11-13 23:38:00.000000 UTC,12.70265069825
2022-11-13 23:39:00.000000 UTC,13.818574842
2022-11-13 23:40:00.000000 UTC,12.9712465094
2022-11-13 23:41:00.000000 UTC,12.1021887214
2022-11-13 23:42:00.000000 UTC,12.114797011799999
2022-11-13 23:43:00.000000 UTC,12.1011670224
2022-11-13 23:44:00.000000 UTC,12.2076210036
2022-11-13 23:45:00.000000 UTC,12.156313253799999
2022-11-13 23:46:00.000000 UTC,12.060956443799999
2022-11-13 23:47:00.000000 UTC,11.773234539799999
2022-11-13 23:48:00.000000 UTC,12.000067071799998
2022-11-13 23:49:00.000000 UTC,11.4043540208
2022-11-13 23:50:00.000000 UTC,11.752174746200001
2022-11-13 23:51:00.000000 UTC,11.5555588292
2022-11-13 23:52:00.000000 UTC,11.2248599958
2022-11-13 23:53:00.000000 UTC,11.454746481
2022-11-13 23:54:00.000000 UTC,11.3481940674
2022-11-13 23:55:00.000000 UTC,11.5851097716
2022-11-13 23:56:00.000000 UTC,10.9083930052
2022-11-13 23:57:00.000000 UTC,11.376681795200001
2022-11-13 23:58:00.000000 UTC,11.3687120604
2022-11-13 23:59:00.000000 UTC,11.147057028799999
2022-11-14 00:00:00.000000 UTC,12.394345590799999
2022-11-14 00:01:00.000000 UTC,12.5125702308
2022-11-14 00:02:00.000000 UTC,11.972714134799999
2022-11-14 00:03:00.000000 UTC,12.1000632276
2022-11-14 00:04:00.000000 UTC,12.84105378
2022-11-14 00:05:00.000000 UTC,12.8607236036
2022-11-14 00:06:00.000000 UTC,13.3198261456
2022-11-14 00:07:00.000000 UTC,11.9569059554
2022-11-14 00:08:00.000000 UTC,11.055548866799999
2022-11-14 00:09:00.000000 UTC,11.1785587092
2022-11-14 00:10:00.000000 UTC,10.6543191524
2022-11-14 00:11:00.000000 UTC,10.4277810696
2022-11-14 00:12:00.000000 UTC,10.7970962032
2022-11-14 00:13:00.000000 UTC,10.2936361168
2022-11-14 00:14:00.000000 UTC,10.8742054708
2022-11-14 00:15:00.000000 UTC,10.9290851444
2022-11-14 00:16:00.000000 UTC,10.773098689200001
2022-11-14 00:17:00.000000 UTC,10.734636807
2022-11-14 00:18:00.000000 UTC,11.5999160978
2022-11-14 00:19:00.000000 UTC,11.3443782074
2022-11-14 00:20:00.000000 UTC,11.3335042512
2022-11-14 00:21:00.000000 UTC,11.3645077534
2022-11-14 00:22:00.000000 UTC,12.130644898
2022-11-14 00:23:00.000000 UTC,14.5767318986
2022-11-14 00:24:00.000000 UTC,15.1543008034
2022-11-14 00:25:00.000000 UTC,21.99464023475
2022-11-14 00:26:00.000000 UTC,26.8125223474
2022-11-14 00:27:00.000000 UTC,25.4937128388
2022-11-14 00:28:00.000000 UTC,23.700897642799998
2022-11-14 00:29:00.000000 UTC,21.3605865954
2022-11-14 00:30:00.000000 UTC,19.715058662599997
2022-11-14 00:31:00.000000 UTC,19.534499929400003
2022-11-14 00:32:00.000000 UTC,17.123629024
2022-11-14 00:33:00.000000 UTC,16.046116568200002
2022-11-14 00:34:00.000000 UTC,14.3857392694
2022-11-14 00:35:00.000000 UTC,13.1257196398
2022-11-14 00:36:00.000000 UTC,12.7382685066
2022-11-14 00:37:00.000000 UTC,13.452105056
2022-11-14 00:38:00.000000 UTC,12.4036234192
2022-11-14 00:39:00.000000 UTC,11.2587796446
2022-11-14 00:40:00.000000 UTC,10.7321208386
2022-11-14 00:41:00.000000 UTC,10.9231955178
2022-11-14 00:42:00.000000 UTC,11.179429461
2022-11-14 00:43:00.000000 UTC,10.684157865
2022-11-14 00:44:00.000000 UTC,11.0620164996
2022-11-14 00:45:00.000000 UTC,10.2807827866
2022-11-14 00:46:00.000000 UTC,11.369012533200001
2022-11-14 00:47:00.000000 UTC,10.9016620584
2022-11-14 00:48:00.000000 UTC,11.222034046600001
2022-11-14 00:49:00.000000 UTC,10.974505435
2022-11-14 00:50:00.000000 UTC,10.500523147
2022-11-14 00:51:00.000000 UTC,10.5643254216
2022-11-14 00:52:00.000000 UTC,12.1886671406
2022-11-14 00:53:00.000000 UTC,11.7362412968
2022-11-14 00:54:00.000000 UTC,11.4373341942
2022-11-14 00:55:00.000000 UTC,11.074617376600001
2022-11-14 00:56:00.000000 UTC,11.4960978112
2022-11-14 00:57:00.000000 UTC,11.332723290799999
2022-11-14 00:58:00.000000 UTC,11.2988503932
2022-11-14 00:59:00.000000 UTC,11.2885743382
2022-11-14 01:00:00.000000 UTC,13.285798824
2022-11-14 01:01:00.000000 UTC,13.0643760954
2022-11-14 01:02:00.000000 UTC,12.7898469892
2022-11-14 01:03:00.000000 UTC,11.863813711799999
2022-11-14 01:04:00.000000 UTC,11.4262656048
2022-11-14 01:05:00.000000 UTC,11.8239305854
2022-11-14 01:06:00.000000 UTC,11.4583536172
2022-11-14 01:07:00.000000 UTC,11.4192790792
2022-11-14 01:08:00.000000 UTC,11.3160510028
2022-11-14 01:09:00.000000 UTC,12.650173114
2022-11-14 01:10:00.000000 UTC,11.9283905862
2022-11-14 01:11:00.000000 UTC,11.35485624
2022-11-14 01:12:00.000000 UTC,11.0753432836
2022-11-14 01:13:00.000000 UTC,11.3387958724
2022-11-14 01:14:00.000000 UTC,11.6913463638
2022-11-14 01:15:00.000000 UTC,12.5872626376
2022-11-14 01:16:00.000000 UTC,13.0532399086
2022-11-14 01:17:00.000000 UTC,12.6751102746
2022-11-14 01:18:00.000000 UTC,12.9409327444
2022-11-14 01:19:00.000000 UTC,12.721870832799999
2022-11-14 01:20:00.000000 UTC,13.0714177754
2022-11-14 01:21:00.000000 UTC,13.6757534332
2022-11-14 01:22:00.000000 UTC,13.326973113600001
2022-11-14 01:23:00.000000 UTC,13.9569645888
2022-11-14 01:24:00.000000 UTC,14.0585577224
2022-11-14 01:25:00.000000 UTC,13.4684402648
2022-11-14 01:26:00.000000 UTC,13.161218010399999
2022-11-14 01:27:00.000000 UTC,12.316920072
2022-11-14 01:28:00.000000 UTC,11.9254927582
2022-11-14 01:29:00.000000 UTC,14.697192074799998
2022-11-14 01:30:00.000000 UTC,17.252406571
2022-11-14 01:31:00.000000 UTC,18.6145371372
2022-11-14 01:32:00.000000 UTC,18.38790697325
2022-11-14 01:33:00.000000 UTC,19.673345122599997
2022-11-14 01:34:00.000000 UTC,17.1055286624
2022-11-14 01:35:00.000000 UTC,15.0686400234
2022-11-14 01:36:00.000000 UTC,14.9801901676
2022-11-14 01:37:00.000000 UTC,15.988164104600001
2022-11-14 01:38:00.000000 UTC,16.3736287602
2022-11-14 01:39:00.000000 UTC,15.970206941
2022-11-14 01:40:00.000000 UTC,16.4554466258
2022-11-14 01:41:00.000000 UTC,17.2102510592
2022-11-14 01:42:00.000000 UTC,17.1073228976
2022-11-14 01:43:00.000000 UTC,16.6099683298
2022-11-14 01:44:00.000000 UTC,17.5106918202
2022-11-14 01:45:00.000000 UTC,17.1307187005
2022-11-14 01:46:00.000000 UTC,17.090379375
2022-11-14 01:47:00.000000 UTC,16.282866529
2022-11-14 01:48:00.000000 UTC,16.97789757
2022-11-14 01:49:00.000000 UTC,17.6301177568
2022-11-14 01:50:00.000000 UTC,17.377564375
2022-11-14 01:51:00.000000 UTC,17.834458344599998
2022-11-14 01:52:00.000000 UTC,17.741994526400003
2022-11-14 01:53:00.000000 UTC,16.6161542288
2022-11-14 01:54:00.000000 UTC,15.508448437
2022-11-14 01:55:00.000000 UTC,15.405119303600001
2022-11-14 01:56:00.000000 UTC,14.811670459799998
2022-11-14 01:57:00.000000 UTC,14.1127565692
2022-11-14 01:58:00.000000 UTC,13.2368053632
2022-11-14 01:59:00.000000 UTC,13.0611623276
2022-11-14 02:00:00.000000 UTC,13.276944892200001
2022-11-14 02:01:00.000000 UTC,12.80485022
2022-11-14 02:02:00.000000 UTC,13.138378252
2022-11-14 02:03:00.000000 UTC,12.953516135200001
2022-11-14 02:04:00.000000 UTC,13.013649408
2022-11-14 02:05:00.000000 UTC,12.8720894422
2022-11-14 02:06:00.000000 UTC,13.4498840288
2022-11-14 02:07:00.000000 UTC,13.3007078488
2022-11-14 02:08:00.000000 UTC,13.1777140186
2022-11-14 02:09:00.000000 UTC,13.5819515106
2022-11-14 02:10:00.000000 UTC,13.8480231504
2022-11-14 02:11:00.000000 UTC,15.0095768572
2022-11-14 02:12:00.000000 UTC,15.6706372724
2022-11-14 02:13:00.000000 UTC,16.114542441799998
2022-11-14 02:14:00.000000 UTC,15.709890402200001
2022-11-14 02:15:00.000000 UTC,14.977082595
2022-11-14 02:16:00.000000 UTC,13.916072492200001
2022-11-14 02:17:00.000000 UTC,14.21109834
2022-11-14 02:18:00.000000 UTC,13.607079794
2022-11-14 02:19:00.000000 UTC,13.7565712394
2022-11-14 02:20:00.000000 UTC,13.158936037
2022-11-14 02:21:00.000000 UTC,13.5652989695
2022-11-14 02:22:00.000000 UTC,13.096692874
2022-11-14 02:23:00.000000 UTC,12.9393358184
2022-11-14 02:24:00.000000 UTC,13.1101381844
2022-11-14 02:25:00.000000 UTC,12.855476424399999
2022-11-14 02:26:00.000000 UTC,12.821366209
2022-11-14 02:27:00.000000 UTC,12.3233547058
2022-11-14 02:28:00.000000 UTC,12.313578958799999
2022-11-14 02:29:00.000000 UTC,11.774281819399999
2022-11-14 02:30:00.000000 UTC,12.584950312799998
2022-11-14 02:31:00.000000 UTC,13.676036159
2022-11-14 02:32:00.000000 UTC,13.05390296
2022-11-14 02:33:00.000000 UTC,12.2699951794
2022-11-14 02:34:00.000000 UTC,11.727597382399999
2022-11-14 02:35:00.000000 UTC,12.4354946814
2022-11-14 02:36:00.000000 UTC,12.5987612806
2022-11-14 02:37:00.000000 UTC,12.87920124775
2022-11-14 02:38:00.000000 UTC,13.095247172399999
2022-11-14 02:39:00.000000 UTC,12.4885989238
2022-11-14 02:40:00.000000 UTC,11.4379613694
2022-11-14 02:41:00.000000 UTC,12.8578997988
2022-11-14 02:42:00.000000 UTC,12.1101049374
2022-11-14 02:43:00.000000 UTC,12.5494153246
2022-11-14 02:44:00.000000 UTC,13.8408709114
2022-11-14 02:45:00.000000 UTC,13.7278285974
2022-11-14 02:46:00.000000 UTC,13.3889355578
2022-11-14 02:47:00.000000 UTC,13.4517456766
2022-11-14 02:48:00.000000 UTC,13.8179689556
2022-11-14 02:49:00.000000 UTC,13.573583857200001
2022-11-14 02:50:00.000000 UTC,12.6656769146
2022-11-14 02:51:00.000000 UTC,12.565936648
2022-11-14 02:52:00.000000 UTC,12.7018028864
2022-11-14 02:53:00.000000 UTC,11.877451362799999
2022-11-14 02:54:00.000000 UTC,11.7035848234
2022-11-14 02:55:00.000000 UTC,12.5196330308
2022-11-14 02:56:00.000000 UTC,11.447292105799999
2022-11-14 02:57:00.000000 UTC,11.182680828
2022-11-14 02:58:00.000000 UTC,11.1974951886
2022-11-14 02:59:00.000000 UTC,11.511308236200001
2022-11-14 03:00:00.000000 UTC,12.163308043
2022-11-14 03:01:00.000000 UTC,12.455381789799999
2022-11-14 03:02:00.000000 UTC,12.2029565124
2022-11-14 03:03:00.000000 UTC,12.3769347744
2022-11-14 03:04:00.000000 UTC,11.540896659
2022-11-14 03:05:00.000000 UTC,11.824155006200002
2022-11-14 03:06:00.000000 UTC,12.6283556506
2022-11-14 03:07:00.000000 UTC,12.404596579200001
2022-11-14 03:08:00.000000 UTC,11.8656555406
2022-11-14 03:09:00.000000 UTC,12.0716140958
2022-11-14 03:10:00.000000 UTC,13.1148659254
2022-11-14 03:11:00.000000 UTC,13.06550339
2022-11-14 03:12:00.000000 UTC,12.1172072596
2022-11-14 03:13:00.000000 UTC,11.926503935200001
2022-11-14 03:14:00.000000 UTC,12.7276715296
2022-11-14 03:15:00.000000 UTC,11.9520128224
2022-11-14 03:16:00.000000 UTC,12.9839223574
2022-11-14 03:17:00.000000 UTC,12.538979926
2022-11-14 03:18:00.000000 UTC,12.1372947472
2022-11-14 03:19:00.000000 UTC,11.129830428
2022-11-14 03:20:00.000000 UTC,11.4800333954
2022-11-14 03:21:00.000000 UTC,11.170279753600001
2022-11-14 03:22:00.000000 UTC,11.21816771
2022-11-14 03:23:00.000000 UTC,11.842010386
2022-11-14 03:24:00.000000 UTC,11.4731601854
2022-11-14 03:25:00.000000 UTC,11.003162119799999
2022-11-14 03:26:00.000000 UTC,11.5093367382
2022-11-14 03:27:00.000000 UTC,12.092194948200001
2022-11-14 03:28:00.000000 UTC,11.9169126022
2022-11-14 03:29:00.000000 UTC,12.4079067226
2022-11-14 03:30:00.000000 UTC,12.856526130399999
2022-11-14 03:31:00.000000 UTC,13.285532779
2022-11-14 03:32:00.000000 UTC,13.2767853932
2022-11-14 03:33:00.000000 UTC,13.429780628
2022-11-14 03:34:00.000000 UTC,14.2211885754
2022-11-14 03:35:00.000000 UTC,13.119801472399999
2022-11-14 03:36:00.000000 UTC,12.9545008568
2022-11-14 03:37:00.000000 UTC,13.0402436628
2022-11-14 03:38:00.000000 UTC,13.6695728172
2022-11-14 03:39:00.000000 UTC,12.574249166
2022-11-14 03:40:00.000000 UTC,12.497721051
2022-11-14 03:41:00.000000 UTC,12.692656776200002
2022-11-14 03:42:00.000000 UTC,13.542157747200001
2022-11-14 03:43:00.000000 UTC,13.711196563200001
2022-11-14 03:44:00.000000 UTC,12.5295690446
2022-11-14 03:45:00.000000 UTC,12.201265118
2022-11-14 03:46:00.000000 UTC,12.4778857966
2022-11-14 03:47:00.000000 UTC,11.2530571516
2022-11-14 03:48:00.000000 UTC,11.723275969
2022-11-14 03:49:00.000000 UTC,11.6459458074
2022-11-14 03:50:00.000000 UTC,12.093001931
2022-11-14 03:51:00.000000 UTC,11.984838711
2022-11-14 03:52:00.000000 UTC,12.118566740799999
2022-11-14 03:53:00.000000 UTC,12.344127136200001
2022-11-14 03:54:00.000000 UTC,12.0588650494
2022-11-14 03:55:00.000000 UTC,12.318902216
2022-11-14 03:56:00.000000 UTC,12.680245815200001
2022-11-14 03:57:00.000000 UTC,12.3913322298
2022-11-14 03:58:00.000000 UTC,12.1821805356
2022-11-14 03:59:00.000000 UTC,12.3072700132
2022-11-14 04:00:00.000000 UTC,12.370051738799999
2022-11-14 04:01:00.000000 UTC,12.755580101200001
2022-11-14 04:02:00.000000 UTC,12.6569425082
2022-11-14 04:03:00.000000 UTC,11.805573544
2022-11-14 04:04:00.000000 UTC,11.9361353066
2022-11-14 04:05:00.000000 UTC,12.1429043204
2022-11-14 04:06:00.000000 UTC,12.5140142974
2022-11-14 04:07:00.000000 UTC,12.3878165062
2022-11-14 04:08:00.000000 UTC,12.8442386182
2022-11-14 04:09:00.000000 UTC,12.0148056164
2022-11-14 04:10:00.000000 UTC,11.623506885200001
2022-11-14 04:11:00.000000 UTC,11.652542673200001
2022-11-14 04:12:00.000000 UTC,11.660287533
2022-11-14 04:13:00.000000 UTC,10.945388192200001
2022-11-14 04:14:00.000000 UTC,11.491198352
2022-11-14 04:15:00.000000 UTC,12.711587977799999
2022-11-14 04:16:00.000000 UTC,12.9554413042
2022-11-14 04:17:00.000000 UTC,12.7640241442
2022-11-14 04:18:00.000000 UTC,13.4463494766
2022-11-14 04:19:00.000000 UTC,14.736704092799998
2022-11-14 04:20:00.000000 UTC,15.091670194
2022-11-14 04:21:00.000000 UTC,15.387933047399999
2022-11-14 04:22:00.000000 UTC,14.336055076600001
2022-11-14 04:23:00.000000 UTC,13.423325307
2022-11-14 04:24:00.000000 UTC,12.7331828434
2022-11-14 04:25:00.000000 UTC,11.6255324228
2022-11-14 04:26:00.000000 UTC,11.25740231
2022-11-14 04:27:00.000000 UTC,11.8039783904
2022-11-14 04:28:00.000000 UTC,11.531946021200001
2022-11-14 04:29:00.000000 UTC,11.19935161
2022-11-14 04:30:00.000000 UTC,12.111459640200001
2022-11-14 04:31:00.000000 UTC,12.1758660152
2022-11-14 04:32:00.000000 UTC,12.028008408200002
2022-11-14 04:33:00.000000 UTC,11.5561649678
2022-11-14 04:34:00.000000 UTC,12.2736447886
2022-11-14 04:35:00.000000 UTC,12.2003381254
2022-11-14 04:36:00.000000 UTC,11.9222084836
2022-11-14 04:37:00.000000 UTC,11.999705943799999
2022-11-14 04:38:00.000000 UTC,12.2522177774
2022-11-14 04:39:00.000000 UTC,11.7307005424
2022-11-14 04:40:00.000000 UTC,12.3509277136
2022-11-14 04:41:00.000000 UTC,11.789913087
2022-11-14 04:42:00.000000 UTC,12.385513292
2022-11-14 04:43:00.000000 UTC,12.483390491
2022-11-14 04:44:00.000000 UTC,12.4580126666
2022-11-14 04:45:00.000000 UTC,12.575369287200001
2022-11-14 04:46:00.000000 UTC,12.6440932384
2022-11-14 04:47:00.000000 UTC,13.9345732878
2022-11-14 04:48:00.000000 UTC,12.446828262799999
2022-11-14 04:49:00.000000 UTC,13.2991676582
2022-11-14 04:50:00.000000 UTC,12.6557580824
2022-11-14 04:51:00.000000 UTC,12.5079937856
2022-11-14 04:52:00.000000 UTC,12.2545395844
2022-11-14 04:53:00.000000 UTC,12.475028206
2022-11-14 04:54:00.000000 UTC,12.625427699
2022-11-14 04:55:00.000000 UTC,12.365451329
2022-11-14 04:56:00.000000 UTC,13.0737168996
2022-11-14 04:57:00.000000 UTC,12.1837233642
2022-11-14 04:58:00.000000 UTC,11.878132607200001
2022-11-14 04:59:00.000000 UTC,11.802331091600001
2022-11-14 05:00:00.000000 UTC,11.587987102
2022-11-14 05:01:00.000000 UTC,11.681275167399999
2022-11-14 05:02:00.000000 UTC,11.238860276399999
2022-11-14 05:03:00.000000 UTC,11.7565827894
2022-11-14 05:04:00.000000 UTC,11.3307056838
2022-11-14 05:05:00.000000 UTC,11.5299015334
2022-11-14 05:06:00.000000 UTC,11.378934405
2022-11-14 05:07:00.000000 UTC,12.287697355
2022-11-14 05:08:00.000000 UTC,11.7139248464
2022-11-14 05:09:00.000000 UTC,11.5375239816
2022-11-14 05:10:00.000000 UTC,11.157808044200001
2022-11-14 05:11:00.000000 UTC,11.238181571
2022-11-14 05:12:00.000000 UTC,11.4138352982
2022-11-14 05:13:00.000000 UTC,11.759184553399999
2022-11-14 05:14:00.000000 UTC,10.905531285
2022-11-14 05:15:00.000000 UTC,11.511451242
2022-11-14 05:16:00.000000 UTC,10.929817442200001
2022-11-14 05:17:00.000000 UTC,11.5894651026
2022-11-14 05:18:00.000000 UTC,11.0444391886
2022-11-14 05:19:00.000000 UTC,12.348335547200001
2022-11-14 05:20:00.000000 UTC,12.2699713386
2022-11-14 05:21:00.000000 UTC,11.5341106166
2022-11-14 05:22:00.000000 UTC,11.4251709694
2022-11-14 05:23:00.000000 UTC,12.1507212312
2022-11-14 05:24:00.000000 UTC,11.6570926802
2022-11-14 05:25:00.000000 UTC,11.478040097200001
2022-11-14 05:26:00.000000 UTC,12.316465815
2022-11-14 05:27:00.000000 UTC,10.9694656972
2022-11-14 05:28:00.000000 UTC,11.1935709772
2022-11-14 05:29:00.000000 UTC,10.5419355192
2022-11-14 05:30:00.000000 UTC,11.6031967858
2022-11-14 05:31:00.000000 UTC,11.8988796664
2022-11-14 05:32:00.000000 UTC,11.329468963799998
2022-11-14 05:33:00.000000 UTC,10.938265461
2022-11-14 05:34:00.000000 UTC,10.8878619318
2022-11-14 05:35:00.000000 UTC,10.99793601
2022-11-14 05:36:00.000000 UTC,11.1711924636
2022-11-14 05:37:00.000000 UTC,11.0402763738
2022-11-14 05:38:00.000000 UTC,11.1122137302
2022-11-14 05:39:00.000000 UTC,11.3321518178
2022-11-14 05:40:00.000000 UTC,11.0896004524
2022-11-14 05:41:00.000000 UTC,10.8300157412
2022-11-14 05:42:00.000000 UTC,10.9491470574
2022-11-14 05:43:00.000000 UTC,10.729317612
2022-11-14 05:44:00.000000 UTC,10.9093004696
2022-11-14 05:45:00.000000 UTC,11.344786904
2022-11-14 05:46:00.000000 UTC,11.767345008
2022-11-14 05:47:00.000000 UTC,11.9559644928
2022-11-14 05:48:00.000000 UTC,10.8707334736
2022-11-14 05:49:00.000000 UTC,11.036629296
2022-11-14 05:50:00.000000 UTC,11.4936671465
2022-11-14 05:51:00.000000 UTC,12.9906892442
2022-11-14 05:52:00.000000 UTC,15.1454219348
2022-11-14 05:53:00.000000 UTC,15.860084769
2022-11-14 05:54:00.000000 UTC,15.318508093
2022-11-14 05:55:00.000000 UTC,16.889989006
2022-11-14 05:56:00.000000 UTC,17.0910209812
2022-11-14 05:57:00.000000 UTC,14.2946329494
2022-11-14 05:58:00.000000 UTC,14.417360292200001
2022-11-14 05:59:00.000000 UTC,14.384454041
2022-11-14 06:00:00.000000 UTC,16.8466095534
2022-11-14 06:01:00.000000 UTC,19.4391576422
2022-11-14 06:02:00.000000 UTC,19.644365169599997
2022-11-14 06:03:00.000000 UTC,18.4982061792
2022-11-14 06:04:00.000000 UTC,16.7031229654
2022-11-14 06:05:00.000000 UTC,16.3790145388
2022-11-14 06:06:00.000000 UTC,16.0003904394
2022-11-14 06:07:00.000000 UTC,15.04511576475
2022-11-14 06:08:00.000000 UTC,14.458439141
2022-11-14 06:09:00.000000 UTC,13.654044474200001
2022-11-14 06:10:00.000000 UTC,13.6800126372
2022-11-14 06:11:00.000000 UTC,13.420120781
2022-11-14 06:12:00.000000 UTC,12.985213728
2022-11-14 06:13:00.000000 UTC,13.052252860600001
2022-11-14 06:14:00.000000 UTC,12.5486384456
2022-11-14 06:15:00.000000 UTC,12.2459348768
2022-11-14 06:16:00.000000 UTC,11.780360803799999
2022-11-14 06:17:00.000000 UTC,11.679787076
2022-11-14 06:18:00.000000 UTC,11.9611439912
2022-11-14 06:19:00.000000 UTC,11.7496892636
2022-11-14 06:20:00.000000 UTC,11.0992238318
2022-11-14 06:21:00.000000 UTC,11.571103791399999
2022-11-14 06:22:00.000000 UTC,11.609202741
2022-11-14 06:23:00.000000 UTC,11.364141358
2022-11-14 06:24:00.000000 UTC,10.900558929399999
2022-11-14 06:25:00.000000 UTC,11.560958917799999
2022-11-14 06:26:00.000000 UTC,12.055495399
2022-11-14 06:27:00.000000 UTC,11.131764562
2022-11-14 06:28:00.000000 UTC,12.320899999
2022-11-14 06:29:00.000000 UTC,12.7568074136
2022-11-14 06:30:00.000000 UTC,12.342278071600001
2022-11-14 06:31:00.000000 UTC,11.7602662988
2022-11-14 06:32:00.000000 UTC,11.2164069964
2022-11-14 06:33:00.000000 UTC,11.140474390200001
2022-11-14 06:34:00.000000 UTC,11.618878327600001
2022-11-14 06:35:00.000000 UTC,11.5534602022
2022-11-14 06:36:00.000000 UTC,11.8693359514
2022-11-14 06:37:00.000000 UTC,12.7554925518
2022-11-14 06:38:00.000000 UTC,11.8379111668
2022-11-14 06:39:00.000000 UTC,11.177570298200001
2022-11-14 06:40:00.000000 UTC,12.198436282
2022-11-14 06:41:00.000000 UTC,14.7620497592
2022-11-14 06:42:00.000000 UTC,20.234695679799998
2022-11-14 06:43:00.000000 UTC,22.562429146
2022-11-14 06:44:00.000000 UTC,27.9856493102
2022-11-14 06:45:00.000000 UTC,28.478662834599998
2022-11-14 06:46:00.000000 UTC,26.5670016736
2022-11-14 06:47:00.000000 UTC,24.1684862044
2022-11-14 06:48:00.000000 UTC,21.7235495712
2022-11-14 06:49:00.000000 UTC,20.241363229799997
2022-11-14 06:50:00.000000 UTC,20.7860611264
2022-11-14 06:51:00.000000 UTC,20.094907556
2022-11-14 06:52:00.000000 UTC,22.9435185484
2022-11-14 06:53:00.000000 UTC,22.8412220956
2022-11-14 06:54:00.000000 UTC,21.712809614
2022-11-14 06:55:00.000000 UTC,20.9794588508
2022-11-14 06:56:00.000000 UTC,20.2109388818
2022-11-14 06:57:00.000000 UTC,19.083284643400003
2022-11-14 06:58:00.000000 UTC,20.554559107
2022-11-14 06:59:00.000000 UTC,21.54466337425
2022-11-14 07:00:00.000000 UTC,24.417471035
2022-11-14 07:01:00.000000 UTC,30.188168534
2022-11-14 07:02:00.000000 UTC,30.1214545362
2022-11-14 07:03:00.000000 UTC,27.2553365132
2022-11-14 07:04:00.000000 UTC,24.254660902
2022-11-14 07:05:00.000000 UTC,21.3514496388
2022-11-14 07:06:00.000000 UTC,19.6537440808
2022-11-14 07:07:00.000000 UTC,18.139020267
2022-11-14 07:08:00.000000 UTC,17.937638034400003
2022-11-14 07:09:00.000000 UTC,16.3295089304
2022-11-14 07:10:00.000000 UTC,15.230884221799998
2022-11-14 07:11:00.000000 UTC,15.214219406
2022-11-14 07:12:00.000000 UTC,14.739121269
2022-11-14 07:13:00.000000 UTC,13.8555159654
2022-11-14 07:14:00.000000 UTC,12.718712373399999
2022-11-14 07:15:00.000000 UTC,13.2648242352
2022-11-14 07:16:00.000000 UTC,13.543118932
2022-11-14 07:17:00.000000 UTC,13.055606833799999
2022-11-14 07:18:00.000000 UTC,12.8933632552
2022-11-14 07:19:00.000000 UTC,12.8631207428
2022-11-14 07:20:00.000000 UTC,12.9315548816
2022-11-14 07:21:00.000000 UTC,12.625992587399999
2022-11-14 07:22:00.000000 UTC,12.344847256
2022-11-14 07:23:00.000000 UTC,12.242051576
2022-11-14 07:24:00.000000 UTC,11.9785475428
2022-11-14 07:25:00.000000 UTC,12.259347262799999
2022-11-14 07:26:00.000000 UTC,14.1341118572
2022-11-14 07:27:00.000000 UTC,15.9543263486
2022-11-14 07:28:00.000000 UTC,16.3625903838
2022-11-14 07:29:00.000000 UTC,16.0634922378
2022-11-14 07:30:00.000000 UTC,18.3522607528
2022-11-14 07:31:00.000000 UTC,19.651353449200002
2022-11-14 07:32:00.000000 UTC,17.7663080278
2022-11-14 07:33:00.000000 UTC,16.80875987
2022-11-14 07:34:00.000000 UTC,15.4894658084
2022-11-14 07:35:00.000000 UTC,14.029050289799999
2022-11-14 07:36:00.000000 UTC,13.8460177726
2022-11-14 07:37:00.000000 UTC,14.580807115399999
2022-11-14 07:38:00.000000 UTC,15.287954096
2022-11-14 07:39:00.000000 UTC,14.5864455846
2022-11-14 07:40:00.000000 UTC,14.1717915456
2022-11-14 07:41:00.000000 UTC,14.446133162
2022-11-14 07:42:00.000000 UTC,15.204107811
2022-11-14 07:43:00.000000 UTC,14.633847406200001
2022-11-14 07:44:00.000000 UTC,14.816458405
2022-11-14 07:45:00.000000 UTC,14.9709719584
2022-11-14 07:46:00.000000 UTC,14.8472283284
2022-11-14 07:47:00.000000 UTC,14.4198244272
2022-11-14 07:48:00.000000 UTC,13.663897406
2022-11-14 07:49:00.000000 UTC,12.537965257
2022-11-14 07:50:00.000000 UTC,12.6171817262
2022-11-14 07:51:00.000000 UTC,12.381179534200001
2022-11-14 07:52:00.000000 UTC,13.49880807
2022-11-14 07:53:00.000000 UTC,13.781535706
2022-11-14 07:54:00.000000 UTC,13.6982414626
2022-11-14 07:55:00.000000 UTC,13.5278796566
2022-11-14 07:56:00.000000 UTC,13.072536767399999
2022-11-14 07:57:00.000000 UTC,12.880465419
2022-11-14 07:58:00.000000 UTC,12.821390731200001
2022-11-14 07:59:00.000000 UTC,12.801743425200002
2022-11-14 08:00:00.000000 UTC,14.742696988799999
2022-11-14 08:01:00.000000 UTC,16.1713973448
2022-11-14 08:02:00.000000 UTC,16.0182809028
2022-11-14 08:03:00.000000 UTC,15.840173235
2022-11-14 08:04:00.000000 UTC,15.416659168799999
2022-11-14 08:05:00.000000 UTC,16.5235579934
2022-11-14 08:06:00.000000 UTC,16.739979587
2022-11-14 08:07:00.000000 UTC,15.480357852200001
2022-11-14 08:08:00.000000 UTC,15.016885368399999
2022-11-14 08:09:00.000000 UTC,14.4291432304
2022-11-14 08:10:00.000000 UTC,14.249258819200001
2022-11-14 08:11:00.000000 UTC,13.849659325200001
2022-11-14 08:12:00.000000 UTC,13.5320881076
2022-11-14 08:13:00.000000 UTC,14.2089333962
2022-11-14 08:14:00.000000 UTC,14.581533593200001
2022-11-14 08:15:00.000000 UTC,13.766299927
2022-11-14 08:16:00.000000 UTC,13.4220486974
2022-11-14 08:17:00.000000 UTC,14.293156842799998
2022-11-14 08:18:00.000000 UTC,13.244272196
2022-11-14 08:19:00.000000 UTC,12.8781599432
2022-11-14 08:20:00.000000 UTC,13.4689624216
2022-11-14 08:21:00.000000 UTC,13.5759035488
2022-11-14 08:22:00.000000 UTC,13.014858611200001
2022-11-14 08:23:00.000000 UTC,13.39415647025
2022-11-14 08:24:00.000000 UTC,12.4796164992
2022-11-14 08:25:00.000000 UTC,12.3793379152
2022-11-14 08:26:00.000000 UTC,13.6960236618
2022-11-14 08:27:00.000000 UTC,14.5069776558
2022-11-14 08:28:00.000000 UTC,13.6618012546
2022-11-14 08:29:00.000000 UTC,13.6497879546
2022-11-14 08:30:00.000000 UTC,15.26636341
2022-11-14 08:31:00.000000 UTC,15.573289294
2022-11-14 08:32:00.000000 UTC,13.4178854602
2022-11-14 08:33:00.000000 UTC,13.6301913448
2022-11-14 08:34:00.000000 UTC,12.7718812582
2022-11-14 08:35:00.000000 UTC,12.822156252
2022-11-14 08:36:00.000000 UTC,12.852960139
2022-11-14 08:37:00.000000 UTC,13.6760531824
2022-11-14 08:38:00.000000 UTC,13.3154380116
2022-11-14 08:39:00.000000 UTC,13.510248792
2022-11-14 08:40:00.000000 UTC,12.904329711
2022-11-14 08:41:00.000000 UTC,12.9213681826
2022-11-14 08:42:00.000000 UTC,12.7993217894
2022-11-14 08:43:00.000000 UTC,13.0916457954
2022-11-14 08:44:00.000000 UTC,12.5239145826
2022-11-14 08:45:00.000000 UTC,12.925087915799999
2022-11-14 08:46:00.000000 UTC,12.1801571652
2022-11-14 08:47:00.000000 UTC,13.836693428799999
2022-11-14 08:48:00.000000 UTC,12.0703999716
2022-11-14 08:49:00.000000 UTC,11.8282668898
2022-11-14 08:50:00.000000 UTC,12.596504946200001
2022-11-14 08:51:00.000000 UTC,11.741093174
2022-11-14 08:52:00.000000 UTC,13.207854946600001
2022-11-14 08:53:00.000000 UTC,13.361082995799999
2022-11-14 08:54:00.000000 UTC,13.5478136486
2022-11-14 08:55:00.000000 UTC,12.796852637399999
2022-11-14 08:56:00.000000 UTC,11.9455063836
2022-11-14 08:57:00.000000 UTC,11.7503958364
2022-11-14 08:58:00.000000 UTC,12.175790303
2022-11-14 08:59:00.000000 UTC,12.785389423
2022-11-14 09:00:00.000000 UTC,12.5917000418
2022-11-14 09:01:00.000000 UTC,12.620001784
2022-11-14 09:02:00.000000 UTC,12.9928680346
2022-11-14 09:03:00.000000 UTC,13.273213434
2022-11-14 09:04:00.000000 UTC,13.4964702994
2022-11-14 09:05:00.000000 UTC,12.797009816600001
2022-11-14 09:06:00.000000 UTC,12.3555301142
2022-11-14 09:07:00.000000 UTC,12.1381538576
2022-11-14 09:08:00.000000 UTC,11.558695101200001
2022-11-14 09:09:00.000000 UTC,11.6047260628
2022-11-14 09:10:00.000000 UTC,12.0295125146
2022-11-14 09:11:00.000000 UTC,12.944592753799999
2022-11-14 09:12:00.000000 UTC,12.6799468136
2022-11-14 09:13:00.000000 UTC,12.2013609166
2022-11-14 09:14:00.000000 UTC,13.27617517
2022-11-14 09:15:00.000000 UTC,13.2068718368
2022-11-14 09:16:00.000000 UTC,12.69364866
2022-11-14 09:17:00.000000 UTC,11.8583178432
2022-11-14 09:18:00.000000 UTC,12.291443149200001
2022-11-14 09:19:00.000000 UTC,12.5131891124
2022-11-14 09:20:00.000000 UTC,12.2045402614
2022-11-14 09:21:00.000000 UTC,12.1812953524
2022-11-14 09:22:00.000000 UTC,12.6115953428
2022-11-14 09:23:00.000000 UTC,11.809017800200001
2022-11-14 09:24:00.000000 UTC,11.9739945178
2022-11-14 09:25:00.000000 UTC,13.2758722988
2022-11-14 09:26:00.000000 UTC,12.457306854
2022-11-14 09:27:00.000000 UTC,13.27400584825
2022-11-14 09:28:00.000000 UTC,11.8231546968
2022-11-14 09:29:00.000000 UTC,12.510766071
2022-11-14 09:30:00.000000 UTC,12.540144976799999
2022-11-14 09:31:00.000000 UTC,12.3650888084
2022-11-14 09:32:00.000000 UTC,12.2391895224
2022-11-14 09:33:00.000000 UTC,12.394428775
2022-11-14 09:34:00.000000 UTC,12.989302585399999
2022-11-14 09:35:00.000000 UTC,11.8822114756
2022-11-14 09:36:00.000000 UTC,12.766535693
2022-11-14 09:37:00.000000 UTC,12.8871866066
2022-11-14 09:38:00.000000 UTC,12.110839335200001
2022-11-14 09:39:00.000000 UTC,11.8633565318
2022-11-14 09:40:00.000000 UTC,12.4588417395
2022-11-14 09:41:00.000000 UTC,12.3792234024
2022-11-14 09:42:00.000000 UTC,11.997245191
2022-11-14 09:43:00.000000 UTC,12.383484707200001
2022-11-14 09:44:00.000000 UTC,11.817733789
2022-11-14 09:45:00.000000 UTC,11.994015648200001
2022-11-14 09:46:00.000000 UTC,12.6850528464
2022-11-14 09:47:00.000000 UTC,12.2280598016
2022-11-14 09:48:00.000000 UTC,11.8078446524
2022-11-14 09:49:00.000000 UTC,14.34004723375
2022-11-14 09:50:00.000000 UTC,13.876454022
2022-11-14 09:51:00.000000 UTC,12.6503593482
2022-11-14 09:52:00.000000 UTC,12.7579964608
2022-11-14 09:53:00.000000 UTC,11.978915248
2022-11-14 09:54:00.000000 UTC,12.1158822776
2022-11-14 09:55:00.000000 UTC,12.396853266799999
2022-11-14 09:56:00.000000 UTC,11.5635973935
2022-11-14 09:57:00.000000 UTC,13.1023642396
2022-11-14 09:58:00.000000 UTC,12.2182521804
2022-11-14 09:59:00.000000 UTC,12.0452238012
2022-11-14 10:00:00.000000 UTC,12.1756592862
2022-11-14 10:01:00.000000 UTC,12.915828062
2022-11-14 10:02:00.000000 UTC,12.9585089082
2022-11-14 10:03:00.000000 UTC,13.977624057
2022-11-14 10:04:00.000000 UTC,13.7728144874
2022-11-14 10:05:00.000000 UTC,13.5114305534
2022-11-14 10:06:00.000000 UTC,13.296995105799999
2022-11-14 10:07:00.000000 UTC,12.8441214202
2022-11-14 10:08:00.000000 UTC,15.438383544
2022-11-14 10:09:00.000000 UTC,14.3306157336
2022-11-14 10:10:00.000000 UTC,14.4583270196
2022-11-14 10:11:00.000000 UTC,14.4732650706
2022-11-14 10:12:00.000000 UTC,14.3837674712
2022-11-14 10:13:00.000000 UTC,14.4394806324
2022-11-14 10:14:00.000000 UTC,15.21019054075
2022-11-14 10:15:00.000000 UTC,15.440841215
2022-11-14 10:16:00.000000 UTC,14.077624603
2022-11-14 10:17:00.000000 UTC,13.7649146564
2022-11-14 10:18:00.000000 UTC,13.6186365534
2022-11-14 10:19:00.000000 UTC,13.3418386934
2022-11-14 10:20:00.000000 UTC,13.6483854602
2022-11-14 10:21:00.000000 UTC,13.3625923596
2022-11-14 10:22:00.000000 UTC,11.863032147799998
2022-11-14 10:23:00.000000 UTC,12.578776686
2022-11-14 10:24:00.000000 UTC,12.2647832716
2022-11-14 10:25:00.000000 UTC,12.0894616646
2022-11-14 10:26:00.000000 UTC,12.132082945399999
2022-11-14 10:27:00.000000 UTC,12.3581112148
2022-11-14 10:28:00.000000 UTC,12.525813969
2022-11-14 10:29:00.000000 UTC,12.3441352584
2022-11-14 10:30:00.000000 UTC,12.6086608154
2022-11-14 10:31:00.000000 UTC,14.286527276200001
2022-11-14 10:32:00.000000 UTC,13.1523926564
2022-11-14 10:33:00.000000 UTC,13.976157082799999
2022-11-14 10:34:00.000000 UTC,15.585805630600001
2022-11-14 10:35:00.000000 UTC,15.6785410374
2022-11-14 10:36:00.000000 UTC,14.1626465634
2022-11-14 10:37:00.000000 UTC,13.951699912399999
2022-11-14 10:38:00.000000 UTC,14.0693779276
2022-11-14 10:39:00.000000 UTC,14.064438251799999
2022-11-14 10:40:00.000000 UTC,13.279027611799998
2022-11-14 10:41:00.000000 UTC,13.4402331594
2022-11-14 10:42:00.000000 UTC,13.5239363856
2022-11-14 10:43:00.000000 UTC,13.675970775200001
2022-11-14 10:44:00.000000 UTC,13.613874149799999
2022-11-14 10:45:00.000000 UTC,12.6187994988
2022-11-14 10:46:00.000000 UTC,12.2898440584
2022-11-14 10:47:00.000000 UTC,12.4531015586
2022-11-14 10:48:00.000000 UTC,12.8753514248
2022-11-14 10:49:00.000000 UTC,12.722753857399999
2022-11-14 10:50:00.000000 UTC,12.7776992956
2022-11-14 10:51:00.000000 UTC,12.354608099
2022-11-14 10:52:00.000000 UTC,12.599098168
2022-11-14 10:53:00.000000 UTC,12.2044369976
2022-11-14 10:54:00.000000 UTC,12.552958144
2022-11-14 10:55:00.000000 UTC,12.3060073474
2022-11-14 10:56:00.000000 UTC,12.46482298
2022-11-14 10:57:00.000000 UTC,12.065327002799998
2022-11-14 10:58:00.000000 UTC,12.212989589600001
2022-11-14 10:59:00.000000 UTC,11.6972661765
2022-11-14 11:00:00.000000 UTC,11.9410767482
2022-11-14 11:01:00.000000 UTC,11.955704540200001
2022-11-14 11:02:00.000000 UTC,12.020732944
2022-11-14 11:03:00.000000 UTC,12.9902241698
2022-11-14 11:04:00.000000 UTC,12.907767706
2022-11-14 11:05:00.000000 UTC,12.7416928008
2022-11-14 11:06:00.000000 UTC,13.8679868232
2022-11-14 11:07:00.000000 UTC,12.847275178799999
2022-11-14 11:08:00.000000 UTC,12.3998516956
2022-11-14 11:09:00.000000 UTC,13.464713332799999
2022-11-14 11:10:00.000000 UTC,12.8656537796
2022-11-14 11:11:00.000000 UTC,11.875030887
2022-11-14 11:12:00.000000 UTC,12.6031649214
2022-11-14 11:13:00.000000 UTC,12.032350966
2022-11-14 11:14:00.000000 UTC,12.4683966758
2022-11-14 11:15:00.000000 UTC,12.2743353464
2022-11-14 11:16:00.000000 UTC,12.2220997952
2022-11-14 11:17:00.000000 UTC,12.764295347
2022-11-14 11:18:00.000000 UTC,13.630117137200001
2022-11-14 11:19:00.000000 UTC,13.274224291200001
2022-11-14 11:20:00.000000 UTC,13.139775095200001
2022-11-14 11:21:00.000000 UTC,13.2618739712
2022-11-14 11:22:00.000000 UTC,12.9261739664
2022-11-14 11:23:00.000000 UTC,13.3153063716
2022-11-14 11:24:00.000000 UTC,12.908266712
2022-11-14 11:25:00.000000 UTC,12.6620202744
2022-11-14 11:26:00.000000 UTC,13.0218267656
2022-11-14 11:27:00.000000 UTC,14.7986992876
2022-11-14 11:28:00.000000 UTC,13.494931577200001
2022-11-14 11:29:00.000000 UTC,12.573725706200001
2022-11-14 11:30:00.000000 UTC,12.882421788799999
2022-11-14 11:31:00.000000 UTC,12.5079078262
2022-11-14 11:32:00.000000 UTC,13.018177643
2022-11-14 11:33:00.000000 UTC,12.2302889904
2022-11-14 11:34:00.000000 UTC,12.7109389002
2022-11-14 11:35:00.000000 UTC,15.078240278600001
2022-11-14 11:36:00.000000 UTC,14.2362109208
2022-11-14 11:37:00.000000 UTC,14.166833658200002
2022-11-14 11:38:00.000000 UTC,12.6881253094
2022-11-14 11:39:00.000000 UTC,13.1392793022
2022-11-14 11:40:00.000000 UTC,12.653417214200001
2022-11-14 11:41:00.000000 UTC,11.976951370799998
2022-11-14 11:42:00.000000 UTC,12.2155724728
2022-11-14 11:43:00.000000 UTC,13.2126407136
2022-11-14 11:44:00.000000 UTC,15.3894658464
2022-11-14 11:45:00.000000 UTC,14.6524202844
2022-11-14 11:46:00.000000 UTC,14.1150279064
2022-11-14 11:47:00.000000 UTC,13.834358555200001
2022-11-14 11:48:00.000000 UTC,13.631088556
2022-11-14 11:49:00.000000 UTC,13.380224737
2022-11-14 11:50:00.000000 UTC,15.5418159644
2022-11-14 11:51:00.000000 UTC,16.562515256799998
2022-11-14 11:52:00.000000 UTC,15.867258791600001
2022-11-14 11:53:00.000000 UTC,14.9568832696
2022-11-14 11:54:00.000000 UTC,15.201243386
2022-11-14 11:55:00.000000 UTC,16.108814324
2022-11-14 11:56:00.000000 UTC,16.7578368838
2022-11-14 11:57:00.000000 UTC,16.3030446326
2022-11-14 11:58:00.000000 UTC,16.1198941144
2022-11-14 11:59:00.000000 UTC,16.0329524862
2022-11-14 12:00:00.000000 UTC,17.131304128
2022-11-14 12:01:00.000000 UTC,17.900147254
2022-11-14 12:02:00.000000 UTC,17.2340138438
2022-11-14 12:03:00.000000 UTC,17.560887556
2022-11-14 12:04:00.000000 UTC,17.88775385475
2022-11-14 12:05:00.000000 UTC,18.885545141799998
2022-11-14 12:06:00.000000 UTC,18.2165754362
2022-11-14 12:07:00.000000 UTC,18.781683888
2022-11-14 12:08:00.000000 UTC,18.497924557599998
2022-11-14 12:09:00.000000 UTC,17.996130816599997
2022-11-14 12:10:00.000000 UTC,17.859032119200002
2022-11-14 12:11:00.000000 UTC,17.6872699412
2022-11-14 12:12:00.000000 UTC,17.5262565668
2022-11-14 12:13:00.000000 UTC,17.690481692
2022-11-14 12:14:00.000000 UTC,17.5829089896
2022-11-14 12:15:00.000000 UTC,17.6011101988
2022-11-14 12:16:00.000000 UTC,18.336657806
2022-11-14 12:17:00.000000 UTC,18.4870088572
2022-11-14 12:18:00.000000 UTC,18.1593395156
2022-11-14 12:19:00.000000 UTC,18.0290639868
2022-11-14 12:20:00.000000 UTC,17.163653664799998
2022-11-14 12:21:00.000000 UTC,17.161475450799998
2022-11-14 12:22:00.000000 UTC,17.7071911914
2022-11-14 12:23:00.000000 UTC,17.359900494
2022-11-14 12:24:00.000000 UTC,16.6194238048
2022-11-14 12:25:00.000000 UTC,17.851791011400003
2022-11-14 12:26:00.000000 UTC,18.088985612
2022-11-14 12:27:00.000000 UTC,17.5722949746
2022-11-14 12:28:00.000000 UTC,18.2851386438
2022-11-14 12:29:00.000000 UTC,17.7947963192
2022-11-14 12:30:00.000000 UTC,18.1322888646
2022-11-14 12:31:00.000000 UTC,17.9764627502
2022-11-14 12:32:00.000000 UTC,17.06488744
2022-11-14 12:33:00.000000 UTC,16.728447173
2022-11-14 12:34:00.000000 UTC,16.2988965364
2022-11-14 12:35:00.000000 UTC,17.8441571728
2022-11-14 12:36:00.000000 UTC,18.8552603292
2022-11-14 12:37:00.000000 UTC,17.636758674400003
2022-11-14 12:38:00.000000 UTC,17.233873533
2022-11-14 12:39:00.000000 UTC,16.8113362134
2022-11-14 12:40:00.000000 UTC,16.5447627458
2022-11-14 12:41:00.000000 UTC,16.1753216704
2022-11-14 12:42:00.000000 UTC,15.6822191934
2022-11-14 12:43:00.000000 UTC,15.5304381296
2022-11-14 12:44:00.000000 UTC,15.587385817
2022-11-14 12:45:00.000000 UTC,15.424336902799999
2022-11-14 12:46:00.000000 UTC,15.5457408884
2022-11-14 12:47:00.000000 UTC,15.6519529156
2022-11-14 12:48:00.000000 UTC,15.8563351338
2022-11-14 12:49:00.000000 UTC,16.9104257628
2022-11-14 12:50:00.000000 UTC,17.9672988858
2022-11-14 12:51:00.000000 UTC,17.477407815400003
2022-11-14 12:52:00.000000 UTC,17.4364646434
2022-11-14 12:53:00.000000 UTC,17.08358374
2022-11-14 12:54:00.000000 UTC,18.1418054442
2022-11-14 12:55:00.000000 UTC,18.1279413538
2022-11-14 12:56:00.000000 UTC,18.4531303725
2022-11-14 12:57:00.000000 UTC,18.254478099
2022-11-14 12:58:00.000000 UTC,17.8526095212
2022-11-14 12:59:00.000000 UTC,19.118782974200002
2022-11-14 13:00:00.000000 UTC,18.5508382802
2022-11-14 13:01:00.000000 UTC,18.7990106658
2022-11-14 13:02:00.000000 UTC,18.89984079875
2022-11-14 13:03:00.000000 UTC,18.1753267934
2022-11-14 13:04:00.000000 UTC,17.765234376200002
2022-11-14 13:05:00.000000 UTC,17.813967507799997
2022-11-14 13:06:00.000000 UTC,18.5976023604
2022-11-14 13:07:00.000000 UTC,18.8478763694
2022-11-14 13:08:00.000000 UTC,18.758202487200002
2022-11-14 13:09:00.000000 UTC,20.657068834
2022-11-14 13:10:00.000000 UTC,20.4976059446
2022-11-14 13:11:00.000000 UTC,18.650047243400003
2022-11-14 13:12:00.000000 UTC,18.5312962942
2022-11-14 13:13:00.000000 UTC,19.550772751
2022-11-14 13:14:00.000000 UTC,20.944528837
2022-11-14 13:15:00.000000 UTC,22.7201066072
2022-11-14 13:16:00.000000 UTC,22.8333950572
2022-11-14 13:17:00.000000 UTC,20.5151750902
2022-11-14 13:18:00.000000 UTC,20.3796184162
2022-11-14 13:19:00.000000 UTC,20.0068330048
2022-11-14 13:20:00.000000 UTC,18.720349934799998
2022-11-14 13:21:00.000000 UTC,19.1316509702
2022-11-14 13:22:00.000000 UTC,18.276821064
2022-11-14 13:23:00.000000 UTC,19.522760939
2022-11-14 13:24:00.000000 UTC,22.059942971599998
2022-11-14 13:25:00.000000 UTC,22.4855481594
2022-11-14 13:26:00.000000 UTC,20.4364964738
2022-11-14 13:27:00.000000 UTC,19.114974583200002
2022-11-14 13:28:00.000000 UTC,19.1205754326
2022-11-14 13:29:00.000000 UTC,20.786175116400003
2022-11-14 13:30:00.000000 UTC,31.3981585716
2022-11-14 13:31:00.000000 UTC,39.598208605800004
2022-11-14 13:32:00.000000 UTC,43.242099896599996
2022-11-14 13:33:00.000000 UTC,40.0864823624
2022-11-14 13:34:00.000000 UTC,37.6247741272
2022-11-14 13:35:00.000000 UTC,37.2261888656
2022-11-14 13:36:00.000000 UTC,37.531708685800005
2022-11-14 13:37:00.000000 UTC,37.1306170516
2022-11-14 13:38:00.000000 UTC,36.147774147599996
2022-11-14 13:39:00.000000 UTC,33.120568745599996
2022-11-14 13:40:00.000000 UTC,29.564878928400002
2022-11-14 13:41:00.000000 UTC,27.2528565688
2022-11-14 13:42:00.000000 UTC,26.1444672096
2022-11-14 13:43:00.000000 UTC,26.294302566200003
2022-11-14 13:44:00.000000 UTC,26.242365871
2022-11-14 13:45:00.000000 UTC,23.874073227599997
2022-11-14 13:46:00.000000 UTC,21.9233923396
2022-11-14 13:47:00.000000 UTC,20.684310884200002
2022-11-14 13:48:00.000000 UTC,20.727332107400002
2022-11-14 13:49:00.000000 UTC,19.660209372
2022-11-14 13:50:00.000000 UTC,22.8821751378
2022-11-14 13:51:00.000000 UTC,30.2921345938
2022-11-14 13:52:00.000000 UTC,34.2290500246
2022-11-14 13:53:00.000000 UTC,35.8132367348
2022-11-14 13:54:00.000000 UTC,34.421178823199995
2022-11-14 13:55:00.000000 UTC,32.171649971
2022-11-14 13:56:00.000000 UTC,29.2644052522
2022-11-14 13:57:00.000000 UTC,31.271658824
2022-11-14 13:58:00.000000 UTC,30.1743979482
2022-11-14 13:59:00.000000 UTC,26.063348669
2022-11-14 14:00:00.000000 UTC,24.767324096
2022-11-14 14:01:00.000000 UTC,28.3656283524
2022-11-14 14:02:00.000000 UTC,27.943438796
2022-11-14 14:03:00.000000 UTC,26.2581003456
2022-11-14 14:04:00.000000 UTC,26.041453878
2022-11-14 14:05:00.000000 UTC,26.653259891
2022-11-14 14:06:00.000000 UTC,25.693407382
2022-11-14 14:07:00.000000 UTC,24.0983503356
2022-11-14 14:08:00.000000 UTC,24.3814990526
2022-11-14 14:09:00.000000 UTC,23.5772013616
2022-11-14 14:10:00.000000 UTC,22.978668289
2022-11-14 14:11:00.000000 UTC,22.677301718
2022-11-14 14:12:00.000000 UTC,22.598507605400002
2022-11-14 14:13:00.000000 UTC,21.324418978
2022-11-14 14:14:00.000000 UTC,19.7237585102
2022-11-14 14:15:00.000000 UTC,19.925599130400002
2022-11-14 14:16:00.000000 UTC,19.059692104
2022-11-14 14:17:00.000000 UTC,19.21992355
2022-11-14 14:18:00.000000 UTC,18.7556284184
2022-11-14 14:19:00.000000 UTC,18.3812997308
2022-11-14 14:20:00.000000 UTC,19.166342531799998
2022-11-14 14:21:00.000000 UTC,19.4811634494
2022-11-14 14:22:00.000000 UTC,19.260067993
2022-11-14 14:23:00.000000 UTC,18.2500833624
2022-11-14 14:24:00.000000 UTC,18.1989034974
2022-11-14 14:25:00.000000 UTC,18.4572190556
2022-11-14 14:26:00.000000 UTC,18.437668843599997
2022-11-14 14:27:00.000000 UTC,18.4013414326
2022-11-14 14:28:00.000000 UTC,18.829244192
2022-11-14 14:29:00.000000 UTC,18.7177230452
2022-11-14 14:30:00.000000 UTC,19.610184228799998
2022-11-14 14:31:00.000000 UTC,21.4068792868
2022-11-14 14:32:00.000000 UTC,20.972259341
2022-11-14 14:33:00.000000 UTC,32.563704449
2022-11-14 14:34:00.000000 UTC,48.609524343400004
2022-11-14 14:35:00.000000 UTC,53.170914755199995
2022-11-14 14:36:00.000000 UTC,49.995249896
2022-11-14 14:37:00.000000 UTC,48.6517804306
2022-11-14 14:38:00.000000 UTC,46.8751101284
2022-11-14 14:39:00.000000 UTC,41.399973556199996
2022-11-14 14:40:00.000000 UTC,37.1212639746
2022-11-14 14:41:00.000000 UTC,33.6567220902
2022-11-14 14:42:00.000000 UTC,31.5917639444
2022-11-14 14:43:00.000000 UTC,30.1321433076
2022-11-14 14:44:00.000000 UTC,31.019315252400002
2022-11-14 14:45:00.000000 UTC,30.4265282654
2022-11-14 14:46:00.000000 UTC,31.1833456778
2022-11-14 14:47:00.000000 UTC,30.959402540400003
2022-11-14 14:48:00.000000 UTC,28.703920891400003
2022-11-14 14:49:00.000000 UTC,26.256239396
2022-11-14 14:50:00.000000 UTC,24.2458074368
2022-11-14 14:51:00.000000 UTC,22.840171692200002
2022-11-14 14:52:00.000000 UTC,22.613648908
2022-11-14 14:53:00.000000 UTC,22.6723604906
2022-11-14 14:54:00.000000 UTC,22.192466683400003
2022-11-14 14:55:00.000000 UTC,20.8442035042
2022-11-14 14:56:00.000000 UTC,20.383172569400003
2022-11-14 14:57:00.000000 UTC,19.475732904599997
2022-11-14 14:58:00.000000 UTC,18.207673369400002
2022-11-14 14:59:00.000000 UTC,18.5338971326
2022-11-14 15:00:00.000000 UTC,21.3342415296
2022-11-14 15:01:00.000000 UTC,22.406284334400002
2022-11-14 15:02:00.000000 UTC,19.615339513400002
2022-11-14 15:03:00.000000 UTC,19.880645764
2022-11-14 15:04:00.000000 UTC,18.719360951
2022-11-14 15:05:00.000000 UTC,19.523429765400003
2022-11-14 15:06:00.000000 UTC,20.5976612778
2022-11-14 15:07:00.000000 UTC,21.7549808384
2022-11-14 15:08:00.000000 UTC,22.3604878136
2022-11-14 15:09:00.000000 UTC,21.4852793066
2022-11-14 15:10:00.000000 UTC,20.709376490599997
2022-11-14 15:11:00.000000 UTC,20.0367567864
2022-11-14 15:12:00.000000 UTC,19.201895840200002
2022-11-14 15:13:00.000000 UTC,18.5084288296
2022-11-14 15:14:00.000000 UTC,18.3695977048
2022-11-14 15:15:00.000000 UTC,18.3270257352
2022-11-14 15:16:00.000000 UTC,18.290009763
2022-11-14 15:17:00.000000 UTC,18.4071616196
2022-11-14 15:18:00.000000 UTC,19.138015929599998
2022-11-14 15:19:00.000000 UTC,19.403618226200003
2022-11-14 15:20:00.000000 UTC,18.834588704799998
2022-11-14 15:21:00.000000 UTC,18.98529439425
2022-11-14 15:22:00.000000 UTC,20.007133792
2022-11-14 15:23:00.000000 UTC,20.2877559318
2022-11-14 15:24:00.000000 UTC,19.250471396200002
2022-11-14 15:25:00.000000 UTC,19.4269401958
2022-11-14 15:26:00.000000 UTC,19.225842625400002
2022-11-14 15:27:00.000000 UTC,18.6815647158
2022-11-14 15:28:00.000000 UTC,20.4582984954
2022-11-14 15:29:00.000000 UTC,20.8893063646
2022-11-14 15:30:00.000000 UTC,22.236306423
2022-11-14 15:31:00.000000 UTC,23.7042114742
2022-11-14 15:32:00.000000 UTC,23.787234695
2022-11-14 15:33:00.000000 UTC,22.3150770156
2022-11-14 15:34:00.000000 UTC,21.327587383599997
2022-11-14 15:35:00.000000 UTC,20.3469676368
2022-11-14 15:36:00.000000 UTC,19.0471992774
2022-11-14 15:37:00.000000 UTC,18.181100940599997
2022-11-14 15:38:00.000000 UTC,18.1249621924
2022-11-14 15:39:00.000000 UTC,17.5913206486
2022-11-14 15:40:00.000000 UTC,17.8974913128
2022-11-14 15:41:00.000000 UTC,18.066291592
2022-11-14 15:42:00.000000 UTC,18.5572505634
2022-11-14 15:43:00.000000 UTC,18.565825233400002
2022-11-14 15:44:00.000000 UTC,18.611338348
2022-11-14 15:45:00.000000 UTC,17.9518798746
2022-11-14 15:46:00.000000 UTC,19.292134356
2022-11-14 15:47:00.000000 UTC,18.9351508418
2022-11-14 15:48:00.000000 UTC,17.8929632772
2022-11-14 15:49:00.000000 UTC,18.114065082
2022-11-14 15:50:00.000000 UTC,18.751925297400003
2022-11-14 15:51:00.000000 UTC,18.464475174
2022-11-14 15:52:00.000000 UTC,20.2688631276
2022-11-14 15:53:00.000000 UTC,19.046616121
2022-11-14 15:54:00.000000 UTC,18.962242031
2022-11-14 15:55:00.000000 UTC,18.554675071200002
2022-11-14 15:56:00.000000 UTC,19.717966241400003
2022-11-14 15:57:00.000000 UTC,18.253631557200002
2022-11-14 15:58:00.000000 UTC,19.045760177
2022-11-14 15:59:00.000000 UTC,18.180240115
2022-11-14 16:00:00.000000 UTC,18.769496539400002
2022-11-14 16:01:00.000000 UTC,18.6677734898
2022-11-14 16:02:00.000000 UTC,18.987614494
2022-11-14 16:03:00.000000 UTC,18.575998925599997
2022-11-14 16:04:00.000000 UTC,18.227617916
2022-11-14 16:05:00.000000 UTC,19.2770852456
2022-11-14 16:06:00.000000 UTC,19.1919475558
2022-11-14 16:07:00.000000 UTC,19.231166318
2022-11-14 16:08:00.000000 UTC,18.5105968232
2022-11-14 16:09:00.000000 UTC,18.4191231
2022-11-14 16:10:00.000000 UTC,18.2215145904
2022-11-14 16:11:00.000000 UTC,18.2124685866
2022-11-14 16:12:00.000000 UTC,19.5098237896
2022-11-14 16:13:00.000000 UTC,18.6097364694
2022-11-14 16:14:00.000000 UTC,19.8754124578
2022-11-14 16:15:00.000000 UTC,19.719601560799997
2022-11-14 16:16:00.000000 UTC,20.042914325
2022-11-14 16:17:00.000000 UTC,22.470485317799998
2022-11-14 16:18:00.000000 UTC,23.025170561
2022-11-14 16:19:00.000000 UTC,23.7941987234
2022-11-14 16:20:00.000000 UTC,24.5894817382
2022-11-14 16:21:00.000000 UTC,24.066039503200003
2022-11-14 16:22:00.000000 UTC,21.7640586672
2022-11-14 16:23:00.000000 UTC,20.5123859978
2022-11-14 16:24:00.000000 UTC,19.518490827599997
2022-11-14 16:25:00.000000 UTC,18.3523363504
2022-11-14 16:26:00.000000 UTC,19.303003102799998
2022-11-14 16:27:00.000000 UTC,18.615739426
2022-11-14 16:28:00.000000 UTC,18.4569391802
2022-11-14 16:29:00.000000 UTC,17.5080644866
2022-11-14 16:30:00.000000 UTC,19.920935116400003
2022-11-14 16:31:00.000000 UTC,21.327538798
2022-11-14 16:32:00.000000 UTC,22.2108600256
2022-11-14 16:33:00.000000 UTC,23.107964948
2022-11-14 16:34:00.000000 UTC,21.9174500956
2022-11-14 16:35:00.000000 UTC,21.4198755892
2022-11-14 16:36:00.000000 UTC,20.6632299096
2022-11-14 16:37:00.000000 UTC,20.213410410599998
2022-11-14 16:38:00.000000 UTC,20.320141911599997
2022-11-14 16:39:00.000000 UTC,19.197899848400002
2022-11-14 16:40:00.000000 UTC,17.903061791400003
2022-11-14 16:41:00.000000 UTC,17.92183883
2022-11-14 16:42:00.000000 UTC,18.655655839599998
2022-11-14 16:43:00.000000 UTC,18.3030477746
2022-11-14 16:44:00.000000 UTC,17.7667899788
2022-11-14 16:45:00.000000 UTC,18.2254585532
2022-11-14 16:46:00.000000 UTC,17.9411814676
2022-11-14 16:47:00.000000 UTC,18.141216455400002
2022-11-14 16:48:00.000000 UTC,17.6842169466
2022-11-14 16:49:00.000000 UTC,17.433859038
2022-11-14 16:50:00.000000 UTC,16.6545187412
2022-11-14 16:51:00.000000 UTC,16.881712215
2022-11-14 16:52:00.000000 UTC,16.335170111
2022-11-14 16:53:00.000000 UTC,17.1003374486
2022-11-14 16:54:00.000000 UTC,15.9782425556
2022-11-14 16:55:00.000000 UTC,15.69513243
2022-11-14 16:56:00.000000 UTC,16.0024986986
2022-11-14 16:57:00.000000 UTC,16.1757665066
2022-11-14 16:58:00.000000 UTC,15.401166913600001
2022-11-14 16:59:00.000000 UTC,16.235099734200002
2022-11-14 17:00:00.000000 UTC,16.870840275
2022-11-14 17:01:00.000000 UTC,17.8881823838
2022-11-14 17:02:00.000000 UTC,17.4041641934
2022-11-14 17:03:00.000000 UTC,16.7107104606
2022-11-14 17:04:00.000000 UTC,16.4300160414
2022-11-14 17:05:00.000000 UTC,16.4068798262
2022-11-14 17:06:00.000000 UTC,17.402524963599998
2022-11-14 17:07:00.000000 UTC,17.1802520908
2022-11-14 17:08:00.000000 UTC,16.9332270726
2022-11-14 17:09:00.000000 UTC,16.7721870528
2022-11-14 17:10:00.000000 UTC,17.534794017
2022-11-14 17:11:00.000000 UTC,17.0288904238
2022-11-14 17:12:00.000000 UTC,16.798810277
2022-11-14 17:13:00.000000 UTC,17.6251905132
2022-11-14 17:14:00.000000 UTC,17.7216032418
2022-11-14 17:15:00.000000 UTC,17.9662984892
2022-11-14 17:16:00.000000 UTC,17.833519070799998
2022-11-14 17:17:00.000000 UTC,18.5384238688
2022-11-14 17:18:00.000000 UTC,17.609233704
2022-11-14 17:19:00.000000 UTC,17.8017549922
2022-11-14 17:20:00.000000 UTC,17.695041986400003
2022-11-14 17:21:00.000000 UTC,17.9375701526
2022-11-14 17:22:00.000000 UTC,17.9795861378
2022-11-14 17:23:00.000000 UTC,17.935562586
2022-11-14 17:24:00.000000 UTC,17.219079530200002
2022-11-14 17:25:00.000000 UTC,17.4630451584
2022-11-14 17:26:00.000000 UTC,18.28389963
2022-11-14 17:27:00.000000 UTC,17.4010295854
2022-11-14 17:28:00.000000 UTC,17.250852000400002
2022-11-14 17:29:00.000000 UTC,17.2256660858
2022-11-14 17:30:00.000000 UTC,17.9089997968
2022-11-14 17:31:00.000000 UTC,18.3983577638
2022-11-14 17:32:00.000000 UTC,17.761620829
2022-11-14 17:33:00.000000 UTC,18.0461346604
2022-11-14 17:34:00.000000 UTC,18.050514594400003
2022-11-14 17:35:00.000000 UTC,18.261152097
2022-11-14 17:36:00.000000 UTC,18.129793702599997
2022-11-14 17:37:00.000000 UTC,19.3435120144
2022-11-14 17:38:00.000000 UTC,18.538461016
2022-11-14 17:39:00.000000 UTC,18.293504908
2022-11-14 17:40:00.000000 UTC,18.2713873596
2022-11-14 17:41:00.000000 UTC,18.051524097
2022-11-14 17:42:00.000000 UTC,17.8158610612
2022-11-14 17:43:00.000000 UTC,18.4315494516
2022-11-14 17:44:00.000000 UTC,17.4333781836
2022-11-14 17:45:00.000000 UTC,17.6873444502
2022-11-14 17:46:00.000000 UTC,18.3911586718
2022-11-14 17:47:00.000000 UTC,18.252972303
2022-11-14 17:48:00.000000 UTC,17.7823362962
2022-11-14 17:49:00.000000 UTC,18.1123184402
2022-11-14 17:50:00.000000 UTC,17.8964368908
2022-11-14 17:51:00.000000 UTC,18.3317611496
2022-11-14 17:52:00.000000 UTC,18.3205432048
2022-11-14 17:53:00.000000 UTC,18.7168884935
2022-11-14 17:54:00.000000 UTC,19.1909390468
2022-11-14 17:55:00.000000 UTC,18.649353174599998
2022-11-14 17:56:00.000000 UTC,17.8533190642
2022-11-14 17:57:00.000000 UTC,18.0337009412
2022-11-14 17:58:00.000000 UTC,18.760474818200002
2022-11-14 17:59:00.000000 UTC,18.880313584
2022-11-14 18:00:00.000000 UTC,19.5991380756
2022-11-14 18:01:00.000000 UTC,22.5232044138
2022-11-14 18:02:00.000000 UTC,22.721503312400003
2022-11-14 18:03:00.000000 UTC,21.018771826
2022-11-14 18:04:00.000000 UTC,19.912237000599998
2022-11-14 18:05:00.000000 UTC,19.6457721918
2022-11-14 18:06:00.000000 UTC,19.0650354692
2022-11-14 18:07:00.000000 UTC,19.4774805566
2022-11-14 18:08:00.000000 UTC,17.909706373400002
2022-11-14 18:09:00.000000 UTC,18.300763168400003
2022-11-14 18:10:00.000000 UTC,17.8387130068
2022-11-14 18:11:00.000000 UTC,18.1785924286
2022-11-14 18:12:00.000000 UTC,18.955243937400002
2022-11-14 18:13:00.000000 UTC,18.4778129582
2022-11-14 18:14:00.000000 UTC,18.038775613
2022-11-14 18:15:00.000000 UTC,18.08819062
2022-11-14 18:16:00.000000 UTC,18.148708974799998
2022-11-14 18:17:00.000000 UTC,17.6131538766
2022-11-14 18:18:00.000000 UTC,19.057991929
2022-11-14 18:19:00.000000 UTC,19.324455794200002
2022-11-14 18:20:00.000000 UTC,18.9871846202
2022-11-14 18:21:00.000000 UTC,18.4701482862
2022-11-14 18:22:00.000000 UTC,18.239127145
2022-11-14 18:23:00.000000 UTC,18.827762419
2022-11-14 18:24:00.000000 UTC,18.65032795
2022-11-14 18:25:00.000000 UTC,18.268440238
2022-11-14 18:26:00.000000 UTC,19.1223648974
2022-11-14 18:27:00.000000 UTC,18.9022777862
2022-11-14 18:28:00.000000 UTC,18.3123047592
2022-11-14 18:29:00.000000 UTC,18.369001604
2022-11-14 18:30:00.000000 UTC,19.8325639462
2022-11-14 18:31:00.000000 UTC,20.228100974
2022-11-14 18:32:00.000000 UTC,20.38250032
2022-11-14 18:33:00.000000 UTC,19.675399118
2022-11-14 18:34:00.000000 UTC,18.9656203922
2022-11-14 18:35:00.000000 UTC,19.040857498
2022-11-14 18:36:00.000000 UTC,18.3016289332
2022-11-14 18:37:00.000000 UTC,19.158472211
2022-11-14 18:38:00.000000 UTC,17.8560483808
2022-11-14 18:39:00.000000 UTC,18.926304356400003
2022-11-14 18:40:00.000000 UTC,22.6990650914
2022-11-14 18:41:00.000000 UTC,20.2965688022
2022-11-14 18:42:00.000000 UTC,19.6234291356
2022-11-14 18:43:00.000000 UTC,18.6362741968
2022-11-14 18:44:00.000000 UTC,18.6627071946
2022-11-14 18:45:00.000000 UTC,19.0730911846
2022-11-14 18:46:00.000000 UTC,19.513198238
2022-11-14 18:47:00.000000 UTC,19.4443732414
2022-11-14 18:48:00.000000 UTC,18.7936044572
2022-11-14 18:49:00.000000 UTC,18.2135363354
2022-11-14 18:50:00.000000 UTC,18.591100250599997
2022-11-14 18:51:00.000000 UTC,19.093547840400003
2022-11-14 18:52:00.000000 UTC,18.2667891092
2022-11-14 18:53:00.000000 UTC,18.5255232526
2022-11-14 18:54:00.000000 UTC,17.8787347162
2022-11-14 18:55:00.000000 UTC,17.8225424042
2022-11-14 18:56:00.000000 UTC,17.950708909400003
2022-11-14 18:57:00.000000 UTC,18.381498922200002
2022-11-14 18:58:00.000000 UTC,18.549811952
2022-11-14 18:59:00.000000 UTC,17.8396699542
2022-11-14 19:00:00.000000 UTC,19.103603055
2022-11-14 19:01:00.000000 UTC,21.267856519
2022-11-14 19:02:00.000000 UTC,20.50086992
2022-11-14 19:03:00.000000 UTC,19.419884311599997
2022-11-14 19:04:00.000000 UTC,18.7512046894
2022-11-14 19:05:00.000000 UTC,18.6643048082
2022-11-14 19:06:00.000000 UTC,19.1431079354
2022-11-14 19:07:00.000000 UTC,18.3555928518
2022-11-14 19:08:00.000000 UTC,18.6368863722
2022-11-14 19:09:00.000000 UTC,18.169036193
2022-11-14 19:10:00.000000 UTC,18.1572825732
2022-11-14 19:11:00.000000 UTC,17.723414001
2022-11-14 19:12:00.000000 UTC,18.2978704732
2022-11-14 19:13:00.000000 UTC,18.912823967599998
2022-11-14 19:14:00.000000 UTC,18.3901879418
2022-11-14 19:15:00.000000 UTC,18.5748701668
2022-11-14 19:16:00.000000 UTC,18.6447606608
2022-11-14 19:17:00.000000 UTC,18.477103619799998
2022-11-14 19:18:00.000000 UTC,19.260786247200002
2022-11-14 19:19:00.000000 UTC,20.070121526799998
2022-11-14 19:20:00.000000 UTC,20.6229883882
2022-11-14 19:21:00.000000 UTC,23.0105100602
2022-11-14 19:22:00.000000 UTC,21.2528706722
2022-11-14 19:23:00.000000 UTC,19.335597701599998
2022-11-14 19:24:00.000000 UTC,18.5045814088
2022-11-14 19:25:00.000000 UTC,18.1171059886
2022-11-14 19:26:00.000000 UTC,18.8462927076
2022-11-14 19:27:00.000000 UTC,18.4487581018
2022-11-14 19:28:00.000000 UTC,17.943757251
2022-11-14 19:29:00.000000 UTC,18.2512183772
2022-11-14 19:30:00.000000 UTC,18.629446135
2022-11-14 19:31:00.000000 UTC,18.7355585144
2022-11-14 19:32:00.000000 UTC,18.8840426762
2022-11-14 19:33:00.000000 UTC,18.7807232512
2022-11-14 19:34:00.000000 UTC,18.146027775
2022-11-14 19:35:00.000000 UTC,19.0352499512
2022-11-14 19:36:00.000000 UTC,19.216426468599998
2022-11-14 19:37:00.000000 UTC,19.8341524736
2022-11-14 19:38:00.000000 UTC,18.709030949
2022-11-14 19:39:00.000000 UTC,18.642920615
2022-11-14 19:40:00.000000 UTC,18.0894107598
2022-11-14 19:41:00.000000 UTC,18.7830435812
2022-11-14 19:42:00.000000 UTC,19.1053345206
2022-11-14 19:43:00.000000 UTC,18.112896759
2022-11-14 19:44:00.000000 UTC,19.0102659858
2022-11-14 19:45:00.000000 UTC,21.7698938344
2022-11-14 19:46:00.000000 UTC,23.163412212599997
2022-11-14 19:47:00.000000 UTC,23.882944562400002
2022-11-14 19:48:00.000000 UTC,23.223482439599998
2022-11-14 19:49:00.000000 UTC,22.5159600094
2022-11-14 19:50:00.000000 UTC,23.5629875556
2022-11-14 19:51:00.000000 UTC,23.857038629
2022-11-14 19:52:00.000000 UTC,22.7700981582
2022-11-14 19:53:00.000000 UTC,21.4637627432
2022-11-14 19:54:00.000000 UTC,21.34664257875
2022-11-14 19:55:00.000000 UTC,22.3674907606
2022-11-14 19:56:00.000000 UTC,22.75049648525
2022-11-14 19:57:00.000000 UTC,25.084271605
2022-11-14 19:58:00.000000 UTC,23.6479239086
2022-11-14 19:59:00.000000 UTC,23.5012238328
2022-11-14 20:00:00.000000 UTC,22.4572073776
2022-11-14 20:01:00.000000 UTC,24.1819106748
2022-11-14 20:02:00.000000 UTC,22.5559487876
2022-11-14 20:03:00.000000 UTC,21.0516828086
2022-11-14 20:04:00.000000 UTC,20.277025606
2022-11-14 20:05:00.000000 UTC,19.248383172
2022-11-14 20:06:00.000000 UTC,19.0144313506
2022-11-14 20:07:00.000000 UTC,18.88580806
2022-11-14 20:08:00.000000 UTC,18.3772819048
2022-11-14 20:09:00.000000 UTC,18.828602244200003
2022-11-14 20:10:00.000000 UTC,19.713649036
2022-11-14 20:11:00.000000 UTC,19.4294346188
2022-11-14 20:12:00.000000 UTC,19.3404994952
2022-11-14 20:13:00.000000 UTC,19.634749577
2022-11-14 20:14:00.000000 UTC,20.400562598
2022-11-14 20:15:00.000000 UTC,19.630566383799998
2022-11-14 20:16:00.000000 UTC,19.4801942848
2022-11-14 20:17:00.000000 UTC,18.8856979014
2022-11-14 20:18:00.000000 UTC,18.48058644975
2022-11-14 20:19:00.000000 UTC,19.567571722599997
2022-11-14 20:20:00.000000 UTC,18.311404824599997
2022-11-14 20:21:00.000000 UTC,17.6663447382
2022-11-14 20:22:00.000000 UTC,18.247191648799998
2022-11-14 20:23:00.000000 UTC,18.2224838532
2022-11-14 20:24:00.000000 UTC,18.718801646
2022-11-14 20:25:00.000000 UTC,18.9797802532
2022-11-14 20:26:00.000000 UTC,19.844899086
2022-11-14 20:27:00.000000 UTC,18.560913313
2022-11-14 20:28:00.000000 UTC,18.219147503400002
2022-11-14 20:29:00.000000 UTC,17.706544386
2022-11-14 20:30:00.000000 UTC,18.4254738188
2022-11-14 20:31:00.000000 UTC,18.342944729400003
2022-11-14 20:32:00.000000 UTC,18.0415279846
2022-11-14 20:33:00.000000 UTC,18.0646901342
2022-11-14 20:34:00.000000 UTC,17.6598899684
2022-11-14 20:35:00.000000 UTC,16.7000646164
2022-11-14 20:36:00.000000 UTC,17.0957878914
2022-11-14 20:37:00.000000 UTC,19.020790289
2022-11-14 20:38:00.000000 UTC,18.9647810222
2022-11-14 20:39:00.000000 UTC,18.1211780196
2022-11-14 20:40:00.000000 UTC,18.5110251156
2022-11-14 20:41:00.000000 UTC,18.440985152
2022-11-14 20:42:00.000000 UTC,20.8353323044
2022-11-14 20:43:00.000000 UTC,19.9502237118
2022-11-14 20:44:00.000000 UTC,17.7894361838
2022-11-14 20:45:00.000000 UTC,18.731885255
2022-11-14 20:46:00.000000 UTC,19.9461248152
2022-11-14 20:47:00.000000 UTC,18.4538493132
2022-11-14 20:48:00.000000 UTC,20.8945598614
2022-11-14 20:49:00.000000 UTC,19.828888894200002
2022-11-14 20:50:00.000000 UTC,18.3744080466
2022-11-14 20:51:00.000000 UTC,18.666846437599997
2022-11-14 20:52:00.000000 UTC,18.7348526228
2022-11-14 20:53:00.000000 UTC,18.237039746599997
2022-11-14 20:54:00.000000 UTC,17.548970779599998
2022-11-14 20:55:00.000000 UTC,17.3873460952
2022-11-14 20:56:00.000000 UTC,17.1355911418
2022-11-14 20:57:00.000000 UTC,16.2204628788
2022-11-14 20:58:00.000000 UTC,17.0913940356
2022-11-14 20:59:00.000000 UTC,17.265918806400002
2022-11-14 21:00:00.000000 UTC,17.1935967514
2022-11-14 21:01:00.000000 UTC,19.531975748
2022-11-14 21:02:00.000000 UTC,28.338884181599997
2022-11-14 21:03:00.000000 UTC,44.9490560884
2022-11-14 21:04:00.000000 UTC,44.1292831728
2022-11-14 21:05:00.000000 UTC,42.456060820199994
2022-11-14 21:06:00.000000 UTC,36.182206562
2022-11-14 21:07:00.000000 UTC,32.0169327154
2022-11-14 21:08:00.000000 UTC,28.545380446
2022-11-14 21:09:00.000000 UTC,29.4538864834
2022-11-14 21:10:00.000000 UTC,25.1643477608
2022-11-14 21:11:00.000000 UTC,21.5536720208
2022-11-14 21:12:00.000000 UTC,19.720751364
2022-11-14 21:13:00.000000 UTC,18.845088923
2022-11-14 21:14:00.000000 UTC,18.605063937599997
2022-11-14 21:15:00.000000 UTC,18.417476025400003
2022-11-14 21:16:00.000000 UTC,18.638608640799998
2022-11-14 21:17:00.000000 UTC,17.800295978599998
2022-11-14 21:18:00.000000 UTC,17.0049004454
2022-11-14 21:19:00.000000 UTC,16.8843685808
2022-11-14 21:20:00.000000 UTC,16.0552536324
2022-11-14 21:21:00.000000 UTC,16.568572789
2022-11-14 21:22:00.000000 UTC,16.490219192
2022-11-14 21:23:00.000000 UTC,15.846206314
2022-11-14 21:24:00.000000 UTC,16.1401693364
2022-11-14 21:25:00.000000 UTC,15.9489189356
2022-11-14 21:26:00.000000 UTC,16.3036549694
2022-11-14 21:27:00.000000 UTC,16.155178054
2022-11-14 21:28:00.000000 UTC,16.7232279334
2022-11-14 21:29:00.000000 UTC,16.728457163399998
2022-11-14 21:30:00.000000 UTC,18.269469903
2022-11-14 21:31:00.000000 UTC,19.3248784002
2022-11-14 21:32:00.000000 UTC,17.853919450400003
2022-11-14 21:33:00.000000 UTC,17.272014118599998
2022-11-14 21:34:00.000000 UTC,18.1601108946
2022-11-14 21:35:00.000000 UTC,17.776559763
2022-11-14 21:36:00.000000 UTC,17.7177079748
2022-11-14 21:37:00.000000 UTC,17.35689252
2022-11-14 21:38:00.000000 UTC,17.5021205726
2022-11-14 21:39:00.000000 UTC,16.4692817844
2022-11-14 21:40:00.000000 UTC,16.2057346614
2022-11-14 21:41:00.000000 UTC,16.4734224188
2022-11-14 21:42:00.000000 UTC,17.580802729400002
2022-11-14 21:43:00.000000 UTC,18.0648567034
2022-11-14 21:44:00.000000 UTC,17.605251355
2022-11-14 21:45:00.000000 UTC,18.324647627
2022-11-14 21:46:00.000000 UTC,17.296122265599998
2022-11-14 21:47:00.000000 UTC,17.0720433092
2022-11-14 21:48:00.000000 UTC,16.6548024036
2022-11-14 21:49:00.000000 UTC,16.8552938014
2022-11-14 21:50:00.000000 UTC,15.893312282
2022-11-14 21:51:00.000000 UTC,15.7809317502
2022-11-14 21:52:00.000000 UTC,15.5365694292
2022-11-14 21:53:00.000000 UTC,15.7308352408
2022-11-14 21:54:00.000000 UTC,15.677399854799999
2022-11-14 21:55:00.000000 UTC,16.5159838014
2022-11-14 21:56:00.000000 UTC,15.8987856754
2022-11-14 21:57:00.000000 UTC,16.2907657596
2022-11-14 21:58:00.000000 UTC,15.4760436582
2022-11-14 21:59:00.000000 UTC,15.5504511748
2022-11-14 22:00:00.000000 UTC,16.9633580112
2022-11-14 22:01:00.000000 UTC,17.398041649
2022-11-14 22:02:00.000000 UTC,16.7195801656
2022-11-14 22:03:00.000000 UTC,16.790300815
2022-11-14 22:04:00.000000 UTC,16.176553687
2022-11-14 22:05:00.000000 UTC,16.0637054858
2022-11-14 22:06:00.000000 UTC,15.468328234200001
2022-11-14 22:07:00.000000 UTC,15.156159085399999
2022-11-14 22:08:00.000000 UTC,14.79455587
2022-11-14 22:09:00.000000 UTC,14.3787683862
2022-11-14 22:10:00.000000 UTC,14.404031205799999
2022-11-14 22:11:00.000000 UTC,14.897869465600001
2022-11-14 22:12:00.000000 UTC,15.183812157
2022-11-14 22:13:00.000000 UTC,14.7030418644
2022-11-14 22:14:00.000000 UTC,14.139717758200002
2022-11-14 22:15:00.000000 UTC,14.6007732328
2022-11-14 22:16:00.000000 UTC,13.9186512624
2022-11-14 22:17:00.000000 UTC,13.6260092896
2022-11-14 22:18:00.000000 UTC,13.466402001399999
2022-11-14 22:19:00.000000 UTC,13.3669557856
2022-11-14 22:20:00.000000 UTC,14.9729594626
2022-11-14 22:21:00.000000 UTC,14.189842795399999
2022-11-14 22:22:00.000000 UTC,13.946069462399999
2022-11-14 22:23:00.000000 UTC,13.824247512
2022-11-14 22:24:00.000000 UTC,14.1361544054
2022-11-14 22:25:00.000000 UTC,16.360209348399998
2022-11-14 22:26:00.000000 UTC,16.1269459212
2022-11-14 22:27:00.000000 UTC,17.6749680452
2022-11-14 22:28:00.000000 UTC,17.1085955498
2022-11-14 22:29:00.000000 UTC,16.185310452
2022-11-14 22:30:00.000000 UTC,17.3099820672
2022-11-14 22:31:00.000000 UTC,18.6434398598
2022-11-14 22:32:00.000000 UTC,18.7439845948
2022-11-14 22:33:00.000000 UTC,18.8539545268
2022-11-14 22:34:00.000000 UTC,18.027173214799998
2022-11-14 22:35:00.000000 UTC,18.396459643
2022-11-14 22:36:00.000000 UTC,18.0045756892
2022-11-14 22:37:00.000000 UTC,18.3575946212
2022-11-14 22:38:00.000000 UTC,19.595310615200003
2022-11-14 22:39:00.000000 UTC,19.0016558546
2022-11-14 22:40:00.000000 UTC,18.808131903400003
2022-11-14 22:41:00.000000 UTC,18.245684391599998
2022-11-14 22:42:00.000000 UTC,22.2100756932
2022-11-14 22:43:00.000000 UTC,26.9947753732
2022-11-14 22:44:00.000000 UTC,24.5116085266
2022-11-14 22:45:00.000000 UTC,21.4996585344
2022-11-14 22:46:00.000000 UTC,20.918028782599997
2022-11-14 22:47:00.000000 UTC,24.9507784648
2022-11-14 22:48:00.000000 UTC,23.1387111412
2022-11-14 22:49:00.000000 UTC,21.114895959
2022-11-14 22:50:00.000000 UTC,19.3685086404
2022-11-14 22:51:00.000000 UTC,17.7279547036
2022-11-14 22:52:00.000000 UTC,19.360680536599997
2022-11-14 22:53:00.000000 UTC,18.5928440286
2022-11-14 22:54:00.000000 UTC,17.030950751
2022-11-14 22:55:00.000000 UTC,16.70772075775
2022-11-14 22:56:00.000000 UTC,16.7946201532
2022-11-14 22:57:00.000000 UTC,17.5955155576
2022-11-14 22:58:00.000000 UTC,16.564653106
2022-11-14 22:59:00.000000 UTC,16.9803830496
2022-11-14 23:00:00.000000 UTC,17.281374138
2022-11-14 23:01:00.000000 UTC,16.8637795584
2022-11-14 23:02:00.000000 UTC,16.0843651488
2022-11-14 23:03:00.000000 UTC,15.609942311200001
2022-11-14 23:04:00.000000 UTC,15.843788947
2022-11-14 23:05:00.000000 UTC,16.3883808344
2022-11-14 23:06:00.000000 UTC,16.8722258952
2022-11-14 23:07:00.000000 UTC,17.291027844
2022-11-14 23:08:00.000000 UTC,17.5199354148
2022-11-14 23:09:00.000000 UTC,16.746783532200002
2022-11-14 23:10:00.000000 UTC,16.3582121394
2022-11-14 23:11:00.000000 UTC,16.112902334
2022-11-14 23:12:00.000000 UTC,15.623434320600001
2022-11-14 23:13:00.000000 UTC,15.826291289799999
2022-11-14 23:14:00.000000 UTC,15.568216023
2022-11-14 23:15:00.000000 UTC,16.2403039126
2022-11-14 23:16:00.000000 UTC,18.30758152
2022-11-14 23:17:00.000000 UTC,17.791188713599997
2022-11-14 23:18:00.000000 UTC,17.917287654
2022-11-14 23:19:00.000000 UTC,18.722491126
2022-11-14 23:20:00.000000 UTC,18.204202724599998
2022-11-14 23:21:00.000000 UTC,17.405635284200002
2022-11-14 23:22:00.000000 UTC,17.0203992778
2022-11-14 23:23:00.000000 UTC,17.278261052799998
2022-11-14 23:24:00.000000 UTC,16.667866979
2022-11-14 23:25:00.000000 UTC,15.999740515200001
2022-11-14 23:26:00.000000 UTC,15.8515826186
2022-11-14 23:27:00.000000 UTC,15.706441636200001
2022-11-14 23:28:00.000000 UTC,16.2927594728
2022-11-14 23:29:00.000000 UTC,15.921827626799999
2022-11-14 23:30:00.000000 UTC,17.6844055898
2022-11-14 23:31:00.000000 UTC,24.4930352432
2022-11-14 23:32:00.000000 UTC,36.1734953356
2022-11-14 23:33:00.000000 UTC,50.131692279199996
2022-11-14 23:34:00.000000 UTC,65.9218649932
2022-11-14 23:35:00.000000 UTC,83.98844253819999
2022-11-14 23:36:00.000000 UTC,95.7802285838
2022-11-14 23:37:00.000000 UTC,97.2201047346
2022-11-14 23:38:00.000000 UTC,95.037553381800009
2022-11-14 23:39:00.000000 UTC,87.4784963564
2022-11-14 23:40:00.000000 UTC,80.4939733144
2022-11-14 23:41:00.000000 UTC,71.6585628988
2022-11-14 23:42:00.000000 UTC,66.345015724
2022-11-14 23:43:00.000000 UTC,65.5061786058
2022-11-14 23:44:00.000000 UTC,59.748814374199995
2022-11-14 23:45:00.000000 UTC,56.77964381125
2022-11-14 23:46:00.000000 UTC,53.8974805028
2022-11-14 23:47:00.000000 UTC,47.9524637616
2022-11-14 23:48:00.000000 UTC,41.3711513556
2022-11-14 23:49:00.000000 UTC,36.360392849
2022-11-14 23:50:00.000000 UTC,35.484907776
2022-11-14 23:51:00.000000 UTC,36.06557014775
2022-11-14 23:52:00.000000 UTC,34.2880575052
2022-11-14 23:53:00.000000 UTC,30.234523622
2022-11-14 23:54:00.000000 UTC,27.373973407
2022-11-14 23:55:00.000000 UTC,25.4560668264
2022-11-14 23:56:00.000000 UTC,26.102296928599998
2022-11-14 23:57:00.000000 UTC,29.3947051098
2022-11-14 23:58:00.000000 UTC,40.2145473814
2022-11-14 23:59:00.000000 UTC,40.336994759599996